Handle,Image,price,description
E1312,https://cdn.shopify.com/s/files/1/0649/4820/7797/files/E1312_SUNSHINE_1.png?v=1727408139,499,Head turning strapless belted little red satin dress!
E1391,https://cdn.shopify.com/s/files/1/0649/4820/7797/files/E1391_PURPLE_2.png?v=1727408117,225,"Sweetheart strapless short dress accented with a brooch like embellishment on waist. This dress features a right hand secret pocket. Color: Coral, Pool, V-Lilac Size : 4-24 This special occasion dress is returnable. Please refer to our special occasion dress return policy (click here) for more details.."
E1467,https://cdn.shopify.com/s/files/1/0649/4820/7797/files/E1467_GOLD_3.png?v=1727408149,249,"This glamorous strapless dress radiates luxury with its intricate gold sequins and beaded detailing. The fitted silhouette, combined with shimmering zigzag patterns, creates a dazzling effect that accentuates the figure beautifully. The subtle sparkle of the beads, paired with the elegant gold base, makes this dress perfect for upscale events, cocktail parties, or a red-carpet appearance. Its timeless design and sophisticated embellishments make it a true show-stopper, offering both grace and boldness."
E1502,https://cdn.shopify.com/s/files/1/0649/4820/7797/files/E1502_Claret_1.png?v=1727408090,225,"This floor length, stunning off shoulder dress with chiffon overlay comes in a variety of colors"
E1510,https://cdn.shopify.com/s/files/1/0649/4820/7797/files/E1510_Whiteblue_5.jpg?v=1727407998,299,"Fully bedazzled, off shoulder, one sleeve dress! Beautiful detail on mesh sleeve to give that floating gem appearance! Two colors. Elegant and alluring, this sophisticated cocktail dress by Milano Formals E1510 is ready to shine at any event. You will be fascinated with the shining vivid jeweled embellishments that are stitched all over the dress, including down its long, sheer single sleeve. The curved asymmetric neckline and simple short skirt come together to framed this unforgettable look."
E1544,https://cdn.shopify.com/s/files/1/0649/4820/7797/files/E1544_Black_2.png?v=1727408006,149,"Fully roached strapless cocktail dress with belted accent! Two colors (Black and Red). This short, rouched, strapless  dress has a Zipper closure. The main fabric is Chiffon."
E1573,https://cdn.shopify.com/s/files/1/0649/4820/7797/files/E1573_Peach_4.png?v=1727408020,199,"Short, Strapless, sweetheart neckline pleated chiffon dress"
E1581,https://cdn.shopify.com/s/files/1/0649/4820/7797/files/E1581_Red_1.png?v=1727408031,149,"One shoulder Roached cocktail dress complete with floral accent satin belt. Three colors (Black, Red, Purple). Walk like a goddess in Milano Formals E1581. A one-shoulder party dress fashioned in asymmetrical pleats of chiffon layers creating a tightly fitting bodice and well defined hipline complimenting the fitted mini-skirt. Defining the waistline is a satin waistband with floral accents and embellishment. Perfect for homecoming, date-night or junior-prom."
E1637,https://cdn.shopify.com/s/files/1/0649/4820/7797/files/E1637_BlackNude_2.png?v=1727408026,349,This jawdropping black illusion dress is a showstopper.  The sheer back is accented with a floral design.  The fabric is stretchy to hug all over your curves.
E1696,https://cdn.shopify.com/s/files/1/0649/4820/7797/files/E1696_Black_3.png?v=1727408063,225,This classic sweetheart neckline with sinched waist and long flowing fabric is perfect for any figure
E1890,https://cdn.shopify.com/s/files/1/0649/4820/7797/files/E1890_Black_1.png?v=1727408260,279,Jaw-dropping cocktail dress with fully see-through back accented with floral design. The front bodice is fully bedazzled with sequins.
E1923,https://cdn.shopify.com/s/files/1/0649/4820/7797/files/E1923_Navy_3.jpg?v=1727408230,389,"Turn heads with this royal blue fully beaded halter crop top and floor-length satin skirt.  The skirt has a matching beaded ""belt"" to beautifully tie this set together!"
E1937,https://cdn.shopify.com/s/files/1/0649/4820/7797/files/E1937_Black_1.png?v=1727408239,449,Capture everyones attention with this fully sequin gown.  The illusion slit from the bust down to the floor gives an edgy look.  The back of the dress fastens at the base of the neck connecting the matching illusion fabric.
E1967,https://cdn.shopify.com/s/files/1/0649/4820/7797/files/E1967_Teal_1.png?v=1727408266,399,Feel like a princess in this fully beaded illusion bodice with a halter neckline and full skirt.
E2019,https://cdn.shopify.com/s/files/1/0649/4820/7797/files/E2019_Blue_1.jpg?v=1727408238,499,Get noticed with this fully beaded cocktail dress with zipper enclosure.
E2021,https://cdn.shopify.com/s/files/1/0649/4820/7797/files/E2021_Wine_1.png?v=1727408257,389,"Turn heads with this red fully beaded halter crop top and floor-length taffeta skirt.  The skirt has a matching beaded ""belt"" to beautifully tie this set together!"
E2027,https://cdn.shopify.com/s/files/1/0649/4820/7797/files/E2027_Wine_1.png?v=1727408264,49,"Preen and sashay your way to the top with this gorgeous dress from Milano Formals E2027. Displaying a pop of surprise with its skin toned mesh midriff panel, this piece displays a bateau neckline, closed back and a daintily beaded bodice. Lining its waist is a band of beautifully sewn beadwork, the skirt then flows into a swirly mini hem perfect in showcasing those lovely stilettoes."
E2031,https://cdn.shopify.com/s/files/1/0649/4820/7797/files/E2031_Black_1.png?v=1727408256,149,Elegant yet sexy floor length black dress with illusion slits up the leg and racerback cut will have all eyes on you at your next event.
E2034,https://cdn.shopify.com/s/files/1/0649/4820/7797/files/E2034_Berry_1.png?v=1727408259,249,Look stunning in this vogue cocktail dress by Milano Formals E2034. The dress features a sleeveless crop top with high neckline and a sheer fabric over the sweetheart liner. The fitted bodice is richly decorated in bead embellishments with an open back centered closure. The skirt is highlighted by bead ornate around the band and tapers through the thighs for that figure flatting silhouette. T
E2035,https://cdn.shopify.com/s/files/1/0649/4820/7797/files/E2035_Jet_1.png?v=1727408261,325,"This 2 piece, black, fully beaded crop top and matching skirt combo is perfect for any occasion or night out! "
E2036,https://cdn.shopify.com/s/files/1/0649/4820/7797/files/E2036_Green_3.png?v=1727408269,289,This emerald green keyhole cocktail dress with fully beaded bodice will stand out at any party
E2039,https://cdn.shopify.com/s/files/1/0649/4820/7797/files/E2039_Powder-Blue_1.png?v=1727408264,249,"This ice blue fully beaded 2-piece ensemble gives a ""frozen"" look perfect for any holiday party."
E2042,https://cdn.shopify.com/s/files/1/0649/4820/7797/files/E2042_Wine_1.png?v=1727408275,199,"Walk in glamour and let all heads turn on you in this creation by Milano Formals E2042. The dress showcases a sleeveless scoop neckline with lace ornate that that splays to the front, sides and at the open back centered closure. The fitted bodice features princess seams that flows to the skirt that tapers the thighs and gently flares in floor length hem."
E2046,https://cdn.shopify.com/s/files/1/0649/4820/7797/files/E2046_NAVY_4.jpg?v=1727408254,299,This long dress showcases an off the shoulder with ruched bodice. The full length A-line skirt has slant pockets for that trendy style.
E2053,https://cdn.shopify.com/s/files/1/0649/4820/7797/files/E2053_Peacock_3.png?v=1727408277,499,Dress to impress on your next formal event in this simple but captivating dress by Milano Formals E2053. This dress parades in a sleeveless scooped neckline overlaid by lace embellishments that spreads to the cutouts at the back. The dress is framed with a band where the A-line skirt flourishes to the floor. This Milano Formals dress is sure to give the classic vibe that works for many special occasions.
E2060,https://cdn.shopify.com/s/files/1/0649/4820/7797/files/E2060_Midnight_3.png?v=1727408276,349,Make your presence known with this elegant bedazzled Milano Formals E2060 piece. This alluring gown features a halter top neckline speckled with meticulously woven geometric beads on a skin-tone bodice. Midriff cutouts are immaculately displayed on the gown to add a flirty feel to the overall look. The beaded waistband wraps around the its silhouette as it flawlessly transitions into the sexy open back. Cease from sharing the spotlight with this Milano Formals beaded gown.
E2072,https://cdn.shopify.com/s/files/1/0649/4820/7797/files/E2072_Black_1.png?v=1727408271,349,Look beautifully elegant in this floor-length gown with a crocheted lace overlay.
E2075,https://cdn.shopify.com/s/files/1/0649/4820/7797/files/E2075_Midnight_1.png?v=1727408271,299,"This two-piece ensemble is sure to turn heads with its fully beaded halter style top and matching beaded belt sewn onto the skirt! Render your girlfriends speechless with this elaborately designed Milano Formals E2075 two-piece cocktail dress. Speak volumes of sassiness with this ensemble\x92s high halter neckline, sexy crop top cut and flowy Mikado flare skirt. Its chevron patterned bodice is meticulously encrusted with dazzling beads that reflects the light at every turn. The iridescent beadwork is also mirrored on both neck and waistband details."
E2080,https://cdn.shopify.com/s/files/1/0649/4820/7797/files/E2080_Black_5.png?v=1727408430,225,Appear tailored to perfection with this Milano Formal E2080 go-to black dress with a twist. This gown flaunts a modest scoop neckline and closed back. Its sexy twist is showcased by the bejeweled straps exposed by its sexy midriff cutouts and its form-hugging silhouette
E2081,https://cdn.shopify.com/s/files/1/0649/4820/7797/files/E2081_Navy_1.jpg?v=1727408390,149,This stunner showcases a modest bateau neckline that transitions to a sexy V-shaped open back. Highlighting its silhouette are the creatively ruched detail that accentuates the waistline and the seamless tapering of its satin fabric to form a lovely fitted shape.
E2101,https://cdn.shopify.com/s/files/1/0649/4820/7797/files/E2101_Wine_1.png?v=1727408426,199,"Unleash the vixen in you with this flattering jersey evening dress by Milano Formals 2101. Sexy yet classy, this piece has a halter neckline and racer open back for that much-needed oomph. The bodice has a stunning midriff cutout that slowly transitions to its ribbon banded waist. The fitted skirt flows down flawlessly to a sweep of train"
E2107,https://cdn.shopify.com/s/files/1/0649/4820/7797/files/E2107_Navy_1.png?v=1727408427,229,"2107. The dress features a sleeveless bead embellished halter neckline with cutouts throughout the bodice and at the back. The smooth figure flattering skirt flows towards the floor and finalizes in a full length hem. With Milano Formal dress, youll definitely make a statement in every occasion. Style: milano_E2107 Closure: Zipper Details: Bead embellishments, Sleeveless, Cutouts bodice Fabric: Stretch Satin Length: Long Neckline: Halter Waistline: Natural Silhouette: Sheath Category: Long Dress Available Colors: Purple, Blue Sizes: 00  18 This special occasion dress is returnable. Please refer to our special occasion dress return policy (click here) for more details.."
E2210,https://cdn.shopify.com/s/files/1/0649/4820/7797/files/E2210_Silver_1.png?v=1727408412,399,"Make a stylishly inspired statement at your dinner party of special event in this ultra-chic Milano Formals E2210 creation. Embellished with an array of metallic sheened beads along a sheer paneled bodice, this elegant piece showcases a sleeveless illusion bateau over a sweetheart neckline line with trimmed ornaments from the front to its gossamer full back. Glistening with a patterned band of jewels, the textured sheath skirt adheres along your luscious contours as it ends at a short hemline.�"
E2229,https://cdn.shopify.com/s/files/1/0649/4820/7797/files/E2229_Ivory_2.jpg?v=1727408395,399,Winter White floor length gown decorated with a fully beaded tear-drop design on the bodice.
E2255,https://cdn.shopify.com/s/files/1/0649/4820/7797/files/E2255_Fuschia_8.png?v=1727408422,399,"Core cocktail dress, Fully beaded bodice with mesh see-through bust. Back has a cropped style design with zip enclosure. (skirt is satin). This short dress showcases a halter neckline with a sheer deep v insert. The sparkling bodice showcases intricately sparkling stones. Eye catching side cut outs lead into the stunning open back with a zipper for closure and finished off with its lovely chiffon skirt flowing out from the natural waistline."
E2257,https://cdn.shopify.com/s/files/1/0649/4820/7797/files/E2257_Burgundy_5.png?v=1727408442,349,Stunning fully beaded wine colored cocktail dress perfect for any holiday party
E2262,https://cdn.shopify.com/s/files/1/0649/4820/7797/files/E2262_Black_3.png?v=1727408419,249,An elegant take on this Little black dress takes your eyes to the highly detailed skirt with modest top.
E2276,https://cdn.shopify.com/s/files/1/0649/4820/7797/files/E2276_Gold_2.png?v=1727408428,489,Ring in the New Year with this white and gold fully beaded cocktial dress.
E2291,https://cdn.shopify.com/s/files/1/0649/4820/7797/files/E2291_Black-Gold_2.png?v=1727408426,225,Elegant and Romantic black and gold cocktail dress that gives you that hourglass shape. Stay fun and flirty in this fabulous cocktail dress by Milano Formals E2291. This fascinating dress features an A-line silhouette skirt with a scoop neckline which is paired with thick straps leading into a back zipper closure. An excellent gold shimmer is scattered throughout this black jacquard dress having you shimmer all night long. This ensemble by Milano Formals is absolutely a charming piece for a party night out.
E2292,https://cdn.shopify.com/s/files/1/0649/4820/7797/files/E2292_Red_1.png?v=1727408430,249,Dazzle your holiday party with this pleated hi-low cocktail dress with beaded accents
E2317,https://cdn.shopify.com/s/files/1/0649/4820/7797/files/E2317_Navy_1.png?v=1727408431,179,Show off your back with this beautifully detailed 2 piece dress!  The off shoulder crop top gives an elegant look to this piece as well as the stretchy fabric to hug your beautiful curves
E2324,https://cdn.shopify.com/s/files/1/0649/4820/7797/files/E2324_Pink_1.png?v=1727408431,399,
E2329,https://cdn.shopify.com/s/files/1/0649/4820/7797/files/E2329_Black_1.png?v=1727408429,349,Dazzling floor length gown with spaghetti staps and off shoulder cap sleeves.  The butterfly-wing mosiac on this gown is sure to capture a lot of attention.
E2335,https://cdn.shopify.com/s/files/1/0649/4820/7797/files/E2335_Royal_1.png?v=1727408506,279,Show off your legs with this high slit royal blue dress. The fully beaded geometic halter bodice has a semi backless look
E2385,https://cdn.shopify.com/s/files/1/0649/4820/7797/files/E2385_Black-Gold_3.jpg?v=1727408497,199,"his elegant gown showcases a fitted bodice and flowy chiffon silhouette. Made out of a rich chiffon material, the skirt is sure to keep you comfortable as you dance the night away. The chiffon constructed a-line skirt hits perfectly on your figure flowing effortlessly to create the perfect silhouette. A center zipper closure secures the sheer full back."
E2389,https://cdn.shopify.com/s/files/1/0649/4820/7797/files/E2389_Purple_1.jpg?v=1727408496,349,The plunging illusion neckline along with cut out illusion waist makes this a one of a kind dress perfect for any holiday party.
E2403,https://cdn.shopify.com/s/files/1/0649/4820/7797/files/E2403_Silver_3.jpg?v=1727408499,299,"This fully sequined floor length dress was made for the red carpet.  With two colors either red or black, it will be the perfect fit to turn heads at your next party."
E2405,https://cdn.shopify.com/s/files/1/0649/4820/7797/files/E2405_Black_1.png?v=1727408520,399,This fully sequined floor length dress was made for the red carpet.  Show off your curves with this halter sequin dress
E2426,https://cdn.shopify.com/s/files/1/0649/4820/7797/files/E2426_Navy_1.jpg?v=1727408497,399,Beautiful illusion halter with embroidered overlay and taffeta skirt
E2428,https://cdn.shopify.com/s/files/1/0649/4820/7797/files/E2428_Navy_1.png?v=1727408525,349,"Show off your curves with this halter crop top long skirt set.  The skirt has a high slit with matching ""belt"" to tie this 2pc show stopper together "
E2430,https://cdn.shopify.com/s/files/1/0649/4820/7797/files/E2430_Silver-blue_1.png?v=1727408513,299,This fully sequined cap sleeve and high slit combo will have all eyes on you at your next event.  The dress has an ombre effect that adds just a pop of color.
E2431,https://cdn.shopify.com/s/files/1/0649/4820/7797/files/E2431_Red_4.jpg?v=1727408500,269,The bodice features a halter neckline with an illusion deep V-cutout and an embellished belt hitting flawlessly on your waist to give you a stunning slimming silhouette. The sheath silhouette skirt in full-length hemline showcases an ombre sequined pattern. This Blush creation is sure to make you steal the show
E2460,https://cdn.shopify.com/s/files/1/0649/4820/7797/files/E2460_Black_3.jpg?v=1727408499,389,Have all eyes on you with this fully sequined 2-piece ombre set
E2509,https://cdn.shopify.com/s/files/1/0649/4820/7797/files/E2509_Red_1.png?v=1727408615,289,"Lady in Red! This cocktail dress has a beautiful, fully beaded bodice with illusion bust "
E2511,https://cdn.shopify.com/s/files/1/0649/4820/7797/files/E2511_Blue_1.png?v=1727408623,399,"Step into the new Year with this 2 piece set! The halter crop top has a fully beaded accenting while the skirt has a matching ""belt"" to tie this ensemble together"
E2513,https://cdn.shopify.com/s/files/1/0649/4820/7797/files/E2513_Red_1.png?v=1727408629,289,Stand out with this Bollywood themed two piece set! The top is fully beaded with a sheer nude mesh fabric in front. The skirt has a matching beaded belt Swen into the satin skirt.
E2514,https://cdn.shopify.com/s/files/1/0649/4820/7797/files/E2514_Emerald_1.png?v=1727408608,289,Fully beaded bodice with flowing short skirt
E2526,https://cdn.shopify.com/s/files/1/0649/4820/7797/files/E2526_Green_1.png?v=1727408631,269,"Leave everyone ""frozen"" with this stunning halter dress with beaded accenting"
E2531,https://cdn.shopify.com/s/files/1/0649/4820/7797/files/E2531_Royal_1.png?v=1727408630,269,Feel like a princess in this deep V-neck style heavy satin dress with beaded trim. The fully beaded triple belt is sure to show off your waistline.
E2535,https://cdn.shopify.com/s/files/1/0649/4820/7797/files/E2535_Burgundy_1.png?v=1727408628,249,This wine colored dress offers a deep fully beaded illusion plunge neckline.  The sides are illusion cutouts to show off your waist line.
E2540,https://cdn.shopify.com/s/files/1/0649/4820/7797/files/E2540_Teal_1.png?v=1727408619,259,Beautiful halter cocktail dress with beaded geometric pattern
E2543,https://cdn.shopify.com/s/files/1/0649/4820/7797/files/E2543_Black_1.png?v=1727408631,249,This halter style little black dress is sure to fit any occasion with its beaded waist and peek-a-boo bust.
E2544,https://cdn.shopify.com/s/files/1/0649/4820/7797/files/E2544_Red_1.png?v=1727408631,225,Turn heads with this Fully embellished V-neck bodice little red dress. The plunging V-neck is offset with a sheer red mesh completing this fully beaded bodice and satin skirt.
E2550,https://cdn.shopify.com/s/files/1/0649/4820/7797/files/E2550_Red_1.png?v=1727408627,225,Turn heads with this little red dress. The plunging V-neck is offset with a sheer red mesh completing this fully beaded bodice and satin skirt.
E2554,https://cdn.shopify.com/s/files/1/0649/4820/7797/files/E2554_Gold_1.png?v=1727408631,299,"Two piece halter style, peek-a-boo top and matching chiffon skirt. The skirt has a satin sewn on belt while the top has a lace overlay look perfect for any occasion."
E2560,https://cdn.shopify.com/s/files/1/0649/4820/7797/files/E2560_Navy_4.jpg?v=1727408509,289,Fully beaded halter style bodice with see through black mesh to give that peek-a-boo look. The skirt portion of the dress is multi-layered giving this piece a flirty feel.
E2570,https://cdn.shopify.com/s/files/1/0649/4820/7797/files/E2570_Burgundy_1.png?v=1727408545,499,Gorgeous corseted ballgown with keyhole back.  The toole skirt is covered in glitter to give this dress extra sparkle
E2574,https://cdn.shopify.com/s/files/1/0649/4820/7797/files/E2574_Black_1.png?v=1727408542,225,Beautiful floor length black gown with detailed bodice gives classically elegant vibes
E2589,https://cdn.shopify.com/s/files/1/0649/4820/7797/files/E2589_Black_1.png?v=1727408525,399,Gorgeous black A-line Ballown with exaggerated sweetheart neckline will turn heads at your next party;
E2613,https://cdn.shopify.com/s/files/1/0649/4820/7797/files/E2613_Mauve_1.png?v=1727408542,329,Show off your curves with this plum gown with deep plunge neckline
E2615,https://cdn.shopify.com/s/files/1/0649/4820/7797/files/E2615_Claret_1.png?v=1727408545,299,Show off your curves with this illusion waist gown and high slit skirt.
E2708,https://cdn.shopify.com/s/files/1/0649/4820/7797/files/E2708_Navy_1.png?v=1727408526,399,Feel like a princess in this ballgown with a plunging illusion neckline with spaghettie sraps and cap sleeves
E2752,https://cdn.shopify.com/s/files/1/0649/4820/7797/files/E2752_Green_1.png?v=1727408544,299,Stunning mermaid style gown with peep hole bust and cut out sides
E2753,https://cdn.shopify.com/s/files/1/0649/4820/7797/files/E2753_Turquoise_1.png?v=1727408538,299,"Off shoulder, floor length gown that gives a floating illusion when you walk.  The fabric has subtle sparkles to make this gown shine! "
E2754,https://cdn.shopify.com/s/files/1/0649/4820/7797/files/E2754_Navy_1.png?v=1727408531,329,"Completely backless floor-length halter style gown.  This fabric is stretchy and has a unique ""wetlook"" finish. "
E2764,https://cdn.shopify.com/s/files/1/0649/4820/7797/files/E2764_Royal_1.png?v=1727408547,379,This gown is sure to turn heads with its illusion lace pattern.  The deep plunge and high slit skirt offers a sexier look that hugs all of your curves.
E2767,https://cdn.shopify.com/s/files/1/0649/4820/7797/files/E2767_Wine_1.png?v=1727408526,179,Show off your back with this beautiful cherry red halter gown.  The high slit skirt shows off your waistline with embellished belt and matching collar accenting.
E2768,https://cdn.shopify.com/s/files/1/0649/4820/7797/files/E2768_Navy_1.png?v=1727408529,299,"Show stopping deep plunge halter neckline and high slit skirt is sure to grab attention at your next event! The fabric has a unique ""wetlook"" with shimmer shine. "
E2770,https://cdn.shopify.com/s/files/1/0649/4820/7797/files/E2770_Red_1.png?v=1727408549,379,This extremely deep plunge illusion neckline is sure to get attention at your next event.  This illusion lace gown is perfect for your upcoming holiday party!
E2773,https://cdn.shopify.com/s/files/1/0649/4820/7797/files/E2773_Light-Gold_1.png?v=1727408544,279,"Turn heads with this elegant spaghetti strap, champagne colored gown"
E2774,https://cdn.shopify.com/s/files/1/0649/4820/7797/files/E2774_Black_1.png?v=1727408541,279,Feel like the belle of the ball with in this classically elegant ballgown with lace overlay.
E2785,https://cdn.shopify.com/s/files/1/0649/4820/7797/files/E2785_Gold_1.png?v=1727408548,399,"Long sleeves and collared neckline fit for a queen.  The embellished chiffon overlay has a sparkly ""firework"" design that will light up any New Years Eve party! "
E2786,https://cdn.shopify.com/s/files/1/0649/4820/7797/files/E2786_Purple_1.png?v=1727408527,299,Feel like royalty with this royal purple full-length gown with an embellished deep V-neck bodice.
