Code,Image,Price,Description
E1312,https://cdn.shopify.com/s/files/1/0649/4820/7797/files/E1312_SUNSHINE_1.png?v=1727408139,499,Head turning strapless belted little red satin dress!
E1391,https://cdn.shopify.com/s/files/1/0649/4820/7797/files/E1391_PURPLE_2.png?v=1727408117,225,"Sweetheart strapless short dress accented with a brooch like embellishment on waist. This dress features a right hand secret pocket. Color: Coral, Pool, V-Lilac Size : 4-24 This special occasion dress is returnable. Please refer to our special occasion dress return policy (click here) for more details.."
E1467,https://cdn.shopify.com/s/files/1/0649/4820/7797/files/E1467_GOLD_3.png?v=1727408149,249,"This glamorous strapless dress radiates luxury with its intricate gold sequins and beaded detailing. The fitted silhouette, combined with shimmering zigzag patterns, creates a dazzling effect that accentuates the figure beautifully. The subtle sparkle of the beads, paired with the elegant gold base, makes this dress perfect for upscale events, cocktail parties, or a red-carpet appearance. Its timeless design and sophisticated embellishments make it a true show-stopper, offering both grace and boldness."
E1502,https://cdn.shopify.com/s/files/1/0649/4820/7797/files/E1502_Claret_1.png?v=1727408090,225,
E1510,https://cdn.shopify.com/s/files/1/0649/4820/7797/files/E1510_Whiteblue_5.jpg?v=1727407998,299,"Fully bedazzled, off shoulder, one sleeve dress! Beautiful detail on mesh sleeve to give that floating gem appearance! Two colors. Elegant and alluring, this sophisticated cocktail dress by Milano Formals E1510 is ready to shine at any event. You will be fascinated with the shining vivid jeweled embellishments that are stitched all over the dress, including down its long, sheer single sleeve. The curved asymmetric neckline and simple short skirt come together to framed this unforgettable look."
E1544,https://cdn.shopify.com/s/files/1/0649/4820/7797/files/E1544_Black_2.png?v=1727408006,149,"Fully roached strapless cocktail dress with belted accent! Two colors (Black and Red). This short, rouched, strapless  dress has a Zipper closure. The main fabric is Chiffon."
E1573,https://cdn.shopify.com/s/files/1/0649/4820/7797/files/E1573_Peach_4.png?v=1727408020,199,"Short, Strapless, sweetheart neckline pleated chiffon dress"
E1581,https://cdn.shopify.com/s/files/1/0649/4820/7797/files/E1581_Red_1.png?v=1727408031,149,"Walk like a goddess in Milano Formals E1581. A one-shoulder party dress fashioned in asymmetrical pleats of chiffon layers creating a tightly fitting bodice and well defined hipline complimenting the fitted mini-skirt. Defining the waistline is a satin waistband with floral accents and embellishment. Perfect for homecoming, date-night or junior-prom."
E1637,https://cdn.shopify.com/s/files/1/0649/4820/7797/files/E1637_BlackNude_2.png?v=1727408026,349,
E1696,https://cdn.shopify.com/s/files/1/0649/4820/7797/files/E1696_Black_3.png?v=1727408063,225,
E1890,https://cdn.shopify.com/s/files/1/0649/4820/7797/files/E1890_Black_1.png?v=1727408260,279,Jaw-dropping cocktail dress with fully see-through back accented with floral design. The front bodice is fully bedazzled with sequins.
E1923,https://cdn.shopify.com/s/files/1/0649/4820/7797/files/E1923_Navy_3.jpg?v=1727408230,389,
E1937,https://cdn.shopify.com/s/files/1/0649/4820/7797/files/E1937_Black_1.png?v=1727408239,499,
E1967,https://cdn.shopify.com/s/files/1/0649/4820/7797/files/E1967_Teal_1.png?v=1727408266,399,
E2019,https://cdn.shopify.com/s/files/1/0649/4820/7797/files/E2019_Blue_1.jpg?v=1727408238,499,
e2021,,389,
E2027,https://cdn.shopify.com/s/files/1/0649/4820/7797/files/E2027_Wine_1.png?v=1727408264,49,"Preen and sashay your way to the top with this gorgeous dress from Milano Formals E2027. Displaying a pop of surprise with its skin toned mesh midriff panel, this piece displays a bateau neckline, closed back and a daintily beaded bodice. Lining its waist is a band of beautifully sewn beadwork, the skirt then flows into a swirly mini hem perfect in showcasing those lovely stilettoes."
E2031,https://cdn.shopify.com/s/files/1/0649/4820/7797/files/E2031_Black_1.png?v=1727408256,149,
E2034,https://cdn.shopify.com/s/files/1/0649/4820/7797/files/E2034_Berry_1.png?v=1727408259,249,Look stunning in this vogue cocktail dress by Milano Formals E2034. The dress features a sleeveless crop top with high neckline and a sheer fabric over the sweetheart liner. The fitted bodice is richly decorated in bead embellishments with an open back centered closure. The skirt is highlighted by bead ornate around the band and tapers through the thighs for that figure flatting silhouette. T
E2035,https://cdn.shopify.com/s/files/1/0649/4820/7797/files/E2035_Jet_1.png?v=1727408261,325,
E2036,https://cdn.shopify.com/s/files/1/0649/4820/7797/files/E2036_Green_3.png?v=1727408269,289,
E2039,https://cdn.shopify.com/s/files/1/0649/4820/7797/files/E2039_Powder-Blue_1.png?v=1727408264,149,
E2042,https://cdn.shopify.com/s/files/1/0649/4820/7797/files/E2042_Wine_1.png?v=1727408275,199,"Walk in glamour and let all heads turn on you in this creation by Milano Formals E2042. The dress showcases a sleeveless scoop neckline with lace ornate that that splays to the front, sides and at the open back centered closure. The fitted bodice features princess seams that flows to the skirt that tapers the thighs and gently flares in floor length hem."
E2046,https://cdn.shopify.com/s/files/1/0649/4820/7797/files/E2046_NAVY_4.jpg?v=1727408254,299,�This long dress showcases an off the shoulder with ruched bodice. The full length A-line skirt has slant pockets for that trendy style.
E2053,https://cdn.shopify.com/s/files/1/0649/4820/7797/files/E2053_Peacock_3.png?v=1727408277,499,Dress to impress on your next formal event in this simple but captivating dress by Milano Formals E2053. This dress parades in a sleeveless scooped neckline overlaid by lace embellishments that spreads to the cutouts at the back. The dress is framed with a band where the A-line skirt flourishes to the floor. This Milano Formals dress is sure to give the classic vibe that works for many special occasions.
E2060,https://cdn.shopify.com/s/files/1/0649/4820/7797/files/E2060_Midnight_3.png?v=1727408276,349,Make your presence known with this elegant bedazzled Milano Formals E2060 piece. This alluring gown features a halter top neckline speckled with meticulously woven geometric beads on a skin-tone bodice. Midriff cutouts are immaculately displayed on the gown to add a flirty feel to the overall look. The beaded waistband wraps around the its silhouette as it flawlessly transitions into the sexy open back. Cease from sharing the spotlight with this Milano Formals beaded gown.
E2072,https://cdn.shopify.com/s/files/1/0649/4820/7797/files/E2072_Black_1.png?v=1727408271,349,
E2075,https://cdn.shopify.com/s/files/1/0649/4820/7797/files/E2075_Midnight_1.png?v=1727408271,299,"Render your girlfriends speechless with this elaborately designed Milano Formals E2075 two-piece cocktail dress. Speak volumes of sassiness with this ensemble\x92s high halter neckline, sexy crop top cut and flowy Mikado flare skirt. Its chevron patterned bodice is meticulously encrusted with dazzling beads that reflects the light at every turn. The iridescent beadwork is also mirrored on both neck and waistband details"
E2080,https://cdn.shopify.com/s/files/1/0649/4820/7797/files/E2080_Black_5.png?v=1727408430,225,Appear tailored to perfection with this Milano Formal E2080 go-to black dress with a twist. This gown flaunts a modest scoop neckline and closed back. Its sexy twist is showcased by the bejeweled straps exposed by its sexy midriff cutouts and its form-hugging silhouette
E2081,https://cdn.shopify.com/s/files/1/0649/4820/7797/files/E2081_Navy_1.jpg?v=1727408390,149,This stunner showcases a modest bateau neckline that transitions to a sexy V-shaped open back. Highlighting its silhouette are the creatively ruched detail that accentuates the waistline and the seamless tapering of its satin fabric to form a lovely fitted shape.
E2101,https://cdn.shopify.com/s/files/1/0649/4820/7797/files/E2101_Wine_1.png?v=1727408426,199,"Unleash the vixen in you with this flattering jersey evening dress by Milano Formals 2101. Sexy yet classy, this piece has a halter neckline and racer open back for that much-needed oomph. The bodice has a stunning midriff cutout that slowly transitions to its ribbon banded waist. The fitted skirt flows down flawlessly to a sweep of train"
E2107,https://cdn.shopify.com/s/files/1/0649/4820/7797/files/E2107_Navy_1.png?v=1727408427,229,"2107. The dress features a sleeveless bead embellished halter neckline with cutouts throughout the bodice and at the back. The smooth figure flattering skirt flows towards the floor and finalizes in a full length hem. With Milano Formal dress, youll definitely make a statement in every occasion. Style: milano_E2107 Closure: Zipper Details: Bead embellishments, Sleeveless, Cutouts bodice Fabric: Stretch Satin Length: Long Neckline: Halter Waistline: Natural Silhouette: Sheath Category: Long Dress Available Colors: Purple, Blue Sizes: 00  18 This special occasion dress is returnable. Please refer to our special occasion dress return policy (click here) for more details.."
E2210,https://cdn.shopify.com/s/files/1/0649/4820/7797/files/E2210_Silver_1.png?v=1727408412,399,"Make a stylishly inspired statement at your dinner party of special event in this ultra-chic Milano Formals E2210 creation. Embellished with an array of metallic sheened beads along a sheer paneled bodice, this elegant piece showcases a sleeveless illusion bateau over a sweetheart neckline line with trimmed ornaments from the front to its gossamer full back. Glistening with a patterned band of jewels, the textured sheath skirt adheres along your luscious contours as it ends at a short hemline.�"
E2229,https://cdn.shopify.com/s/files/1/0649/4820/7797/files/E2229_Ivory_2.jpg?v=1727408395,399,
E2255,https://cdn.shopify.com/s/files/1/0649/4820/7797/files/E2255_Fuschia_8.png?v=1727408422,399,This short dress showcases a halter neckline with a sheer deep v insert. The sparkling bodice showcases intricately sparkling stones. Eye catching side cut outs lead into the stunning open back with a zipper for closure and finished off with its lovely chiffon skirt flowing out from the natural waistline.
E2257,https://cdn.shopify.com/s/files/1/0649/4820/7797/files/E2257_Burgundy_5.png?v=1727408442,349,
E2262,https://cdn.shopify.com/s/files/1/0649/4820/7797/files/E2262_Black_3.png?v=1727408419,249,
E2276,https://cdn.shopify.com/s/files/1/0649/4820/7797/files/E2276_Gold_2.png?v=1727408428,489,
E2291,https://cdn.shopify.com/s/files/1/0649/4820/7797/files/E2291_Black-Gold_2.png?v=1727408426,225,Elegant and Romantic black and gold cocktail dress that gives you that hourglass shape. Stay fun and flirty in this fabulous cocktail dress by Milano Formals E2291. This fascinating dress features an A-line silhouette skirt with a scoop neckline which is paired with thick straps leading into a back zipper closure. An excellent gold shimmer is scattered throughout this black jacquard dress having you shimmer all night long. This ensemble by Milano Formals is absolutely a charming piece for a party night out.
E2292,https://cdn.shopify.com/s/files/1/0649/4820/7797/files/E2292_Red_1.png?v=1727408430,249,
E2317,https://cdn.shopify.com/s/files/1/0649/4820/7797/files/E2317_Navy_1.png?v=1727408431,179,
E2324,https://cdn.shopify.com/s/files/1/0649/4820/7797/files/E2324_Pink_1.png?v=1727408431,399,
E2329,https://cdn.shopify.com/s/files/1/0649/4820/7797/files/E2329_Black_1.png?v=1727408429,349,
E2335,https://cdn.shopify.com/s/files/1/0649/4820/7797/files/E2335_Royal_1.png?v=1727408506,279,
E2385,https://cdn.shopify.com/s/files/1/0649/4820/7797/files/E2385_Black-Gold_3.jpg?v=1727408497,199,"his elegant gown showcases a fitted bodice and flowy chiffon silhouette. Made out of a rich chiffon material, the skirt is sure to keep you comfortable as you dance the night away. The chiffon constructed a-line skirt hits perfectly on your figure flowing effortlessly to create the perfect silhouette. A center zipper closure secures the sheer full back."
E2389,https://cdn.shopify.com/s/files/1/0649/4820/7797/files/E2389_Purple_1.jpg?v=1727408496,349,
E2403,https://cdn.shopify.com/s/files/1/0649/4820/7797/files/E2403_Silver_3.jpg?v=1727408499,299,
E2405,https://cdn.shopify.com/s/files/1/0649/4820/7797/files/E2405_Black_1.png?v=1727408520,399,
E2426,https://cdn.shopify.com/s/files/1/0649/4820/7797/files/E2426_Navy_1.jpg?v=1727408497,399,
E2428,https://cdn.shopify.com/s/files/1/0649/4820/7797/files/E2428_Navy_1.png?v=1727408525,349,
E2430,https://cdn.shopify.com/s/files/1/0649/4820/7797/files/E2430_Silver-blue_1.png?v=1727408513,299,
E2431,https://cdn.shopify.com/s/files/1/0649/4820/7797/files/E2431_Red_4.jpg?v=1727408500,269,The bodice features a halter neckline with an illusion deep V-cutout and an embellished belt hitting flawlessly on your waist to give you a stunning slimming silhouette. The sheath silhouette skirt in full-length hemline showcases an ombre sequined pattern. This Blush creation is sure to make you steal the show
E2460,https://cdn.shopify.com/s/files/1/0649/4820/7797/files/E2460_Black_3.jpg?v=1727408499,389,
E2509,https://cdn.shopify.com/s/files/1/0649/4820/7797/files/E2509_Red_1.png?v=1727408615,289,
E2511,https://cdn.shopify.com/s/files/1/0649/4820/7797/files/E2511_Blue_1.png?v=1727408623,399,
E2513,https://cdn.shopify.com/s/files/1/0649/4820/7797/files/E2513_Red_1.png?v=1727408629,99,Stand out with this Bollywood themed two piece set! The top is fully beaded with a sheer nude mesh fabric in front. The skirt has a matching beaded belt Swen into the satin skirt.
E2514,https://cdn.shopify.com/s/files/1/0649/4820/7797/files/E2514_Emerald_1.png?v=1727408608,289,
E2526,https://cdn.shopify.com/s/files/1/0649/4820/7797/files/E2526_Green_1.png?v=1727408631,269,
E2531,https://cdn.shopify.com/s/files/1/0649/4820/7797/files/E2531_Royal_1.png?v=1727408630,269,Feel like a princess in this deep V-neck style heavy satin dress with beaded trim. The fully beaded triple belt is sure to show off your waistline.
E2535,https://cdn.shopify.com/s/files/1/0649/4820/7797/files/E2535_Burgundy_1.png?v=1727408628,249,
E2540,https://cdn.shopify.com/s/files/1/0649/4820/7797/files/E2540_Teal_1.png?v=1727408619,259,
E2543,https://cdn.shopify.com/s/files/1/0649/4820/7797/files/E2543_Black_1.png?v=1727408631,249,This halter style little black dress is sure to fit any occasion with its beaded waist and peek-a-boo bust.
E2544,https://cdn.shopify.com/s/files/1/0649/4820/7797/files/E2544_Red_1.png?v=1727408631,225,Turn heads with this little red dress. The plunging V-neck is offset with a sheer red mesh completing this fully beaded bodice and satin skirt. Fully embellished V-neck bodice.
E2550,https://cdn.shopify.com/s/files/1/0649/4820/7797/files/E2550_Red_1.png?v=1727408627,225,Turn heads with this little red dress. The plunging V-neck is offset with a sheer red mesh completing this fully beaded bodice and satin skirt.
E2554,https://cdn.shopify.com/s/files/1/0649/4820/7797/files/E2554_Gold_1.png?v=1727408631,299,"Two piece halter style, peek-a-boo top and matching chiffon skirt. The skirt has a satin sewn on belt while the top has a lace overlay look perfect for any occasion."
E2560,https://cdn.shopify.com/s/files/1/0649/4820/7797/files/E2560_Navy_4.jpg?v=1727408509,289,Fully beaded halter style bodice with see through black mesh to give that peek-a-boo look. The skirt portion of the dress is multi-layered giving this piece a flirty feel.
E2570,https://cdn.shopify.com/s/files/1/0649/4820/7797/files/E2570_Burgundy_1.png?v=1727408545,499,
E2574,https://cdn.shopify.com/s/files/1/0649/4820/7797/files/E2574_Black_1.png?v=1727408542,149,
E2589,https://cdn.shopify.com/s/files/1/0649/4820/7797/files/E2589_Black_1.png?v=1727408525,399,
E2613,https://cdn.shopify.com/s/files/1/0649/4820/7797/files/E2613_Mauve_1.png?v=1727408542,329,
E2615,https://cdn.shopify.com/s/files/1/0649/4820/7797/files/E2615_Claret_1.png?v=1727408545,299,
E2708,https://cdn.shopify.com/s/files/1/0649/4820/7797/files/E2708_Navy_1.png?v=1727408526,399,
E2752,https://cdn.shopify.com/s/files/1/0649/4820/7797/files/E2752_Green_1.png?v=1727408544,299,
e2752,,329,
E2753,https://cdn.shopify.com/s/files/1/0649/4820/7797/files/E2753_Turquoise_1.png?v=1727408538,299,
E2754,https://cdn.shopify.com/s/files/1/0649/4820/7797/files/E2754_Navy_1.png?v=1727408531,329,
E2764,https://cdn.shopify.com/s/files/1/0649/4820/7797/files/E2764_Royal_1.png?v=1727408547,379,
E2767,https://cdn.shopify.com/s/files/1/0649/4820/7797/files/E2767_Wine_1.png?v=1727408526,179,
E2768,https://cdn.shopify.com/s/files/1/0649/4820/7797/files/E2768_Navy_1.png?v=1727408529,99,
E2770,https://cdn.shopify.com/s/files/1/0649/4820/7797/files/E2770_Red_1.png?v=1727408549,379,
E2773,https://cdn.shopify.com/s/files/1/0649/4820/7797/files/E2773_Light-Gold_1.png?v=1727408544,799,
E2774,https://cdn.shopify.com/s/files/1/0649/4820/7797/files/E2774_Black_1.png?v=1727408541,279,
E2785,https://cdn.shopify.com/s/files/1/0649/4820/7797/files/E2785_Gold_1.png?v=1727408548,399,
E2786,https://cdn.shopify.com/s/files/1/0649/4820/7797/files/E2786_Purple_1.png?v=1727408527,299,
