Code,Filenames
E1796,E1796_Biscotti_3.jpg,E1796_Biscotti_2.png,E1796_Biscotti_1.png,E1796_Biscotti_4.png,E1796_Navy_2.png,E1796_Navy_1.png,E1796_Ivory_1.png
E2754,E2754_Navy_1.png
B8808,B8808_White_4.png,B8808_White_2.png,B8808_White_3.png,B8808_White_1.png
E1838,E1838_Teal_4.png,E1838_Teal_2.png,E1838_Teal_3.png,E1838_Teal_1.png
B8998,B8998_Royal_2.png,B8998_Royal_1.png,B8998_Sangria_1.png,B8998_Sangria_2.png,B8998_Sangria_3.png
E2281,E2281_Purple_2.png,E2281_Purple_3.png,E2281_Purple_1.png
E1822,E1822_Ivory_5.png,E1822_Ivory_4.png,E1822_Ivory_3.png,E1822_Ivory_2.png,E1822_Ivory_1.png,E1822_Peach_1.png,E1822_Peach_2.png
E2769,E2769_Royal_1.png
E1546,E1546_Purple_1.png,E1546_Purple_2.png,E1546_Purple_3.png,E1546_Purple_4.png,E1546_Purple_5.jpg,E1546_Coral_1.png
E1544,E1544_Red_4.png,E1544_Red_2.png,E1544_Black_1.png,E1544_Red_3.png,E1544_Red_1.png,E1544_Black_3.png,E1544_Black_2.png
E2258,E2258_Charcoal_3.png,E2258_Charcoal_2.png,E2258_Charcoal_1.png
E2255,E2255_Fuschia_7.png,E2255_Fuschia_6.png,E2255_Fuschia_4.png,E2255_Fuschia_5.png,E2255_Fuschia_1.jpg,E2255_Fuschia_2.jpg,E2255_Fuschia_3.jpg,E2255_Fuschia_8.png
E1421,E1421_Royal_3.png,E1421_Royal_2.png,E1421_Royal_1.png,E1421_Coral_1.png,E1421_Coral_2.png,E1421_Grey_2.png,E1421_Grey_1.png
E2072,E2072_Black_1.png
E1844,E1844_Mint_7.png,E1844_Mint_6.png,E1844_Mint_4.png,E1844_Mint_5.png,E1844_Mint_1.png,E1844_Mint_2.png,E1844_Mint_3.png
E2329,E2329_Black_1.png,E2329_Black_2.png
E2074,E2074_Midnight_2.jpg,E2074_Midnight_3.jpg,E2074_Midnight_1.jpg,E2074_Midnight_4.jpg
E2110,E2110_Black_1.jpg,E2110_Black_2.jpg,E2110_Black_3.jpg,E2110_Black_4.jpg,E2110_Black_5.jpg
E2213,E2213_Navy_2.jpg,E2213_Navy_3.jpg,E2213_Navy_1.jpg,E2213_Navy_4.jpg,E2213_Navy_5.jpg,E2213_Navy_6.jpg
AA9346,AA9346_Ivory_4.png,AA9346_Ivory_2.png,AA9346_Ivory_3.png,AA9346_Ivory_1.png
E1573,E1573_Black_3.png,E1573_Peach_3.png,E1573_Peach_2.png,E1573_Peach_1.png,E1573_Peach_4.png,E1573_Purple_2.png,E1573_Purple_1.png
E1923,E1923_Navy_1.jpg,E1923_Navy_3.jpg,E1923_Navy_2.jpg
E2510,E2510_Ivory_4.png,E2510_Ivory_3.png,E2510_Ivory_2.png,E2510_Ivory_1.png
E1260,E1260_Truffle_1.png,E1260_Claret_1.png,E1260_Claret_2.png
E2053,E2053_Teal_2.png,E2053_Teal_1.png,E2053_Peacock_1.png,E2053_Peacock_3.png,E2053_Peacock_2.png
E2785,E2785_Gold_1.png
E2346,E2346_Gold_1.png,E2346_Gold_2.png
E1379,E1379_Truffle_2.png,E1379_Truffle_1.png,E1379_Coral_2.png,E1379_Coral_3.png
E2162,E2162_Rainbow_1.png
E2070,E2070_Apricot_4.jpg,E2070_Apricot_1.jpg,E2070_Apricot_2.jpg,E2070_Apricot_3.jpg
E1336,E1336_Purple_1.png
E1071,E1071_Truffle_1.jpg
E1774,E1774_PowderBlue_1.png,E1774_Blush_1.png,E1774_Blush_2.png,E1774_Blush_3.png
E2027,E2027_Wine_1.png
E1275,E1275_Darklilac_1.png
E2068,E2068_Midnight_1.png
E1827,E1827_Black_3.png,E1827_Black_2.png,E1827_Black_1.png
E1422,E1422_Purple_1.jpg
E2292,E2292_Red_2.png,E2292_Red_1.png
E1013,E1013_Sangria_1.png,E1013_Sangria_2.png,E1013_Sangria_3.png,E1013_Lilac_2.png,E1013_Lilac_1.png
E2331,E2331_Red_1.png,E2331_Red_2.png
E2136,E2136_Navy_1.jpg,E2136_Navy_2.jpg
E2101,E2101_Wine_1.png
E2511,E2511_Blue_1.png
E2088,E2088_Wine_1.png,E2088_Wine_2.png,E2088_Pink_1.png,E2088_Pink_3.png,E2088_Pink_2.png
E2075,E2075_Midnight_1.png
E2060,E2060_Midnight_1.png,E2060_Midnight_3.png,E2060_Midnight_2.png
E2498,E2498_Blue_1.png
E2537,E2537_Ivory_1.png,E2537_Ivory_2.png
E2085,E2085_Charcoal_2.png,E2085_Charcoal_1.png,E2085_Black_1.png
E1322,E1322_Purple_1.jpg
E2553,E2553_Red_1.png
E2527,E2527_Black_1.png
E2449,E2449_Green_1.png
E2100,E2100_Midnight_1.jpg
E1531,E1531_Purple_1.png
E2500,E2500_Blush_1.png
E2061,E2061_Black_2.jpg,E2061_Black_1.jpg
E2080,E2080_Black_3.png,E2080_Black_2.png,E2080_Black_1.png,E2080_Black_5.png,E2080_Black_4.png
E1264,E1264_Claret_6.jpg,E1264_Claret_5.png,E1264_Claret_4.jpg,E1264_Claret_1.png,E1264_Claret_3.png,E1264_Claret_2.png,E1264_Black_2.png,E1264_Coral_1.png,E1264_Coral_3.png,E1264_Black_1.png,E1264_Coral_2.png
E2049,E2049_Platinum_1.png,E2049_Platinum_2.png,E2049_Platinum_3.png,E2049_Platinum_6.png,E2049_Platinum_4.png,E2049_Platinum_5.png
E2025,E2025_Wine_2.png,E2025_Wine_3.png,E2025_Wine_1.png,E2025_Wine_4.png
E2276,E2276_Gold_3.png,E2276_Gold_2.png,E2276_Gold_1.png
E1508,E1508_Nude_1.png
E1778,E1778_Navy_1.png,E1778_Navy_2.png
E1852,E1852_Charcoal_2.png,E1852_Charcoal_1.png,E1852_Pink_2.png,E1852_Pink_1.png
E2448,E2448_Apricot_2.png,E2448_Apricot_1.png
E1420,E1420_Champagne_1.png
F570,F570_Skyblue_1.png,F570_Skyblue_2.png,F570_Teal_1.png
E2257,E2257_Burgundy_1.png,E2257_Burgundy_3.png,E2257_Burgundy_2.png,E2257_Burgundy_5.png,E2257_Burgundy_4.png
E1270,E1270_Coral_1.png,E1270_Coral_2.png,E1270_Teal_1.png
E2336,E2336_Rose_1.jpg,E2336_Rose_2.jpg
E2036,E2036_Green_6.png,E2036_Green_4.png,E2036_Green_5.png,E2036_Green_1.png,E2036_Green_2.png,E2036_Green_3.png
E2244,E2244_Black_2.jpg,E2244_Black_1.jpg
E1581,E1581_Black_1.png,E1581_Black_3.png,E1581_Black_2.png,E1581_Red_1.png,E1581_Black_4.png,E1581_Purple_1.png,E1581_Purple_2.png
E2241,E2241_Ivory_2.png,E2241_Ivory_1.png,E2241_Black_1.png,E2241_Black_2.png
E1657,E1657_Black_1.png
E1978,E1978_Gunmetal_4.jpg,E1978_Gunmetal_1.jpg,E1978_Gunmetal_2.jpg,E1978_Gunmetal_3.jpg
E2016,E2016_Royal_4.jpg,E2016_Royal_1.jpg,E2016_Red_1.jpg,E2016_Royal_2.jpg,E2016_Royal_3.jpg
E1983,E1983_Mint_1.png
E2158,E2158_Ivory_1.png,E2158_Gold_1.png
E2030,E2030_Fuchsia_1.png
E1694,E1694_Teal_1.png
E2280,E2280_Pink_4.png,E2280_Pink_1.png,E2280_Pink_3.png,E2280_Pink_2.png
E1428,E1428_Purple_1.png
E2753,E2753_Turquoise_1.png
E2289,E2289_Lavneder_1.png
AA9312,AA9312_Ivory_1.png
E1582,E1582_Purple_1.png,E1582_Purple_2.png,E1582_Purple_3.png,E1582_Fuschia_1.png
E2340,E2340_Rose_1.png
E1988,E1988_RoyalBlue_2.png,E1988_RoyalBlue_3.png,E1988_RoyalBlue_1.png
E2076,E2076_Midnight_1.png
E1967,E1967_Teal_2.png,E1967_Teal_1.png
E2042,E2042_Wine_1.png
E2256,E2256_Royal_2.png,E2256_Royal_1.png
E1637,E1637_BlackNude_2.png,E1637_Black_1.png,E1637_BlackNude_1.png,E1637_Black_2.png
E2287,E2287_Coral_1.png,E2287_Coral_2.png
E1396,E1396_Purple_1.jpg
E1424,E1424_Teal_1.png
E1730,E1730_BurntOrange_1.png,E1730_Royal_2.png,E1730_Royal_1.png
E2334,E2334_Print_1.png,E2334_Print_2.png
E1265,E1265_Green_1.png
AA9349,AA9349_Ivory_1.png,AA9349_Ivory_2.png
E2182,E2182_Navy_1.png
E1974,E1974_Mint_1.png
E2770,E2770_Red_1.png
E2786,E2786_Purple_1.png
E2426,E2426_Navy_1.jpg
E2774,E2774_Black_1.png
E2570,E2570_Burgundy_1.png
E2509,E2509_Red_1.png
E2125,E2125_Navy_1.png
E1022,E1022_Purple_1.png
E2204,E2204_Black_2.png,E2204_Black_1.png
E1986,E1986_Tiffany_4.png,E1986_Tiffany_5.png,E1986_Tiffany_2.png,E1986_Tiffany_3.png,E1986_Tiffany_1.png
E1472,E1472_Royal_1.png
E2252,E2252_Purple_3.png,E2252_Purple_2.png,E2252_Purple_1.png
E2041,E2041_Ivory_1.png,E2041_Ivory_2.png,E2041_Ivory_3.png,E2041_Ivory_6.png,E2041_Ivory_4.png,E2041_Ivory_5.png
E1502,E1502_Claret_1.png
E2322,E2322_Teal_1.png,E2322_Teal_2.png,E2322_Blush_1.png
E1285,E1285_Fuschia_3.png,E1285_Fuschia_2.png,E1285_Cafe_1.png,E1285_Fuschia_1.png,E1285_Cafe_2.png,E1285_Fuschia_4.png,E1285_Lilac_2.png,E1285_Lilac_1.png
E2403,E2403_Silver_4.jpg,E2403_Silver_2.jpg,E2403_Silver_3.jpg,E2403_Silver_1.jpg
E1452,E1452_Lilac_1.png
E1907,E1907_Charcoal_1.png
E2318,E2318_Blue_1.png,E2318_Blue_2.png
E1381,E1381_Purple_1.png
B8865,B8865_Claret_2.png,B8865_Claret_3.png,B8865_Claret_1.png,B8865_Truffle_2.png,B8865_Purple_1.png,B8865_Truffle_1.png
E2708,E2708_Navy_1.png
E2269,E2269_Nude_3.png,E2269_Nude_2.png,E2269_Nude_1.png
E1824,E1824_Pool_3.png,E1824_Pool_2.png,E1824_Pool_1.png
E2118,E2118_Fuschia_2.jpg,E2118_Fuschia_3.jpg,E2118_Fuschia_1.jpg,E2118_Fuschia_4.jpg
E1979,E1979_Midnight_2.png,E1979_Midnight_3.png,E1979_Midnight_1.png
E2701,E2701_Rose_1.png
E1663,E1663_Fuchsia_1.png
E1463,E1463_Teal_2.png,E1463_Teal_1.png,E1463_Coral_1.png,E1463_Coral_2.png
E2535,E2535_Burgundy_1.png
E2615,E2615_Claret_1.png
E2428,E2428_Navy_1.png
E1342,E1342_Fuschia_1.png
E1520,E1520_Sangria_5.png,E1520_Sangria_4.png,E1520_Sangria_1.png,E1520_Sangria_3.png,E1520_Sangria_2.png
E2767,E2767_Wine_1.png
E2531,E2531_Royal_1.png
E2069,E2069_Red_1.jpg
E2543,E2543_Black_1.png
E1890,E1890_Black_1.png
E2764,E2764_Royal_1.png
E2251,E2251_Biscotti_4.png,E2251_Biscotti_1.png,E2251_Biscotti_3.png,E2251_Biscotti_2.png
E2324,E2324_Pink_3.png,E2324_Pink_2.png,E2324_Pink_1.png
E2104,E2104_Black_1.jpg,E2104_Black_2.png
E2320,E2320_Multi_2.png,E2320_Multi_3.png,E2320_Multi_1.png
E2144,E2144_Mint_1.png
E1965,E1965_Sangria_1.png
E2513,E2513_Red_1.png
E2035,E2035_Jet_1.png
E2705,E2705_Gold_1.png
E2282,E2282_Yellow_1.png,E2282_Yellow_2.png
AA229,AA229_Ivory_1.png,AA229_Ivory_2.png
E2279,E2279_Burgundy_1.png,E2279_Burgundy_2.png
E2031,E2031_Black_2.png,E2031_Black_1.png
F1116,F1116_Silver_1.png,F1116_Silver_2.png,F1116_Silver_3.png
E1696,E1696_Black_1.png,E1696_Black_2.png,E1696_Black_3.png
E1767,E1767_BlackSilver_1.png
E2020,E2020_Pool_1.png
E1295,E1295_Fuschia_1.png,E1295_Fuschia_2.jpg
E2540,E2540_Teal_1.png
E1327,E1327_Black_1.png
E2574,E2574_Black_1.png
E2526,E2526_Green_1.png
E2081,E2081_Navy_1.jpg
E2589,E2589_Black_1.png
E2328,E2328_Black_2.png,E2328_Black_1.png
E2210,E2210_Silver_2.png,E2210_Silver_1.png
E2534,E2534_Navy_1.png,E2534_Navy_2.png
E2317,E2317_Navy_1.png
E1868,E1868_Champagne_1.png
E1882,E1882_Royal_1.png
E1344,E1344_Yellow_1.png
E2165,E2165_Fuchsia_1.png
E2389,E2389_Purple_1.jpg
E2514,E2514_Emerald_1.png
E2551,E2551_Red_1.png
E2593,E2593_Navy_1.png
B8588,B8588_Skyblue_1.png
E2517,E2517_Champagne_1.png
E1940,E1940_Gunmetal_1.png,E1940_Gunmetal_2.png,E1940_Gunmetal_3.png,E1940_Gunmetal_6.png,E1940_Gunmetal_4.png,E1940_Gunmetal_5.png
E2259,E2259_Wine_4.png,E2259_Wine_2.png,E2259_Wine_3.png,E2259_Wine_1.png
E1579,E1579_White_1.png
E1259,E1259_Skyblue_3.png,E1259_Skyblue_2.png,E1259_Skyblue_1.png
AA226,AA226_Ivory_5.png,AA226_Ivory_4.png,AA226_Ivory_3.png,AA226_Ivory_2.png,AA226_Ivory_1.png
E2084,E2084_Black_2.jpg,E2084_Black_3.jpg,E2084_Black_1.jpg,E2084_Black_4.jpg
E2253,E2253_Red_1.png,E2253_Red_2.png,E2253_Red_3.png,E2253_Red_4.png,E2253_Red_5.png
AA9257,AA9257_White_1.jpg
E2050,E2050_Space_7.png,E2050_Space_6.png,E2050_Space_4.png,E2050_Space_5.png,E2050_Space_1.png,E2050_Space_2.png,E2050_Space_3.png
E1982,E1982_Charcoal_1.png
E1984,E1984_Black_2.png,E1984_Black_3.png,E1984_Black_1.png
E1168,E1168_Navy_2.png,E1168_Navy_1.png
E2431,E2431_Red_3.jpg,E2431_Red_2.jpg,E2431_Red_1.jpg,E2431_Red_4.jpg
E2021,E2021_Wine_1.png
E2410,E2410_Nude_1.jpg,E2410_Nude_2.jpg,E2410_Nude_4.jpg
E2086,E2086_Wine_2.png,E2086_Wine_1.png
E1378,E1378_Red_1.png
E2121,E2121_Midnight_1.png
E2335,E2335_Royal_1.png,E2335_Royal_3.jpg,E2335_Royal_2.png,E2335_Royal_4.jpg
E1348,E1348_Platinum_1.png
E2150,E2150_Black_1.png,E2150_Black_2.png
E2493,E2493_Lavender_1.png
E2028,E2028_Cobalt_1.png,E2028_Cobalt_3.png,E2028_Cobalt_2.png,E2028_Cobalt_5.png,E2028_Cobalt_4.png
E1799,E1799_Fuschia_4.png,E1799_Fuschia_2.png,E1799_Fuschia_1.jpg
E2229,E2229_Ivory_2.jpg,E2229_Ivory_1.jpg,E2229_Ivory_4.jpg
E2768,E2768_Navy_1.png
E2023,E2023_Turquoise_4.png,E2023_Turquoise_5.png,E2023_Turquoise_1.png,E2023_Turquoise_2.png,E2023_Turquoise_3.png
E2460,E2460_Black_4.jpg,E2460_Black_1.jpg,E2460_Black_2.jpg,E2460_Black_3.jpg
E1729,E1729_Mint_4.png,E1729_Mint_1.png,E1729_Mint_2.png,E1729_Mint_3.png
E2590,E2590_Rose_1.png
E2554,E2554_Gold_1.png
B8608,B8608_Lilac_1.jpg
AA9320,AA9320_White_1.png
E2547,E2547_Royal_1.png
E2161,E2161_Red_1.png
E1347,E1347_Blue_1.jpg
E2572,E2572_Black_1.png
E2395,E2395_Red_1.png,E2395_Red_2.png
AA233,AA233_Ivory_1.png,AA233_Ivory_2.png
E2233,E2233_Gold_1.png
E1981,E1981_Black_1.png
E1438,E1438_Black_1.png
E2262,E2262_Black_2.png,E2262_Black_3.png,E2262_Black_1.png
E2034,E2034_Berry_1.png
E2040,E2040_Midnight_1.jpg
E2032,E2032_Teal_2.png,E2032_Teal_3.png,E2032_Teal_1.png
E2254,E2254_Navy_1.png,E2254_Navy_2.png
E2275,E2275_Royal_1.png
E2102,E2102_Black_1.png,E2102_Black_2.png
E2097,E2097_Mint_2.jpg,E2097_Mint_1.jpg
E2333,E2333_Navy_2.png,E2333_Navy_1.png
E2613,E2613_Mauve_1.png
E2227,E2227_Fuschia_1.png,E2227_Fuschia_2.png
E2231,E2231_Blue_1.png,E2231_Blue_3.png,E2231_Blue_2.png
E1833,E1833_PurpleGold_1.png
E2019,E2019_Blue_1.jpg
E2532,E2532_Print_1.png
E2107,E2107_Navy_1.png
E2109,E2109_Red_1.png
E1356,E1356_Truffle_1.jpg
E2059,E2059_Royal_1.jpg
E2568,E2568_Aqua_1.png
E1354,E1354_Lilac_1.jpg
E1937,E1937_Black_1.png
E1510,E1510_White_1.jpg
E2544,E2544_Red_1.png
E1931,E1931_Navy_1.png
E2752,E2752_Green_1.png
E2152,E2152_Red_1.png
E2405,E2405_Black_1.png
E2545,E2545_Green_1.png
E2550,E2550_Red_1.png
