Code,Color,Filename1,Filename2,Filename3,Filename4,Filename5,Filename6,Filename7,Filename8
E1796,Biscotti,E1796_Biscotti_3.jpg,E1796_Biscotti_2.png,E1796_Biscotti_1.png,E1796_Biscotti_4.png
E2754,Navy,E2754_Navy_1.png
B8808,White,B8808_White_4.png,B8808_White_2.png,B8808_White_3.png,B8808_White_1.png
E1838,Teal,E1838_Teal_4.png,E1838_Teal_2.png,E1838_Teal_3.png,E1838_Teal_1.png
B8998,Royal,B8998_Royal_2.png,B8998_Royal_1.png
E2281,Purple,E2281_Purple_2.png,E2281_Purple_3.png,E2281_Purple_1.png
E1822,Ivory,E1822_Ivory_5.png,E1822_Ivory_4.png,E1822_Ivory_3.png,E1822_Ivory_2.png,E1822_Ivory_1.png
E2769,Royal,E2769_Royal_1.png
E1546,Purple,E1546_Purple_1.png,E1546_Purple_2.png,E1546_Purple_3.png,E1546_Purple_4.png,E1546_Purple_5.jpg
E1544,Red,E1544_Red_4.png,E1544_Red_2.png,E1544_Red_3.png,E1544_Red_1.png
E2258,Charcoal,E2258_Charcoal_3.png,E2258_Charcoal_2.png,E2258_Charcoal_1.png
E2255,Fuschia,E2255_Fuschia_7.png,E2255_Fuschia_6.png,E2255_Fuschia_4.png,E2255_Fuschia_5.png,E2255_Fuschia_1.jpg,E2255_Fuschia_2.jpg,E2255_Fuschia_3.jpg,E2255_Fuschia_8.png
E1421,Royal,E1421_Royal_3.png,E1421_Royal_2.png,E1421_Royal_1.png
E2072,Black,E2072_Black_1.png
E1844,Mint,E1844_Mint_7.png,E1844_Mint_6.png,E1844_Mint_4.png,E1844_Mint_5.png,E1844_Mint_1.png,E1844_Mint_2.png,E1844_Mint_3.png
E2329,Black,E2329_Black_1.png,E2329_Black_2.png
E2074,Midnight,E2074_Midnight_2.jpg,E2074_Midnight_3.jpg,E2074_Midnight_1.jpg,E2074_Midnight_4.jpg
E2110,Black,E2110_Black_1.jpg,E2110_Black_2.jpg,E2110_Black_3.jpg,E2110_Black_4.jpg,E2110_Black_5.jpg
E2213,Navy,E2213_Navy_2.jpg,E2213_Navy_3.jpg,E2213_Navy_1.jpg,E2213_Navy_4.jpg,E2213_Navy_5.jpg,E2213_Navy_6.jpg
AA9346,Ivory,AA9346_Ivory_4.png,AA9346_Ivory_2.png,AA9346_Ivory_3.png,AA9346_Ivory_1.png
E1573,Black,E1573_Black_3.png
E1923,Navy,E1923_Navy_1.jpg,E1923_Navy_3.jpg,E1923_Navy_2.jpg
E2510,Ivory,E2510_Ivory_4.png,E2510_Ivory_3.png,E2510_Ivory_2.png,E2510_Ivory_1.png
E1260,Truffle,E1260_Truffle_1.png
E2053,Teal,E2053_Teal_2.png,E2053_Teal_1.png
E2785,Gold,E2785_Gold_1.png
E2346,Gold,E2346_Gold_1.png,E2346_Gold_2.png
E1379,Truffle,E1379_Truffle_2.png,E1379_Truffle_1.png
E2162,Rainbow,E2162_Rainbow_1.png
E2070,Apricot,E2070_Apricot_4.jpg,E2070_Apricot_1.jpg,E2070_Apricot_2.jpg,E2070_Apricot_3.jpg
E1336,Purple,E1336_Purple_1.png
E1071,Truffle,E1071_Truffle_1.jpg
E1774,PowderBlue,E1774_PowderBlue_1.png
E2027,Wine,E2027_Wine_1.png
E1275,Darklilac,E1275_Darklilac_1.png
E1774,Blush,E1774_Blush_1.png,E1774_Blush_2.png,E1774_Blush_3.png
E2068,Midnight,E2068_Midnight_1.png
E1827,Black,E1827_Black_3.png,E1827_Black_2.png,E1827_Black_1.png
E1422,Purple,E1422_Purple_1.jpg
E2292,Red,E2292_Red_2.png,E2292_Red_1.png
E1013,Sangria,E1013_Sangria_1.png,E1013_Sangria_2.png,E1013_Sangria_3.png
B8998,Sangria,B8998_Sangria_1.png,B8998_Sangria_2.png,B8998_Sangria_3.png
E2331,Red,E2331_Red_1.png,E2331_Red_2.png
E2136,Navy,E2136_Navy_1.jpg,E2136_Navy_2.jpg
E2101,Wine,E2101_Wine_1.png
E2511,Blue,E2511_Blue_1.png
E1544,Black,E1544_Black_1.png,E1544_Black_3.png,E1544_Black_2.png
E2088,Wine,E2088_Wine_1.png,E2088_Wine_2.png
E2075,Midnight,E2075_Midnight_1.png
E2060,Midnight,E2060_Midnight_1.png,E2060_Midnight_3.png,E2060_Midnight_2.png
E2498,Blue,E2498_Blue_1.png
E2537,Ivory,E2537_Ivory_1.png,E2537_Ivory_2.png
E2085,Charcoal,E2085_Charcoal_2.png,E2085_Charcoal_1.png
E1322,Purple,E1322_Purple_1.jpg
E2553,Red,E2553_Red_1.png
E2527,Black,E2527_Black_1.png
E2449,Green,E2449_Green_1.png
E2100,Midnight,E2100_Midnight_1.jpg
E1531,Purple,E1531_Purple_1.png
E2500,Blush,E2500_Blush_1.png
E2061,Black,E2061_Black_2.jpg,E2061_Black_1.jpg
E2080,Black,E2080_Black_3.png,E2080_Black_2.png,E2080_Black_1.png,E2080_Black_5.png,E2080_Black_4.png
E1264,Claret,E1264_Claret_6.jpg,E1264_Claret_5.png,E1264_Claret_4.jpg,E1264_Claret_1.png,E1264_Claret_3.png,E1264_Claret_2.png
E2049,Platinum,E2049_Platinum_1.png,E2049_Platinum_2.png,E2049_Platinum_3.png,E2049_Platinum_6.png,E2049_Platinum_4.png,E2049_Platinum_5.png
E2025,Wine,E2025_Wine_2.png,E2025_Wine_3.png,E2025_Wine_1.png,E2025_Wine_4.png
E2276,Gold,E2276_Gold_3.png,E2276_Gold_2.png,E2276_Gold_1.png
E1508,Nude,E1508_Nude_1.png
E1778,Navy,E1778_Navy_1.png,E1778_Navy_2.png
E1852,Charcoal,E1852_Charcoal_2.png,E1852_Charcoal_1.png
E2448,Apricot,E2448_Apricot_2.png,E2448_Apricot_1.png
E1420,Champagne,E1420_Champagne_1.png
F570,Skyblue,F570_Skyblue_1.png,F570_Skyblue_2.png
E2257,Burgundy,E2257_Burgundy_1.png,E2257_Burgundy_3.png,E2257_Burgundy_2.png,E2257_Burgundy_5.png,E2257_Burgundy_4.png
E1270,Coral,E1270_Coral_1.png,E1270_Coral_2.png
E2336,Rose,E2336_Rose_1.jpg,E2336_Rose_2.jpg
E2036,Green,E2036_Green_6.png,E2036_Green_4.png,E2036_Green_5.png,E2036_Green_1.png,E2036_Green_2.png,E2036_Green_3.png
E2244,Black,E2244_Black_2.jpg,E2244_Black_1.jpg
E1581,Black,E1581_Black_1.png,E1581_Black_3.png,E1581_Black_2.png,E1581_Black_4.png
E2241,Ivory,E2241_Ivory_2.png,E2241_Ivory_1.png
E1796,Navy,E1796_Navy_2.png,E1796_Navy_1.png
E1657,Black,E1657_Black_1.png
E1978,Gunmetal,E1978_Gunmetal_4.jpg,E1978_Gunmetal_1.jpg,E1978_Gunmetal_2.jpg,E1978_Gunmetal_3.jpg
E2016,Royal,E2016_Royal_4.jpg,E2016_Royal_1.jpg,E2016_Royal_2.jpg,E2016_Royal_3.jpg
E1983,Mint,E1983_Mint_1.png
E2158,Ivory,E2158_Ivory_1.png
E2030,Fuchsia,E2030_Fuchsia_1.png
E1694,Teal,E1694_Teal_1.png
E2280,Pink,E2280_Pink_4.png,E2280_Pink_1.png,E2280_Pink_3.png,E2280_Pink_2.png
E1428,Purple,E1428_Purple_1.png
E2753,Turquoise,E2753_Turquoise_1.png
E2289,Lavneder,E2289_Lavneder_1.png
AA9312,Ivory,AA9312_Ivory_1.png
F570,Teal,F570_Teal_1.png
E1582,Purple,E1582_Purple_1.png,E1582_Purple_2.png,E1582_Purple_3.png
E2340,Rose,E2340_Rose_1.png
E1581,Red,E1581_Red_1.png
E1988,RoyalBlue,E1988_RoyalBlue_2.png,E1988_RoyalBlue_3.png,E1988_RoyalBlue_1.png
E2076,Midnight,E2076_Midnight_1.png
E1967,Teal,E1967_Teal_2.png,E1967_Teal_1.png
E2042,Wine,E2042_Wine_1.png
E2256,Royal,E2256_Royal_2.png,E2256_Royal_1.png
E1637,BlackNude,E1637_BlackNude_2.png,E1637_BlackNude_1.png
E1637,Black,E1637_Black_1.png,E1637_Black_2.png
E2241,Black,E2241_Black_1.png,E2241_Black_2.png
E2287,Coral,E2287_Coral_1.png,E2287_Coral_2.png
E2085,Black,E2085_Black_1.png
E1396,Purple,E1396_Purple_1.jpg
E1424,Teal,E1424_Teal_1.png
E1730,BurntOrange,E1730_BurntOrange_1.png
E2334,Print,E2334_Print_1.png,E2334_Print_2.png
E1265,Green,E1265_Green_1.png
AA9349,Ivory,AA9349_Ivory_1.png,AA9349_Ivory_2.png
E2182,Navy,E2182_Navy_1.png
E2016,Red,E2016_Red_1.jpg
E1974,Mint,E1974_Mint_1.png
E2770,Red,E2770_Red_1.png
E2786,Purple,E2786_Purple_1.png
E2426,Navy,E2426_Navy_1.jpg
E2774,Black,E2774_Black_1.png
E2570,Burgundy,E2570_Burgundy_1.png
E2509,Red,E2509_Red_1.png
E2125,Navy,E2125_Navy_1.png
E1796,Ivory,E1796_Ivory_1.png
E1022,Purple,E1022_Purple_1.png
E2204,Black,E2204_Black_2.png,E2204_Black_1.png
E1573,Peach,E1573_Peach_3.png,E1573_Peach_2.png,E1573_Peach_1.png,E1573_Peach_4.png
E1986,Tiffany,E1986_Tiffany_4.png,E1986_Tiffany_5.png,E1986_Tiffany_2.png,E1986_Tiffany_3.png,E1986_Tiffany_1.png
E1472,Royal,E1472_Royal_1.png
E2252,Purple,E2252_Purple_3.png,E2252_Purple_2.png,E2252_Purple_1.png
E2041,Ivory,E2041_Ivory_1.png,E2041_Ivory_2.png,E2041_Ivory_3.png,E2041_Ivory_6.png,E2041_Ivory_4.png,E2041_Ivory_5.png
E1502,Claret,E1502_Claret_1.png
E2322,Teal,E2322_Teal_1.png,E2322_Teal_2.png
E1822,Peach,E1822_Peach_1.png,E1822_Peach_2.png
E1285,Fuschia,E1285_Fuschia_3.png,E1285_Fuschia_2.png,E1285_Fuschia_1.png,E1285_Fuschia_4.png
E2403,Silver,E2403_Silver_4.jpg,E2403_Silver_2.jpg,E2403_Silver_3.jpg,E2403_Silver_1.jpg
E1452,Lilac,E1452_Lilac_1.png
E1907,Charcoal,E1907_Charcoal_1.png
E2318,Blue,E2318_Blue_1.png,E2318_Blue_2.png
E1381,Purple,E1381_Purple_1.png
B8865,Claret,B8865_Claret_2.png,B8865_Claret_3.png,B8865_Claret_1.png
E2708,Navy,E2708_Navy_1.png
E2269,Nude,E2269_Nude_3.png,E2269_Nude_2.png,E2269_Nude_1.png
E1824,Pool,E1824_Pool_3.png,E1824_Pool_2.png,E1824_Pool_1.png
E2118,Fuschia,E2118_Fuschia_2.jpg,E2118_Fuschia_3.jpg,E2118_Fuschia_1.jpg,E2118_Fuschia_4.jpg
E1979,Midnight,E1979_Midnight_2.png,E1979_Midnight_3.png,E1979_Midnight_1.png
E2701,Rose,E2701_Rose_1.png
E1663,Fuchsia,E1663_Fuchsia_1.png
E1463,Teal,E1463_Teal_2.png,E1463_Teal_1.png
E1285,Cafe,E1285_Cafe_1.png,E1285_Cafe_2.png
E2535,Burgundy,E2535_Burgundy_1.png
E2615,Claret,E2615_Claret_1.png
E2428,Navy,E2428_Navy_1.png
E1342,Fuschia,E1342_Fuschia_1.png
E1520,Sangria,E1520_Sangria_5.png,E1520_Sangria_4.png,E1520_Sangria_1.png,E1520_Sangria_3.png,E1520_Sangria_2.png
E2767,Wine,E2767_Wine_1.png
E2531,Royal,E2531_Royal_1.png
E2069,Red,E2069_Red_1.jpg
E2543,Black,E2543_Black_1.png
E1582,Fuschia,E1582_Fuschia_1.png
E1890,Black,E1890_Black_1.png
E2764,Royal,E2764_Royal_1.png
E2251,Biscotti,E2251_Biscotti_4.png,E2251_Biscotti_1.png,E2251_Biscotti_3.png,E2251_Biscotti_2.png
E2324,Pink,E2324_Pink_3.png,E2324_Pink_2.png,E2324_Pink_1.png
E2104,Black,E2104_Black_1.jpg,E2104_Black_2.png
E1260,Claret,E1260_Claret_1.png,E1260_Claret_2.png
E2320,Multi,E2320_Multi_2.png,E2320_Multi_3.png,E2320_Multi_1.png
E2144,Mint,E2144_Mint_1.png
E1965,Sangria,E1965_Sangria_1.png
E2513,Red,E2513_Red_1.png
E2035,Jet,E2035_Jet_1.png
E2705,Gold,E2705_Gold_1.png
E2282,Yellow,E2282_Yellow_1.png,E2282_Yellow_2.png
AA229,Ivory,AA229_Ivory_1.png,AA229_Ivory_2.png
E2279,Burgundy,E2279_Burgundy_1.png,E2279_Burgundy_2.png
E2031,Black,E2031_Black_2.png,E2031_Black_1.png
F1116,Silver,F1116_Silver_1.png,F1116_Silver_2.png,F1116_Silver_3.png
E1696,Black,E1696_Black_1.png,E1696_Black_2.png,E1696_Black_3.png
E1767,BlackSilver,E1767_BlackSilver_1.png
E2020,Pool,E2020_Pool_1.png
E1379,Coral,E1379_Coral_2.png,E1379_Coral_3.png
E1295,Fuschia,E1295_Fuschia_1.png,E1295_Fuschia_2.jpg
E2053,Peacock,E2053_Peacock_1.png,E2053_Peacock_3.png,E2053_Peacock_2.png
E2540,Teal,E2540_Teal_1.png
E1327,Black,E1327_Black_1.png
E1730,Royal,E1730_Royal_2.png,E1730_Royal_1.png
E2574,Black,E2574_Black_1.png
E2526,Green,E2526_Green_1.png
E2158,Gold,E2158_Gold_1.png
E2081,Navy,E2081_Navy_1.jpg
E2589,Black,E2589_Black_1.png
E1581,Purple,E1581_Purple_1.png,E1581_Purple_2.png
E2328,Black,E2328_Black_2.png,E2328_Black_1.png
E2210,Silver,E2210_Silver_2.png,E2210_Silver_1.png
E2534,Navy,E2534_Navy_1.png,E2534_Navy_2.png
E2317,Navy,E2317_Navy_1.png
E2088,Pink,E2088_Pink_1.png,E2088_Pink_3.png,E2088_Pink_2.png
E1868,Champagne,E1868_Champagne_1.png
E1882,Royal,E1882_Royal_1.png
E1344,Yellow,E1344_Yellow_1.png
E2165,Fuchsia,E2165_Fuchsia_1.png
E2389,Purple,E2389_Purple_1.jpg
E2514,Emerald,E2514_Emerald_1.png
E2551,Red,E2551_Red_1.png
E2593,Navy,E2593_Navy_1.png
B8588,Skyblue,B8588_Skyblue_1.png
E2517,Champagne,E2517_Champagne_1.png
E1940,Gunmetal,E1940_Gunmetal_1.png,E1940_Gunmetal_2.png,E1940_Gunmetal_3.png,E1940_Gunmetal_6.png,E1940_Gunmetal_4.png,E1940_Gunmetal_5.png
E2259,Wine,E2259_Wine_4.png,E2259_Wine_2.png,E2259_Wine_3.png,E2259_Wine_1.png
E1579,White,E1579_White_1.png
E1259,Skyblue,E1259_Skyblue_3.png,E1259_Skyblue_2.png,E1259_Skyblue_1.png
AA226,Ivory,AA226_Ivory_5.png,AA226_Ivory_4.png,AA226_Ivory_3.png,AA226_Ivory_2.png,AA226_Ivory_1.png
E1421,Coral,E1421_Coral_1.png,E1421_Coral_2.png
E2084,Black,E2084_Black_2.jpg,E2084_Black_3.jpg,E2084_Black_1.jpg,E2084_Black_4.jpg
E2253,Red,E2253_Red_1.png,E2253_Red_2.png,E2253_Red_3.png,E2253_Red_4.png,E2253_Red_5.png
AA9257,White,AA9257_White_1.jpg
E2050,Space,E2050_Space_7.png,E2050_Space_6.png,E2050_Space_4.png,E2050_Space_5.png,E2050_Space_1.png,E2050_Space_2.png,E2050_Space_3.png
E1982,Charcoal,E1982_Charcoal_1.png
E1984,Black,E1984_Black_2.png,E1984_Black_3.png,E1984_Black_1.png
E1573,Purple,E1573_Purple_2.png,E1573_Purple_1.png
E1168,Navy,E1168_Navy_2.png,E1168_Navy_1.png
E2431,Red,E2431_Red_3.jpg,E2431_Red_2.jpg,E2431_Red_1.jpg,E2431_Red_4.jpg
E2021,Wine,E2021_Wine_1.png
E2410,Nude,E2410_Nude_1.jpg,E2410_Nude_2.jpg,E2410_Nude_4.jpg
E2086,Wine,E2086_Wine_2.png,E2086_Wine_1.png
E1378,Red,E1378_Red_1.png
E2121,Midnight,E2121_Midnight_1.png
E2322,Blush,E2322_Blush_1.png
E2335,Royal,E2335_Royal_1.png,E2335_Royal_3.jpg,E2335_Royal_2.png,E2335_Royal_4.jpg
E1285,Lilac,E1285_Lilac_2.png,E1285_Lilac_1.png
E1463,Coral,E1463_Coral_1.png,E1463_Coral_2.png
E1348,Platinum,E1348_Platinum_1.png
E2150,Black,E2150_Black_1.png,E2150_Black_2.png
E2493,Lavender,E2493_Lavender_1.png
B8865,Truffle,B8865_Truffle_2.png,B8865_Truffle_1.png
E2028,Cobalt,E2028_Cobalt_1.png,E2028_Cobalt_3.png,E2028_Cobalt_2.png,E2028_Cobalt_5.png,E2028_Cobalt_4.png
E1799,Fuschia,E1799_Fuschia_4.png,E1799_Fuschia_2.png,E1799_Fuschia_1.jpg
E2229,Ivory,E2229_Ivory_2.jpg,E2229_Ivory_1.jpg,E2229_Ivory_4.jpg
E2768,Navy,E2768_Navy_1.png
E2023,Turquoise,E2023_Turquoise_4.png,E2023_Turquoise_5.png,E2023_Turquoise_1.png,E2023_Turquoise_2.png,E2023_Turquoise_3.png
E2460,Black,E2460_Black_4.jpg,E2460_Black_1.jpg,E2460_Black_2.jpg,E2460_Black_3.jpg
B8865,Purple,B8865_Purple_1.png
E1729,Mint,E1729_Mint_4.png,E1729_Mint_1.png,E1729_Mint_2.png,E1729_Mint_3.png
E2590,Rose,E2590_Rose_1.png
E2554,Gold,E2554_Gold_1.png
B8608,Lilac,B8608_Lilac_1.jpg
AA9320,White,AA9320_White_1.png
E2547,Royal,E2547_Royal_1.png
E2161,Red,E2161_Red_1.png
E1347,Blue,E1347_Blue_1.jpg
E2572,Black,E2572_Black_1.png
E2395,Red,E2395_Red_1.png,E2395_Red_2.png
AA233,Ivory,AA233_Ivory_1.png,AA233_Ivory_2.png
E2233,Gold,E2233_Gold_1.png
E1981,Black,E1981_Black_1.png
E1438,Black,E1438_Black_1.png
E2262,Black,E2262_Black_2.png,E2262_Black_3.png,E2262_Black_1.png
E2034,Berry,E2034_Berry_1.png
E2040,Midnight,E2040_Midnight_1.jpg
E1852,Pink,E1852_Pink_2.png,E1852_Pink_1.png
E2032,Teal,E2032_Teal_2.png,E2032_Teal_3.png,E2032_Teal_1.png
E1270,Teal,E1270_Teal_1.png
E2254,Navy,E2254_Navy_1.png,E2254_Navy_2.png
E1264,Black,E1264_Black_2.png,E1264_Black_1.png
E2275,Royal,E2275_Royal_1.png
E2102,Black,E2102_Black_1.png,E2102_Black_2.png
E2097,Mint,E2097_Mint_2.jpg,E2097_Mint_1.jpg
E2333,Navy,E2333_Navy_2.png,E2333_Navy_1.png
E2613,Mauve,E2613_Mauve_1.png
E1013,Lilac,E1013_Lilac_2.png,E1013_Lilac_1.png
E2227,Fuschia,E2227_Fuschia_1.png,E2227_Fuschia_2.png
E1421,Grey,E1421_Grey_2.png,E1421_Grey_1.png
E1264,Coral,E1264_Coral_1.png,E1264_Coral_3.png,E1264_Coral_2.png
E2231,Blue,E2231_Blue_1.png,E2231_Blue_3.png,E2231_Blue_2.png
E1833,PurpleGold,E1833_PurpleGold_1.png
E2019,Blue,E2019_Blue_1.jpg
E2532,Print,E2532_Print_1.png
E2107,Navy,E2107_Navy_1.png
E2109,Red,E2109_Red_1.png
E1356,Truffle,E1356_Truffle_1.jpg
E2059,Royal,E2059_Royal_1.jpg
E1546,Coral,E1546_Coral_1.png
E2568,Aqua,E2568_Aqua_1.png
E1354,Lilac,E1354_Lilac_1.jpg
E1937,Black,E1937_Black_1.png
E1510,White,E1510_White_1.jpg
E2544,Red,E2544_Red_1.png
E1931,Navy,E1931_Navy_1.png
E2752,Green,E2752_Green_1.png
E2152,Red,E2152_Red_1.png
E2405,Black,E2405_Black_1.png
E2545,Green,E2545_Green_1.png
E2550,Red,E2550_Red_1.png
