STYLE NO.,COLOR,BOXES NEEDED
570,NAVY,"[288, 64]"
570,LILAC,"[3, 508, 814]"
G1116,LILAC,"[154, 147]"
E1852,BURGUNDY,"[113, 4]"
E1799,FUCHSIA,"[19, 4]"
E1852,PINK,"[4, 141, 167]"
E1421,CORAL,"[81, 6]"
E2770,RED,"[403, 254, 6]"
E2327,RED/BLACK,"[392, 390, 6]"
E2253,RED,"[251, 7]"
E2513,RED,"[312, 7]"
E2253,RED ,[7]
BD2006/66,BLACK,[9]
BD2006/502,OFF WHITE,[9]
BD2006/344,OLIVE GREEN,[9]
BD2006/741,PURPLE,[9]
BZ570,ROYAL BLUE,[10]
570,ROYAL BLUE,"[122, 11]"
E1127,TRUFFLE,"[649, 11]"
E1890,BLACK,"[43, 11]"
BD2006/413,,[]
BD2007/101,,[]
BD2007/417,,[]
E2560,NAVY,"[312, 611, 28, 143]"
E2255,FUCHSIA,"[226, 13, 149]"
E2531,ROYAL BLUE,[14]
E2527,BLACK,"[394, 14, 159]"
E1745,TURQUOISE GREEN,"[35, 15]"
E2524,GREEN,[15]
E1379,TRUFFLE,"[334, 15]"
B8808,IVORY/NAVY,[17]
570,PERRI,[30]
E1379,PEACOCK,[18]
570,FUCHSIA,[19]
BZ570,FUCHSIA,[19]
E2526,GREEN,[110]
E2602,MINT,"[204, 157]"
1582,TEAL,[20]
E1582,FUCHSIA,"[632, 733, 511]"
B1799,GREEN,[20]
E1582,GREEN,[20]
E2101,WINE,"[605, 21]"
E1260,JADE,[57]
570,PERIWINKLE,[23]
E2602,BLACK,"[330, 157, 23]"
E2544,RED,"[232, 378, 23]"
E2225,BLACK / GREEN,[24]
E1531,CORAL,"[121, 509]"
E1605,PURPLE,[667]
E1420,PURPLE,"[25, 52]"
B8998,LIGHT GREEN,[26]
E1730,CHARCOAL,"[144, 333]"
570,PEACH,[27]
G1116,BURGUNDY,[28]
BD2001744,BROWN,[29]
E1984,,[]
E1657,BLACK,"[305, 177, 265, 361]"
AA9307,,[]
AA9308,,[]
E1013,SUNSHINE,"[33, 164, 165]"
E1799,TEAL,[139]
E1696,BLACK,"[520, 33, 414, 503]"
E1520,SANGRIA,[35]
E1270,FUCHSIA,"[166, 671]"
AA9309,,[]
AA9306,CHAMPAGNE/IVORY,[38]
AA9315,,[]
AA9313,,[]
AA9326,,[]
E1730,BURNTORE,[41]
E1421,SILVER,[42]
A1054,IVORY,[42]
E1421,GREY,"[42, 50, 154]"
G1116,IVORY,[42]
E1260,TRUFFLE,"[537, 572, 622, 503]"
E1264,BLACK,[50]
E2543,BLACK,"[848, 43, 110]"
E1581,RED,"[43, 173, 102, 181]"
E1908,SKY BLUE,[414]
E1893,BLACK,"[44, 110]"
E1502,NAVY,"[659, 44, 462]"
E1795,NAVY,[44]
E1663,FUCHSIA,"[360, 292, 45]"
E1463,TEAL,"[45, 117, 158]"
E1838,TEAL,"[601, 219]"
E1730,BURNT ORANGE,"[333, 46]"
E1431,CORAL,[46]
E2171,SKY BLUE,[47]
BZ570,SKY BLUE,"[48, 590]"
1116,SILVER,[50]
E1347,,[]
E1672,BLUE,[93]
B8808,IVORY,[51]
B8808,IVORY/BLACK,[51]
BD2006/741,,[]
E1285,FUCHSIA,[74]
E1582,PURPLE,"[205, 261, 53]"
AA9306,IVORY,"[162, 54]"
AA9315,IVORY,"[129, 163, 168, 365, 119]"
E2182,NAVY,[54]
AA9313,IVORY,"[444, 60, 55]"
B8749,GREEN,[56]
E1421,ROYAL,"[336, 57]"
F570,NAVY,[59]
E2252,PURPLE,[59]
E1910,SKY BLUE,[59]
E1827,BLACK,"[404, 603, 59, 156]"
E1909,SKY BLUE,[59]
AA9314,IVORY,[60]
E2171,LIGHT BLUE,"[97, 61]"
E1463,CORAL,"[61, 215]"
E2080,BLACK,"[156, 62]"
E2126,BLACK,"[73, 62]"
E1583,TEAL,"[62, 207]"
E1657,TEAL,[314]
E1796,BLACK,"[808, 62]"
E2136,BLACK,[678]
BD2007/4117,,[]
Z570,,[]
570,ROYAL,[64]
G570,,[]
E2590,ROSE,"[356, 67, 68, 647]"
E2601,EMERALD,"[69, 70, 71]"
E2601,NAVY,[72]
E1412,BROWN,"[193, 76, 773]"
AA9315,WHITE,"[104, 78, 209, 217, 828]"
AA9322,WHITE,"[550, 78]"
AA9332,WHITE,"[550, 724, 78, 551]"
AA9320,WHITE,"[780, 445, 79]"
AA9326,WHITE,[79]
AA9327,WHITE,[79]
A9254,WHITE,[80]
A9312,WHITE,[80]
A9301,WHITE,[80]
BZ570,CORAL,[82]
E2524,CHERRY,"[83, 84]"
E2540,TEAL,"[90, 779, 85]"
E2509,BURGUNDY,"[86, 87]"
E2535,BURGUNDY,[86]
AA9312,BURGUNDY,[89]
AA932,BURGUNDY,[89]
AA9304,WHITE,"[241, 91]"
AA9308,WHITE,"[360, 195, 92, 263]"
E2229,IVORY,[94]
E2241,IVORY,"[94, 494]"
BD2006/10,BEIGE,[98]
BD2006/24,BLACK,[98]
BD2006/183,MIDNIGHT BLUE,[98]
E1729,MINT,[105]
E1729,IVORY,"[99, 131]"
E2114,ROYAL BLUE,"[200, 203, 101]"
E1573,BLACK,"[107, 102]"
E22279,BURGUNDY,[103]
AA9257,WHITE,"[600, 563, 446, 103]"
E1573,PURPLE,"[286, 103]"
B7038,WHITE,[104]
AA226,WHITE,[104]
AA9336,WHITE,[104]
B8808,WHITE,[104]
E1730,BLUE,[106]
E1334,FUCHSIA,"[106, 277, 423]"
E1344,YELLOW,"[106, 181, 430]"
B8486,BLACK/FUCHSIA,"[464, 853]"
E1348,PLATINUM,"[108, 333]"
E1896,POOL/WHITE,[109]
E1347,BLUE,"[114, 180, 110]"
E1470,PEACH,[111]
E2114,ROYAL,"[234, 111]"
B2279,BURGUNDY,[112]
E2087,ROSE/QUARTZ,[113]
E2511,BLUE,"[114, 779, 122]"
AA9321,IVORY,[114]
E2059,ROYAL,"[296, 309]"
E2531,ROYAL,"[114, 135]"
E1672,SKY BLUE,"[114, 299, 174]"
E1032,BLACK,[114]
E2158,GOLD,[115]
E1663,NAVY,"[300, 333]"
E1573,PEACH,[115]
E2106,SKY BLUE,"[240, 595, 116, 150]"
E2241,BLACK,"[857, 699, 164]"
E1827,,[]
E2233,WHITE,"[120, 263]"
E1520,BURNT ORANGE,"[212, 158]"
E1796,BISCOTTI,"[360, 121]"
E2257,WINE,"[352, 122]"
E1386,PLUM,"[122, 405]"
E2053,NAVY,[123]
B1452,PURPLE,[124]
E1663,PURPLE,[125]
E1696,TEAL,[127]
AA9307,IVORY,[129]
BD2006/200,,[]
BD2007/182,,[]
E1502,IVORY,[265]
E2606,MINT,[132]
E2550,RED,"[349, 359]"
B8998,RED,[133]
B8998,CLARET,[134]
E5105,BLACK,[135]
E1795,BISCOTTI,[135]
E2549,BLACK/GREEN,[231]
E1391,PURPLE,"[210, 178, 383]"
E1264,CORAL,"[160, 674, 136]"
AA221,WHITE,"[137, 268]"
E1579,WHITE,"[840, 137]"
E1502,CLARET,"[577, 137]"
B8401,SKY BLUE,"[138, 268]"
E2171,LIGHTBLUE,[138]
E2320,MULTI,[138]
AA9307,WHITE,[140]
E2717,CHAMPAGNE,[140]
E2514,EMERALD,"[172, 143]"
E2019,BLUE,"[850, 140, 143]"
E1510,WHITE,"[435, 140]"
E2327,RED,[141]
E2087,ROSE,[141]
E2160,SKY BLUE,[142]
AA9270,WHITE/NAVY,"[266, 316, 142]"
AA9270,WHITE/BURGUNDY,"[322, 268, 142, 316]"
E2076,MIDNIGHT,"[779, 182, 143]"
E1319,PURPLE,[143]
E1544,BLACK,[412]
E1730,ORANGE,[144]
E1730,ROYAL,"[531, 149]"
E1582,TEAL,"[145, 625, 511]"
E1918,GREEN,"[288, 240, 530]"
E2018,GREEN,[145]
E1507,WATERMELON,"[147, 205]"
E2087,DIRTY ROSE,[147]
E1018,ORANGE,[148]
B8865,SANGRIA,[148]
E1285,SAGE,"[188, 148]"
AA9303,IVORY,[151]
AA9270,WHITE,"[153, 226]"
AA9270,WHITE/IVORY,[153]
AA9300,IVORY,[154]
E1420,ROYAL,"[258, 155]"
E1270,TEAL,"[278, 175]"
E2460,BLACK,"[363, 156]"
E2031,BLACK,"[806, 708, 158]"
E1462,SKY BLUE,[158]
E1986,TIFFANY,[159]
E1285,CAFE,"[779, 159]"
E2281,PURPLE,"[346, 246]"
E1264,CLARET,"[312, 361, 779, 159]"
E2322,BLUSH,"[161, 478]"
E2097,MINT,"[161, 227]"
AA9308,IVORY,[162]
B8865,BROWN,[164]
BD2007/10,COFFEE,[164]
E1965,SANGRIA,[164]
E2082,BLACK,"[164, 205, 190]"
E2449,GREEN,"[851, 164, 269, 231]"
E1463,TRUFFLE,[433]
E2615,CLARET,"[189, 167]"
E2410,MUD,[167]
AA9322,IVORY,[168]
E2042,WINE,"[170, 643, 173]"
E2551,RED,[497]
BZ570,NAVY,[172]
BD 2006/741,PURPLE,[172]
B2602,MINT,[199]
AA9270,WHITE NAVY,[172]
AA9270,BURGUNDY,[172]
B2602,BLACK,[172]
BZ570,BLACK,[173]
E1387,PINK,"[336, 621, 173]"
E2786,PURPLE,"[386, 175]"
E2324,PINK,"[176, 388, 263]"
E1260,SKY BLUE,"[792, 177, 700, 286]"
570,DARK GREEN,[178]
570,MINT,[180]
570,PINK,"[297, 181]"
E1354,LILAC,[182]
E1356,TRUFFLE,"[244, 182]"
E2227,FUCHSIA,"[248, 225]"
E1422,PURPLE,"[355, 245, 239]"
E1424,TEAL,[183]
E2764,ROYAL,[184]
E2046,ROSE,[213]
E2034,BERRY,"[396, 213, 215]"
E1201,WINE,[185]
E1354,LAVENDER,[185]
E1439,TEAL,[308]
E2771,TEAL,"[186, 771]"
E2244,BLACK,[370]
E2225,BLACK GREEN,[190]
AA9254,,[]
AA9301,,[]
570,SAGE,"[193, 628]"
E1420,CHAMPAGNE,[194]
AA9254,WHITE,"[195, 829]"
E1285,IVORY PRINT,[197]
E2553,,[]
,BURNT ORANGE,[]
E2118,FUCHSIA,"[200, 201, 803]"
AA9259,,[]
E1022,PURPLE,"[259, 329, 203, 337, 252]"
E2106,BABY BLUE,[259]
E2511,NAVY,[204]
E2708,BLACK,"[221, 386, 205, 262]"
E2403,SILVER,"[211, 205]"
E2428,NAVY,[206]
E1391,ROYAL BLUE,[206]
E1013,SANGRIA,"[746, 676, 207]"
E1259,SKY BLUE,"[691, 683, 575, 207]"
E2233,GOLD,[208]
E2574,BLACK,[222]
E1546,BLACK,"[211, 220, 270]"
E2333,NAVY,[315]
AA219,WHITE,"[251, 214, 707]"
E2772,ROYAL,[213]
E2781,ROYAL,"[213, 510]"
AA9270,WHITE BURGUNDY,[214]
E2755,PEACH,"[218, 291]"
570,LAVENDER,"[219, 287]"
E1829,BLACK,[219]
E2553,RED,"[395, 310]"
E2360,PURPLE PRINT,[219]
E2509,RED,[387]
E2317,NAVY,"[793, 266, 220]"
E2614,NAVY,[222]
E2081,NAVY,[343]
E1868,CHAMPAGNE,[223]
E1911,NAVY,[223]
G570,PERIWINKLE,[226]
E2291,BLACK/GOLD,[226]
BD2007/183,GREY,"[265, 226]"
E2613,MAUVE,"[368, 226, 842]"
E1852,CHARCOAL,"[260, 294]"
E2520,AQUA,[227]
E2389,PURPLE,[228]
E2030,FUCHSIA,"[228, 381]"
E2547,ROYAL,[351]
E1439,ESMERALD,"[308, 228]"
E1439,EMERALD,[229]
E2599,RED,"[379, 350]"
E1391,ROYAL,[230]
E1436,VICTORIA,[371]
E2449,IVORY,"[232, 250]"
E2754,NAVY,[232]
E2547,ROYAL BLUE,[232]
E2107,LAVENDER,[256]
E2426,NAVY,"[296, 349]"
E2061,BLACK,[298]
E2067,BLACK/BURGUNDY,[236]
E2366,BLACK/GOLD,"[363, 237, 529, 372, 374, 601]"
E2035,BLACK/GUNMETAL,[237]
E2423,WHITE/BLUE,[237]
E2781,RED,[249]
E2448,APRICOT,[237]
E2225,BLACK/GREEN,[275]
E2436,BLACK/PRINT,[238]
E2142,PURPLE,[239]
AA9332,OFF WHITE,[241]
BD2007/09,,[]
E2269,NUDE,[245]
E2259,WINE,[245]
E1369,PURPLE,[245]
E2329,BLACK,[425]
E2589,BLACK,"[254, 247]"
E1546,CORAL,"[248, 366]"
E2463,BLACK/PRINT,[250]
E2708,BLACK/PRINT,[250]
E2430,WHITE,[250]
E1538,SAGE,[842]
B8998,CORAL,"[474, 565]"
E2549,GREEN,[251]
E1022,SUNSHINE,[252]
E1809,ORANGE,"[329, 307, 318]"
E2395,RED,"[288, 344, 252]"
E1822,PEACH,"[757, 255]"
E2085,CHARCOAL,[260]
E2775,ROYAL,"[260, 271, 375]"
E2753,TURQUOISE,"[552, 529, 260]"
E2430,WHITE/BLACK,[260]
E1799,LILAC,"[261, 712, 426, 440, 569]"
E2787,NAVY,"[276, 262]"
E2443,GREEN,[262]
E1552,BLACK,[357]
BD2006/972,WINE,[265]
BD2007/10,GOLD,[266]
E2394,IVORY/PRINT,[266]
AA229,WHITE/NUDE,[266]
E1907,CHARCOAL,[266]
B8896,NAVY,[267]
E1657,LAVENDER,[267]
B8808,NAVY/IVORY,[328]
E1697,TEAL,[269]
E2003,BLUE,[269]
E2335,ROYAL,"[315, 269]"
E2578,BLACK,"[393, 286, 510]"
E2430,WHITE/BLUE,"[363, 271]"
E1778,NAVY,[271]
E2767,WINE,[271]
E7715,BLACK,[271]
E2074,NAVY,[271]
B8581,PINK,[272]
E2752,GREEN,"[464, 361, 693]"
B8088,IVORY,[273]
E2557,NAVY,"[610, 390]"
E2088,WINE,[273]
E2088,BLACK,"[352, 273]"
E2088,BURGUNDY,[274]
E2084,BLACK,[274]
AA9301,WHITE,"[650, 477, 279]"
AA9312,WHITE,"[600, 706, 279]"
AA9319,WHITE,"[600, 455, 650, 279]"
F1116,FUCHSIA,[280]
F1116,GOLD,[281]
F1116,BLACK,[283]
E2331,RED,"[786, 284, 373]"
E2778,BLUSH,[286]
570,CHAMPAGNE,[287]
B1022,PURPLE,[288]
E2027,WINE,"[418, 777, 290]"
E1436,POOL,[290]
E1428,PURPLE,[290]
E2158,SILVER,[290]
F570,BANANA,[291]
B570,BANANA,[291]
B8998,APPLE RED,"[291, 646]"
BZ570,RED,[291]
E1448,PURPLE/BLACK,[292]
2088,BURGUNDY,[293]
B8865,PURPLE,"[442, 294]"
1116,IVORY,[298]
E1264,TEAL,"[302, 303]"
E1911,,[]
E2088,WHITE,[306]
E1439,GREY,[309]
E2494,PINK,"[685, 311]"
AA9270,WHITE/RED,[316]
G1116,SILVER,[319]
E2545,GREEN,[321]
AA9309,WHITE,"[323, 548, 324]"
AA9302,WHITE,[323]
E2517,CHAMPAGNE,[326]
E1510,WHITE/BLUE,"[612, 326]"
E1983,MINT,[335]
E1672,ROYAL,[335]
E1986,POOL,[387]
E2410,NUDE IVY,[336]
E1022,SUNRISE,[338]
E2275,ROYAL,[339]
E2573,TURQUOISE,[342]
E2584,BLACK,[345]
E2291,BLACK GOLD,"[353, 367]"
E2587,BLACK,[350]
E2282,YELLOW,[357]
E2204,BLACK,[352]
E2050,BLUE/BLACK,[352]
E2041,IVORY,"[352, 389]"
E2213,NAVY,[352]
E2040,MIDNIGHT,[352]
E2280,PINK,[353]
E1396,PURPLE,[355]
E1685,FUCHSIA,[358]
BD2006/200,BLACK,"[360, 361]"
E1355,YELLOW,[360]
E1947,ROYAL,"[361, 394]"
BD2006/502,,[]
E2773,LIGHT GOLD,[368]
E2251,CHARCOAL,[364]
E2256,ROYAL,[364]
E2245,BLACK/GREEN,[382]
E2292,RED,[367]
AA3257,IVORY,[369]
AA219,IVORY,"[369, 698]"
E2035,JET,[370]
E2036,GREEN,[370]
E1531,POOL,"[371, 766]"
E2158,IVORY,[376]
E2075,MIDNIGHT,"[512, 697, 383]"
E2346,GOLD,[373]
E2340,ROSE,[373]
AA9257,IVORY,"[377, 705, 774, 782]"
E2600,RED,[378]
E2600,ROYAL,[380]
AA9270,APPLE RED,[383]
E2076,NAVY,[383]
E2388,BLACK/GREEN,[384]
E2326,BLACK/RED,[384]
E2327,BLACK/RED,[384]
E2289,PURPLE,[384]
E2231,BLUE,[385]
E1524,TEAL,[388]
E2768,ROYAL,[389]
G1116,NAVY,"[736, 395, 391]"
E1452,PURPLE,[395]
E2360,PURPLE/PRINT,[397]
G1116,BLACK,[398]
G1116,PURPLE,[398]
G1116,TRUFFLE,[398]
570,GREEN,[398]
E1118,LILAC,[399]
E1326,NAVY,"[400, 802]"
E1264,NAVY,"[400, 517, 696]"
E1342,FUCHSIA,[401]
E2336,ROSE,[401]
E1412,BLACK,"[402, 759]"
E1412,ROYAL,"[787, 625, 403]"
E2496,PEACH,"[404, 566]"
E1796,NAVY,[405]
E2498,BLUSH,[407]
E1544,RED,"[428, 407]"
E1381,PURPLE,[408]
E1322,PURPLE,[409]
E1303,GREY,"[410, 802]"
E2568,AQUA,"[411, 749, 415]"
E1336,PURPLE,[413]
E2322,TEAL,[413]
E1336,LILAC,"[452, 414]"
E2128,CHAMPAGNE,[414]
E1467,GOLD,[415]
B8661,ORANGE,[416]
B8608,SKY BLUE,[416]
E2496,SKY BLUE,[417]
E1312,SUNSHINE,[419]
E1194,FUCHSIA,"[545, 818, 709]"
B8667,YELLOW,"[664, 419]"
E1260,PINK,"[419, 659]"
E1852,RED,[419]
E1295,TEAL,"[569, 595, 419, 499]"
B8865,IVORY,"[420, 822]"
B8865,WHITE,"[420, 605]"
E2495,PINK,"[421, 719]"
E1591,PURPLE,[422]
E2493,LAVENDER,[424]
B9000,BURGUNDY,[426]
E1696,CORAL,"[592, 747]"
E1729,FUCHSIA,"[824, 426, 581]"
B8588,PINK,[427]
E1270,POOL,"[736, 579, 630]"
E2039,POWDER BLUE,"[850, 427, 463]"
E1696,ROYAL,"[675, 789]"
E1295,TRUFFLE,"[458, 459, 453]"
E1774,POWDER BLUE,[427]
E24,,[]
E1312,CLARET,"[429, 614]"
E1891,PURPLE,[430]
E2060,MIDNIGHT,[608]
E1497,PURPLE,[430]
E1581,PURPLE,[432]
E1333,TEAL,[433]
E1340,PURPLE,[434]
E1340,APPLE RED,"[435, 676]"
E1340,POOL,"[435, 676]"
AA9256,WHITE,"[640, 457, 436]"
E1470,GOLD,[437]
E2708,NAVY,"[438, 439]"
AA9317,WHITE,"[580, 536, 780, 535, 440]"
AA9271,WHITE,"[441, 470, 825]"
AA9357,WHITE,[441]
AA9256,IVORY,"[483, 456, 479, 441, 767]"
AA9309,IVORY,"[578, 443, 564, 781]"
AA9318,IVORY,"[443, 652]"
AA9331,IVORY,[443]
B1259,WHITE,[443]
AA9346,IVORY,"[843, 444]"
AA9290,IVORY,[444]
AA9316,IVORY,"[444, 781, 502, 455]"
AA9316,WHITE,"[578, 838, 754, 564, 445, 542]"
AA9335,WHITE,[445]
AA9331,WHITE,"[600, 825, 446]"
E1340,WHITE,"[526, 527]"
E1265,GREEN,[452]
E1350,WHITE,[452]
E1013,TRUFFLE,"[537, 670]"
AA9310,IVORY,[470]
E1194,TEAL,"[493, 453]"
B8865,,[]
AA9271,IVORY,"[456, 543, 455]"
AA9319,IVORY,"[826, 652, 455]"
E1593,POOL,"[456, 746]"
B9000,TRUFFLE,"[730, 778, 461]"
E1875,BLACK,"[603, 461]"
B9000,PURPLE,"[474, 637, 461]"
E1729,PRINT,[463]
E2701,ROSE,"[841, 723, 735]"
B8898,CORAL,[464]
E1119,CHAMPAGNE,[465]
E2495,SKY BLUE,[682]
E1371,APPLERED WHITE,[466]
E2437,NAVY PRINT,"[467, 492]"
E2160,FUCHSIA,[468]
B8865,TRUFFLE,"[656, 618]"
E1168,SAGE,"[523, 588, 469]"
E2774,BLACK,"[716, 717]"
B8486,BLACK/LILAC,[568]
B9000,DUSTY PINK,"[649, 474]"
E1168,TEAL,"[476, 524]"
E1676,BLUE/PINK,[591]
E1259,PINK,[479]
AA9318,,[]
E2494,SANGRIA,"[481, 701]"
E2503,SKY BLUE,[641]
AA222,WHITE,"[625, 482, 570, 623]"
AA9310,WHITE,"[482, 827, 652, 541]"
E1044,DARK CELADON,[484]
B8921,LIGHT GREEN,[484]
B8608,LILAC,[603]
B8896,LILAC/WHITE,[484]
E1386,LILAC,"[484, 487]"
E1954,PLUM,[794]
E1762,PURPLE,[485]
E1582,BURGUNDY,"[531, 485]"
B8865,SILVER,[486]
B8896,SILVER,[486]
B8921,VIOLET,[486]
E1371,SAGE,"[854, 850, 486]"
E1930,BLACK,"[805, 486]"
E1937,BLACK,[486]
B8896,TRUFFLE,[487]
B8921,TRUFFLE,[487]
B8940,TRUFFLE,[487]
E1387,TURQUOISE,[761]
B2498,BLUSH,[489]
B2493,PEACH,[489]
B1259,SKY BLUE,[490]
B2322,BLUSH,[490]
B2501,BLUSH,[490]
B2496,PEACH,[490]
AA9329,,[]
E1168,TRUFFLE,"[555, 494, 627, 696, 637]"
E1168,BURGUNDY,[494]
AA222,IVORY,[495]
E1270,CORAL,"[819, 655]"
E2078,BURGUNDY,[497]
E2510,IVORY,[498]
E1822,IVORY,[498]
E2537,IVORY,[498]
E1068,BURGUNDY,"[536, 499]"
E2136,NAVY,"[499, 605]"
E2493,PEACH,"[707, 854]"
E1676,BLUE/FUCHSIA,[500]
AA9254,IVORY,"[501, 758]"
AA9312,IVORY,"[705, 501]"
AA9317,IVORY,"[538, 652, 501]"
E2049,PLATINUM,[502]
G1116,POOL,[503]
E1637,BLACK,"[857, 503]"
B8998,POOL,[654]
E2554,,[]
E9314,WHITE,[505]
E2554,GOLD,"[505, 516]"
570,SKY BLUE,[508]
E1531,PURPLE,"[617, 562, 713, 725]"
E2780,ROYAL,[510]
E1064,MINT,[739]
E1573,CORAL,"[517, 806]"
E1942,ROYAL,[525]
E1340,BLACK,"[612, 526, 791]"
E9000,BURNT ORANGE,[529]
E1844,MINT,[531]
E2262,BLACK,"[581, 533]"
E1596,PURPLE,[533]
AA9329,IVORY,[538]
AA9314,WHITE,"[719, 541, 839, 543]"
E1068,KIWI,[813]
AA9318,WHITE,"[600, 706, 827, 542]"
B9000,LILAC,[657]
E2107,NAVY,"[624, 847]"
88468,BLACK,[549]
E2086,BURGUNDY,[550]
AA9349,WHITE,[551]
E1028,WHITE,[551]
E1270,LILAC,[555]
E1013,LILAC,[799]
E1795,IVORY,[561]
E1275,DARK LILAC,"[565, 694]"
E2322,PEAL,[566]
E1295,FUCHSIA,"[568, 700]"
E1387,GREEN,"[769, 570, 819]"
E2318,BLUE,"[584, 571, 804]"
E2501,LAVENDER,"[673, 687]"
E2165,FUCHSIA,[598]
B8865,CLARET,"[661, 599]"
AA9257,,[]
AA9331,,[]
AA9270,IVORY,[579]
AA9313,WHITE,"[580, 839]"
B8608,PINK,[603]
B8998,WHITE,"[586, 795, 645]"
BZ570,TRUFFLE,[587]
E2501,BLUSH,"[690, 639]"
E2267,ROYAL BLUE,[590]
E2498,BLUE,[687]
AA222,,[]
E1931,NAVY,"[857, 593, 599]"
E2570,BURGUNDY,"[856, 594, 751]"
E1694,TEAL,[594]
E2753,SKY BLUE,[594]
E1285,LILAC,[712]
E1265,COFFEE,[601]
E1265,BLUE,"[601, 635]"
E1442,BLACK,[601]
B8896,PURPLE/WHITE,[601]
E1950,BLACK,"[603, 805]"
B8968,GREEN,[605]
E2705,GOLD,[605]
B1857,NAVY,[605]
E1024,BANANA,[607]
E1024,MINT,[607]
E2096,WHITE/BLACK,[608]
42113,APRICOT,[609]
E1378,RED,[609]
E1278,GREY,[611]
E2251,RED,"[611, 612]"
E1581,BLACK,"[697, 613]"
E1537,BLACK,[613]
E1379,CORAL,[614]
E8865,TRUFFLE,[616]
E1250,CORAL,[619]
B8998,SANGRIA,[620]
B8998,ROYAL,[739]
AA9270,LAVENDER,[621]
G1116,SKY BLUE,[622]
42213,PINK,[623]
E2043,ROSE/QUARTZ,[623]
E1119,VICTORIA LILAC,[835]
E1032,PISTACHIO,[626]
E1032,SUNSHINE,[626]
E1194,SKY BLUE,"[627, 700]"
G1116,APPLE RED,[629]
E2042,BURGUNDY,[632]
E1861,RED,[632]
AA9256,,[]
AA9314,,[]
G1116,RED,[635]
E0021,CORAL,[635]
F1116,SKY BLUE,[636]
E2301,GREY,[636]
B8967,GREEN,[637]
E2501,MINT,[638]
E2403,BLACK,[642]
,SAGE,[]
B8486,BLACK/LIME,[644]
B1260,TRUFFLE,[644]
BZ570,POOL,"[716, 725, 653]"
E1295,SAGE,"[725, 653]"
E2431,RED,[657]
E2785,GOLD,[658]
E1696,RED,"[659, 807]"
B8588,SKYBLUE/BLACK,[660]
B8506,PINK,[660]
E1089,PEACH,[662]
B8894,BROWN/CHAMPAGNE,[664]
E2111,MINT,[665]
E2144,MINT,[668]
B8859,BLACK,[672]
E2160,WHITE PRINT,[672]
E1327,BLACK,"[674, 677]"
E1379,WATERMELON,"[675, 847]"
42113,PINK,[676]
B8865,ROYAL,[676]
E1340,CORAL,[678]
E1340,RED,[678]
570,WHITE,[681]
E1909,GREY,[684]
E2497,MINT,[686]
E1118,CORAL,[688]
E1118,PURPLE,[688]
E1502,RED,[693]
E1849,BLACK,[693]
E1940,GUNMETAL,[694]
E1767,BLACK,[694]
E1918,BOTTLE GREEN,[694]
E1767,BLACK/SILVER,[699]
E2385,GOLD/BLACK,"[722, 700]"
E1119,BURGUNDY,"[704, 850]"
B8660,MELON,[704]
1116,NAVY,[706]
E2344,BLACK/NUDE,[708]
E1824,POOL,[708]
E1904,BLACK,[708]
E2072,BLACK,[708]
AA9305,IVORY,[710]
AA9271,IVORY/CHAMPAGNE,[710]
E1168,RED,[713]
B1194,SKY BLUE,[713]
B1502,CLARET,[713]
E1319,WHITE/BLACK,[714]
E1294,TEAL,[714]
E1295,WATERMELON,[720]
E1502,POOL,[725]
AA219,,[]
E1502,,[]
E2356,BLACK PRINT,[726]
E2160,ROYAL,[726]
5134,,[]
E2162,RAINBOW,[728]
E2436,BLACK PRINT,"[841, 729]"
AA9312,,[]
E1698,CORAL,[730]
B8896,TRUFFLE/WHITE,[731]
E1168,VICTORIA LILAC,[732]
E1879,PURPLE,[732]
E2500,BLUSH,[734]
E2046,NAVY,[736]
E1513,CORAL,[738]
E1064,CHARCOAL,[745]
E2018,PEACOCK/GREEN,[746]
E2180,WINE,[751]
B8998,TRUFFLE,"[752, 753]"
E2053,PEACOCK,"[754, 787]"
AA9330,,[]
AA9319,,[]
E9312,IVORY,[758]
E2210,SILVER,[762]
E2243,BLACK/RED,[788]
E1024,PERSIMMON,[768]
G1116,PINK,[770]
E1312,SANGRIA,[777]
E1127,DARK PINK,[777]
E2053,TEAL,[777]
E2088,DUSTY ROSE,[779]
E2121,MIDNIGHT,[779]
E1379,TEAL,[779]
E2076,WINE,[779]
E2498,TEAL,[784]
E1013,FUCHSIA,[785]
E1696,BLUE/PINK,[785]
E1371,TRUFFLE/WHITE,[786]
E2296,GREEN/PURPLE,"[856, 789]"
E1838,BLACK,[792]
E1168,LILAC,[792]
B8588,SKY BLUE,[793]
E2497,BLUSH,[795]
E2493,AQUA,[796]
E2433,BLACK/PRINT,[797]
4386,BLACK,"[849, 803]"
E2110,BLACK,[803]
2260,BLACK/RED,[803]
E1683,WHITE,[803]
E2258,CHARCOAL,[804]
E2561,NAVY,[804]
E1264,ORANGE,[806]
E1796,LAVENDER,[806]
E1548,PINK,[806]
E1285,PURPLE,"[847, 807]"
E1573,SKY BLUE,[807]
E1264,LILAC,[807]
E1013,CLARET,[807]
E2256,BLACK,[807]
F1116,APPLE,[808]
E2328,BLACK,[808]
E1465,PURPLE,[812]
E1089,CORAL,[813]
E1089,SUNSHINE,[816]
E1071,TRUFFLE,[816]
E2102,BLACK,[816]
E1025,NAVY,[817]
B8895,CORAL,[818]
1386,PLUM,[818]
2436,BLACK,[819]
E1636,BLACK,[819]
E1013,PINK,[819]
E1981,BLACK,[823]
B8894,CHAMPAGNE/NAVY,[824]
AA9298,WHITE,[826]
E8665,FUCHSIA,[831]
AA233,WHITE/IVORY,[833]
AA9329,WHITE,[833]
E1024,TRUFFLE,[834]
570,VICTORIA LILAC,[834]
E1071,PEACH FIZZ,[836]
E1068,VICTORIA LILAC,[836]
B8691,MELON,[837]
AA9349,IVORY,"[840, 846]"
E2410,NUDE/IVORY,[841]
E1540,BLUE/PINK,[844]
E1194,WHITE,[846]
E1895,BLACK,[846]
E1831,RED,[846]
E1264,SAGE,[846]
E1573,ROYAL,[847]
E1573,TEAL,[847]
E1852,FUCHSIA,[847]
E1909,GREEN,[847]
5105,BLACK,[849]
E8588,SKYBLUE/BLACK,[850]
B8320,ORANGE,[850]
E1939,TEAL,"[856, 850]"
E2524,MAUVE,[850]
E1472,ROYAL,[850]
E1379,SAGE,[850]
AA9301,WHITE/IVORY,[852]
E252,GREEN,[855]
E2043,CORAL,[855]
E1716,PURPLE,[855]
E1761,RED,[855]
E2196,RED,[855]
E1637,BLACK/NUDE,[857]
E2073,BLUE,[857]
