STYLE NO.,COLOR
570,CORAL
570,NAVY
570,BLACK
G1116,LILAC
570,LILAC
1116,CORAL
E1852,BURGUNDY
E1799,FUCHSIA
E1852,PINK
E1421,CORAL
E2770,RED
E2327,RED/BLACK
E2253,RED
E2513,RED
E2253,RED 
570,LAVENDER
BD2006/66,BLACK
BD2006/502,OFF WHITE
BD2006/344,OLIVE GREEN
BD2006/741,PURPLE
BZ570,ROYAL BLUE
570,ROYAL BLUE
570,PINK
570,VICTORIA LILAC
570,BANANA YELLOW
E1127,TRUFFLE
E1890,BLACK
BD2006/413,
BD2007/417,
BD2007/101,
E2560,NAVY
BZ570,PINK
E2255,FUCHSIA
E2531,ROYAL BLUE
E2527,BLACK
E1745,TURQUOISE GREEN
E2524,GREEN
E1379,TRUFFLE
B8808,IVORY/NAVY
570,PERRI
E1379,PEACOCK
E2526,GREEN
E2023,TURQUOISE
E2511,BLUE
E1946,NAVY
570,FUCHSIA
BZ570,FUCHSIA
E2602,MINT
1582,TEAL
E1582,FUCHSIA
B1799,GREEN
E1582,GREEN
E2023,TIFFANY
E2101,WINE
E1260,JADE
570,PERIWINKLE
E2602,BLACK
E2544,RED
BZ570,NAVY
E2225,BLACK / GREEN
E1531,CORAL
E1605,PURPLE
1116,BANANA
1116,BANANA (FLOWER)
E1420,PURPLE
B8998,LIGHT GREEN
E1730,CHARCOAL
570,PEACH
G1116,BURGUNDY
G1116,LAVENDER
E2532,PRINT
BD2001744,BROWN
E1984,
E1657,BLACK
E1244,BLACK
AA9307,
AA9308,
E1013,SUNSHINE
E1799,TEAL
E1696,BLACK
E1520,SANGRIA
E1270,FUCHSIA
AA9309,
AA9306,CHAMPAGNE/IVORY
AA9315,
AA9313,
AA9326,
570,SKY BLUE
E1730,BURNTORE
E1421,GREY
E1421,SILVER
E1168,LILAC
E1656,LAVENDER
E1285,LILAC
4386,BLACK
B8486,BLACK
E2301,BLACK
E2100,MIDNIGHT
A1054,IVORY
G1116,IVORY
E1799,GREY
570,SILVER
G1116,SILVER
B8998,WHITE
E1260,TRUFFLE
E1264,BLACK
E2543,BLACK
E1581,RED
E2253,PRINT
E1908,SKY BLUE
E1893,BLACK
E1502,NAVY
E1795,NAVY
E1838,TEAL
E1663,FUCHSIA
E1463,TEAL
E1730,BURNT ORANGE
E1431,CORAL
E2171,SKY BLUE
570,IVORY
BZ570,SKY BLUE
BZ570,IVORY
1116,SILVER
E1347,
E1672,BLUE
E1981,BLACK
E2225,BLACK
E2076,MIDNIGHT
E1391,PURPLE
E2252,PURPLE
B8808,IVORY
B8808,IVORY/BLACK
BD2006/741,
BZ570,PURPLE
570,PURPLE
E1285,FUCHSIA
E1582,PURPLE
AA9306,IVORY
AA9315,IVORY
E2182,NAVY
AA9313,IVORY
B8749,GREEN
E1421,ROYAL
E1428,PURPLE
B8998,SANGRIA
F570,NAVY
E2107,LAVENDER
E1910,SKY BLUE
E1827,BLACK
E1909,SKY BLUE
AA9314,IVORY
E2171,LIGHT BLUE
E1463,CORAL
570,CHAMPAGNE
E2080,BLACK
E2126,BLACK
E1583,TEAL
E1657,TEAL
E1796,BLACK
E2136,BLACK
BD2007/4117,
Z570,
570,ROYAL
E1264,CLARET
G570,
E2590,ROSE
E2601,EMERALD
E2601,NAVY
E1412,BROWN
AA9315,WHITE
AA9322,WHITE
AA9332,WHITE
AA9320,WHITE
AA9326,WHITE
AA9327,WHITE
B8865,WHITE
A9254,WHITE
A9312,WHITE
A9301,WHITE
BZ570,CORAL
E2524,CHERRY
E2540,TEAL
E2509,BURGUNDY
E2535,BURGUNDY
1116,BURGUNDY
1116,GOLD
AA9251,BURGUNDY
AA9312,BURGUNDY
AA932,BURGUNDY
AA9307,WHITE
AA9304,WHITE
AA9308,WHITE
E2229,IVORY
E2241,IVORY
E1988,ROYAL BLUE
BD2006/10,BEIGE
BD2006/24,BLACK
BD2006/183,MIDNIGHT BLUE
E1729,MINT
E1729,IVORY
AA9309,IVORY
E2114,ROYAL BLUE
E1573,BLACK
E22279,BURGUNDY
AA9257,WHITE
E1573,PURPLE
B7038,WHITE
AA226,WHITE
AA9336,WHITE
B8808,WHITE
G1116,FUCHSIA
E1573,PEACH
E1730,BLUE
E1334,FUCHSIA
E1344,YELLOW
E2080,COBALT
E2548,PURPLE
B8486,BLACK/LILAC
B8486,BLACK/FUCHSIA
E1348,PLATINUM
E1896,POOL/WHITE
E1347,BLUE
1116,FUCHSIA
E1470,PEACH
E2114,ROYAL
570,TRUFFLE
BZ570,TRUFFLE
B2279,BURGUNDY
E2087,ROSE/QUARTZ
E2082,BLACK
E2087,DIRTY ROSE
E2613,MAUVE
AA9321,IVORY
E2059,ROYAL
E2531,ROYAL
E1672,SKY BLUE
E1032,BLACK
E2158,GOLD
E1663,NAVY
E2106,SKY BLUE
E2241,BLACK
E1827,
E12126,BLACK
E1510,WHITE
E2233,WHITE
E1520,BURNT ORANGE
E2449,GREEN
E1796,BISCOTTI
E2257,WINE
E1386,PLUM
E1354,LILAC
E1422,PURPLE
E1452,PURPLE
E2281,PURPLE
E2514,EMERALD
E2053,NAVY
E1796,IVORY
E1508,NUDE
E2416,NUDE
E2053,TEAL
E2025,WINE
B1452,PURPLE
E1663,PURPLE
E2549,BLACK GREEN
E2018,GREEN
E2018,PEACOCK
E1696,TEAL
E1502,CLARET
E2757,RED
E1967,TEAL
AA9307,IVORY
BD2006/200,
BD2007/182,
E1502,IVORY
E2606,MINT
E2550,RED
B8998,RED
B8998,CLARET
E5105,BLACK
E1795,BISCOTTI
E2549,BLACK/GREEN
E1264,CORAL
AA221,WHITE
E1579,WHITE
AA222,WHITE/IVORY
B8401,SKY BLUE
E2171,LIGHTBLUE
E2320,MULTI
E2162,RAINBOW
E1264,TEAL
570,BANANA
E2717,CHAMPAGNE
E2019,BLUE
E1581,BLACK
E2327,RED
E2087,ROSE
E1824,POOL
E2042,WINE
E2160,SKY BLUE
AA9270,WHITE/NAVY
AA9270,WHITE/BURGUNDY
E1319,PURPLE
E1544,BLACK
E1018,ORANGE
E2225,BLACK/GREEN
E1730,ORANGE
E1730,ROYAL
E1582,TEAL
E1918,GREEN
E2171,BLUE
E1507,WATERMELON
E2768,NAVY
B8865,SANGRIA
B8865,PURPLE
B8716,FUCHSIA
E1285,SAGE
E2366,BLACK/GOLD
AA9303,IVORY
E1852,CHARCOAL
E2031,BLACK
AA9270,WHITE/IVORY
E2405,BLACK
AA9270,WHITE
G570,SKY BLUE
AA9300,IVORY
E1420,ROYAL
E1270,TEAL
E2460,BLACK
E1463,TRUFFLE
F570,PINK
E1462,SKY BLUE
E1285,CAFE
E1986,TIFFANY
E2322,BLUSH
E2097,MINT
AA9308,IVORY
B8865,BROWN
BD2007/10,COFFEE
E1965,SANGRIA
E1387,PINK
E2615,CLARET
E2410,MUD
AA9322,IVORY
E2109,RED
E2279,BURGUNDY
E2551,RED
E1412,ROYAL
BD 2006/741,PURPLE
AA9270,WHITE NAVY
B2602,MINT
AA9270,BURGUNDY
B2602,BLACK
BZ570,BLACK
G1116,ROYAL
E2254,NAVY
E2786,PURPLE
E2708,NAVY
E2324,PINK
E1809,ORANGE
E1260,SKY BLUE
E1391,CLARET
570,DARK GREEN
570,MINT
E1356,TRUFFLE
E2227,FUCHSIA
E1424,TEAL
E2046,WHITE
E2046,ROSE
E2046,NAVY
E2764,ROYAL
E2034,BERRY
E1439,TEAL
E1201,WINE
E1354,LAVENDER
80377,AQUA
E2771,TEAL
E2244,BLACK
E2049,PLATINUM
E2225,BLACK GREEN
AA9254,
AA9301,
570,SAGE
D8998,LIGHT GREEN
E1420,CHAMPAGNE
AA9254,WHITE
570,BURGUNDY
E2767,WINE
E1285,IVORY PRINT
E2394,IVORY PRINT
E2553,
,BURNT ORANGE
E2118,FUCHSIA
AA9259,
E1022,PURPLE
E1264,APPLE RED
E2106,BABY BLUE
E2511,NAVY
E2708,BLACK
E2403,SILVER
E2428,NAVY
E1391,ROYAL BLUE
E2436,BLACK PRINT
E2360,PURPLE PRINT
E1013,SANGRIA
E1259,SKY BLUE
E2233,GOLD
E2574,BLACK
E1546,PURPLE
E1546,BLACK
E2333,NAVY
AA219,WHITE
E2068,MIDNIGHT
E2772,ROYAL
E2781,ROYAL
E2553,RED
E2509,RED
E2289,LAVENDER
AA9270,WHITE BURGUNDY
E2389,PURPLE
E2755,PEACH
E2619,NAVY
E1829,BLACK
E2030,FUCHSIA
E2317,NAVY
E2614,NAVY
E2081,NAVY
E1868,CHAMPAGNE
E1911,NAVY
G570,PERIWINKLE
F570,LAVENDER
E2291,BLACK/GOLD
BD2007/183,GREY
E2520,AQUA
E1685,FUCHSIA
E2547,ROYAL
E1439,ESMERALD
E2079,NAVY
E2028,BLACK
E2292,RED
E1439,EMERALD
E1438,BLACK
E2781,RED
E2599,RED
E1391,ROYAL
E2036,GREEN
E1436,VICTORIA
E2449,IVORY
E2754,NAVY
E2547,ROYAL BLUE
E2426,NAVY
E1170,APRICOT
E1981,ROYAL
E2061,BLACK
E2067,BLACK/BURGUNDY
E2035,BLACK/GUNMETAL
E2423,WHITE/BLUE
E2448,APRICOT
E2084,BLACK
E2578,BLACK
E2436,BLACK/PRINT
E2778,BLUE
E2142,PURPLE
F1116,FUCHSIA
AA9332,OFF WHITE
E1032,PISTACHIO
E2514,CLARET
E2086,BROWN
E2441,IVORY
E1968,BLACK
B8865,CLARET
BD2007/09,
E1586,PURPLE
E2269,NUDE
E2259,WINE
E1369,PURPLE
E2329,BLACK
E2589,BLACK
E2035,JET
E1546,CORAL
E2036,EMERALD
E2041,IVORY
E2547,BLACK
E2463,BLACK/PRINT
E2708,BLACK/PRINT
E2430,WHITE
E2346,GOLD
E1538,SAGE
B8998,CORAL
E2549,GREEN
E1986,
E1022,SUNSHINE
E2395,RED
E1822,IVORY
E2070,APRICOT
E2158,IVORY
E1822,PEACH
E2110,BLACK
E1449,SILVER
E2085,CHARCOAL
E2775,ROYAL
E2753,TURQUOISE
E2430,WHITE/BLACK
E1799,LILAC
E2161,RED
E2787,NAVY
E2443,GREEN
E2779,PINK
E1552,BLACK
E1988,ROYAL
BD2006/972,WINE
E2042,BURGUNDY
BD2007/10,GOLD
E2394,IVORY/PRINT
AA229,WHITE/NUDE
E1907,CHARCOAL
B8896,NAVY
E1657,LAVENDER
E2534,BLUE
E1796,NAVY
E2032,TEAL
B8808,NAVY/IVORY
E1697,TEAL
E2003,BLUE
E2335,ROYAL
E2148,PURPLE
E2771,IVORY/NUDE
E1882,ROYAL
E2430,WHITE/BLUE
E1778,NAVY
E7715,BLACK
E2074,NAVY
E2613,
B8581,PINK
E2340,ROSE
E2752,GREEN
B8088,IVORY
E2258,CHARCOAL
E2557,NAVY
E2088,WINE
E2088,BLACK
E2088,BURGUNDY
E1672,ROYAL
F570,SKY BLUE
AA9301,WHITE
AA9312,WHITE
AA9319,WHITE
F1116,WHITE
F1116,ROYAL
F1116,GOLD
F1116,TRUFFLE
F1116,BLACK
E2334,PRINT
E2331,RED
E1786,PURPLE
E2778,BLUSH
1116,CHAMPAGNE
B1022,PURPLE
E2027,WINE
E1436,POOL
E2158,SILVER
BZ570,BANANA
B8998,APPLE RED
BZ570,RED
F570,BANANA
B570,BANANA
E1448,PURPLE/BLACK
E1544,RED
2088,BURGUNDY
E1356,CORAL
E2243,RED/BLACK
E1356,SKY BLUE
1116,IVORY
G1116,NAVY
E1911,
E1655,FUCHSIA
E2088,WHITE
E1439,GREY
E2494,PINK
E2070,PEACH
AA9270,WHITE/RED
750,ROYAL
BD2007/183,BLACK/GREY
E2545,GREEN
AA9309,WHITE
AA9302,WHITE
B8865,POOL
E2517,CHAMPAGNE
E1510,WHITE/BLUE
E1983,MINT
EX549,GREEN
E2276,GOLD
E1947,ROYAL
E1986,POOL
E2410,NUDE IVY
E1022,SUNRISE
E1937,BLACK
E2275,ROYAL
E2573,TURQUOISE
E2076,NAVY
E2584,BLACK
E2280,PINK
E2291,BLACK GOLD
E2068,FLORAL PRINT
E2587,BLACK
E2282,YELLOW
E2048,NAVY
E2050,BLUE/BLACK
E2204,BLACK
E2213,NAVY
E2040,MIDNIGHT
E1396,PURPLE
BD2006/200,BLACK
E1355,YELLOW
E1260,CLARET
E1844,MINT
BD2006/502,
BD2006/7412,BLACK
E2773,LIGHT GOLD
E2251,CHARCOAL
E2256,ROYAL
E2245,BLACK/GREEN
AA9319,
AA3257,IVORY
AA219,IVORY
E1531,POOL
E2075,MIDNIGHT
E2246,GOLD
E2069,RED
AA9257,IVORY
E2600,RED
E2600,ROYAL
AA9270,APPLE RED
E1931,NAVY
E2289,PURPLE
E2388,BLACK/GREEN
E2326,BLACK/RED
E2327,BLACK/RED
E2328,BLACK
E2231,BLUE
E1979,MIDNIGHT
E1524,TEAL
E2076,WINE
E2768,ROYAL
E2360,PURPLE/PRINT
G1116,BLACK
G1116,PURPLE
G1116,TRUFFLE
570,GREEN
E1118,LILAC
E1326,NAVY
E1264,NAVY
E1342,FUCHSIA
E2336,ROSE
E1879,PURPLE
E1412,BLACK
E2496,PEACH
E2498,BLUSH
E1381,PURPLE
E1322,PURPLE
E1303,GREY
E2568,AQUA
E1336,PURPLE
E2322,TEAL
E1336,LILAC
E2028,JET COBALT
E2128,CHAMPAGNE
E1467,GOLD
B8661,ORANGE
B8608,SKY BLUE
E2496,SKY BLUE
E1715,SKY BLUE
E1312,SUNSHINE
570,RED
E1194,FUCHSIA
B8667,YELLOW
E2262,BLACK
E1911,SPACE BLUE
E1260,PINK
E1852,RED
E1295,TEAL
B8865,IVORY
E1259,PINK
E2495,PINK
E1591,PURPLE
E2493,LAVENDER
B9000,BURGUNDY
E1696,CORAL
E1729,FUCHSIA
B8588,PINK
E1270,POOL
E2039,POWDER BLUE
E1696,ROYAL
E1295,TRUFFLE
E1774,POWDER BLUE
E24,
E1312,CLARET
E1891,PURPLE
E2060,MIDNIGHT
E1497,PURPLE
B8865,SKY BLUE
E2021,WINE
E1581,PURPLE
E1333,TEAL
E1340,PURPLE
E1168,TRUFFLE
E1340,APPLE RED
E1340,POOL
AA9256,WHITE
E1470,GOLD
E1168,SAGE
AA9317,WHITE
AA9316,IVORY
AA9271,WHITE
AA9357,WHITE
AA9256,IVORY
AA9318,IVORY
AA9331,IVORY
B1259,WHITE
AA9346,IVORY
AA9290,IVORY
AA9316,WHITE
AA9335,WHITE
AA9331,WHITE
E1340,WHITE
E1265,GREEN
E1350,WHITE
E1013,TRUFFLE
AA9310,IVORY
E1194,TEAL
B8865,
E1923,NAVY
E2774,BLACK
E2701,ROSE
AA9271,IVORY
AA9319,IVORY
E1593,POOL
E1875,BLACK
B9000,TRUFFLE
B9000,PURPLE
E1855,NAVY
E1194,SKY BLUE
G1116,SKY BLUE
E1729,PRINT
B8898,CORAL
E1119,CHAMPAGNE
E2495,SKY BLUE
E1371,APPLERED WHITE
E2437,NAVY PRINT
E2160,FUCHSIA
B8865,TRUFFLE
B9000,DUSTY PINK
E1168,TEAL
E1676,BLUE/PINK
AA9318,
E1259,GOLD
E2494,SANGRIA
E2503,SKY BLUE
AA222,WHITE
AA9310,WHITE
E1044,DARK CELADON
B8921,LIGHT GREEN
B8608,LILAC
B8896,LILAC/WHITE
B8621,BLACK/SKYBLUE
E1386,LILAC
E1954,PLUM
E1762,PURPLE
E1582,BURGUNDY
B8865,SILVER
B8896,SILVER
B8921,VIOLET
E2102,BLACK
E1371,SAGE
E1930,BLACK
B8896,TRUFFLE
B8921,TRUFFLE
B8940,TRUFFLE
E1387,TURQUOISE
B2493,PEACH
B2498,BLUSH
B1259,SKY BLUE
B2322,BLUSH
B2501,BLUSH
B2496,PEACH
AA9329,
E1168,BURGUNDY
AA222,IVORY
E1270,CORAL
E2078,BURGUNDY
E2510,IVORY
E2537,IVORY
E1068,BURGUNDY
E2136,NAVY
E2493,PEACH
E1676,BLUE/FUCHSIA
AA9254,IVORY
AA9312,IVORY
AA9317,IVORY
E1978,GUNMETAL
G1116,POOL
E1420,SEA BLACK
E1637,BLACK
B8998,POOL
E2554,
E9314,WHITE
E2554,GOLD
E1531,PURPLE
E2780,ROYAL
E1064,MINT
E1264,LILAC
E1546,PEACH
E1573,CORAL
570,APPLE RED
570,WHITE
E1264,SILVER
E1942,ROYAL
E1340,BLACK
E9000,BURNT ORANGE
E2401,NUDE/IVORY
E1596,PURPLE
AA9329,IVORY
AA9314,WHITE
E1068,KIWI
AA9318,WHITE
B9000,LILAC
G1116,APPLE RED
E2107,NAVY
88468,BLACK
E2086,BURGUNDY
AA9349,WHITE
E1028,WHITE
AA9327,IVORY
E1270,LILAC
E1013,LILAC
AA9292,WHITE
E1795,IVORY
AA9298,IVORY/WHITE
E1275,DARK LILAC
E2322,PEAL
AA9315,WHITE/IVORY
E1295,FUCHSIA
E1387,GREEN
E2318,BLUE
E0018,BLACK
E2501,LAVENDER
E2165,FUCHSIA
AA9257,
AA9331,
AA9270,IVORY
AA9313,WHITE
B8608,PINK
E1909,GREY
E1024,LILAC
E2501,BLUSH
E2267,ROYAL BLUE
E2498,BLUE
AA222,
E2570,BURGUNDY
E1694,TEAL
E2753,SKY BLUE
E2104,BLACK
E1982,CHARCOAL
E1265,COFFEE
E1265,BLUE
E1442,BLACK
B8896,PURPLE/WHITE
E1950,BLACK
E1948,BLACK
B8968,GREEN
E2705,GOLD
B1857,NAVY
E1024,BANANA
E1024,MINT
E2096,WHITE/BLACK
42113,APRICOT
E1378,RED
E1278,GREY
E2251,RED
E1537,BLACK
E1379,CORAL
E1116,RED
E8865,TRUFFLE
E1116,SKY BLUE
E1250,CORAL
B8998,CHAMPAGNE
B8998,ROYAL
B8621,BLACK/LILAC
B8622,LILAC
AA9270,LAVENDER
G1116,RED
B8124,
G1116,CHAMPAGNE
42213,PINK
E2572,BLACK
E2043,ROSE/QUARTZ
E1119,VICTORIA LILAC
E1032,SUNSHINE
E1861,RED
AA9256,
AA9314,
E0021,CORAL
F1116,SKY BLUE
E2301,GREY
B8967,GREEN
E2501,MINT
E2403,BLACK
,SAGE
B8486,BLACK/LIME
B1260,TRUFFLE
E1260,PURPLE
E1285,PURPLE
BZ570,POOL
E1295,SAGE
E1379,NAVY
E2431,RED
B8751,BROWN
E1503,SKY BLUE
E2785,GOLD
E1116,NAVY
E1696,RED
B8588,SKYBLUE/BLACK
B8506,PINK
E2150,BLACK
E1089,PEACH
B8894,BROWN/CHAMPAGNE
E2057,BLUSH
E2111,MINT
E2144,MINT
E2020,POOL
E1573,BURGUNDY
E1581,CLARET
B8859,BLACK
BZ570,TEAL
B8998,WINE
E2160,WHITE PRINT
E1327,BLACK
E1379,WATERMELON
E1729,PINK
E1168,VICTORIA LILAC
42113,PINK
B8865,ROYAL
E1340,CORAL
E1340,RED
E2152,RED
BZ570,WHITE
E2497,MINT
E1118,CORAL
E1118,PURPLE
BZ570,TURQUOISE
570,TURQUOISE
E1849,BLACK
E1502,RED
E1940,GUNMETAL
E1767,BLACK
E1918,BOTTLE GREEN
E1767,BLACK/SILVER
E2385,GOLD/BLACK
E2125,NAVY
E1119,BURGUNDY
B8865,SAGE
B8660,MELON
B8472,SAGE
1116,NAVY
E1895,BLACK
E2344,BLACK/NUDE
E1904,BLACK
E2072,BLACK
AA9305,IVORY
AA9271,IVORY/CHAMPAGNE
E1168,RED
B1194,SKY BLUE
B1502,CLARET
E1319,WHITE/BLACK
E1294,TEAL
E1295,WATERMELON
AA9257,WHITE/IVORY
AA219,WHITE/IVORY
E1502,POOL
AA219,
E1502,
E2434,RED PRINT
E2356,BLACK PRINT
E2160,ROYAL
5134,
E1285,PINK
AA9312,
E1698,CORAL
B8896,TRUFFLE/WHITE
E2500,BLUSH
E1513,CORAL
E2016,ROYAL
E1064,CHARCOAL
E2018,PEACOCK/GREEN
E1974,MINT
E2180,WINE
B8998,TRUFFLE
AA9331,WHITE/IVORY
E2053,PEACOCK
AA9330,
E1877,NAVY
E1833,PURPLE GOLD
E9312,IVORY
B2570,SKY BLUE
E2405,
E2243,BLACK/RED
E1270,PEACH
E2210,SILVER
E1024,PERSIMMON
E2086,WINE
AA9330,WHITE
BZ570,CHAMPAGNE
E1295,POOL
G1116,SAGE
G1116,PINK
E1312,SANGRIA
E1127,DARK PINK
1116,PINK
E2088,DUSTY ROSE
E2121,MIDNIGHT
E1379,TEAL
E2498,TEAL
E1013,FUCHSIA
E1696,BLUE/PINK
E1939,TEAL
E1371,TRUFFLE/WHITE
E2436,BROWN
E8808,BLACK
E2296,GREEN/PURPLE
E2593,NAVY
E1838,BLACK
E1885,NAVY
B8588,SKY BLUE
E2497,BLUSH
E2493,AQUA
E2433,BLACK/PRINT
E2610,CHAMPAGNE
E2016,RED
E1168,NAVY
B8654,FUCHSIA
E1385,RED
2260,BLACK/RED
E1683,WHITE
E2774,IVORY
E2561,NAVY
E1312,SILVER
E1264,ORANGE
E1729,BANANA
E1796,LAVENDER
E1548,PINK
E2781,YELLOW
E1573,SKY BLUE
E1013,CLARET
E2256,BLACK
F1116,APPLE
E1833,PURPLE/GOLD
E1465,PURPLE
E1089,CORAL
E1089,SUNSHINE
E1071,TRUFFLE
E1025,NAVY
B8895,CORAL
1386,PLUM
2436,BLACK
E1636,BLACK
E1013,PINK
B8894,CHAMPAGNE/NAVY
AA9298,WHITE
E8665,FUCHSIA
AA9249,WHITE
AA233,WHITE/IVORY
AA9329,WHITE
E1024,TRUFFLE
E1071,PEACH FIZZ
E1068,VICTORIA LILAC
B8691,MELON
AA9349,IVORY
E2410,NUDE/IVORY
E1540,BLUE/PINK
E1194,WHITE
E1831,RED
E1264,SAGE
E1573,ROYAL
E1573,TEAL
E1852,FUCHSIA
E1909,GREEN
5105,BLACK
E1892,NUDE/IVORY
E1264,VICTORIA LILAC
B8680,MELON
E8588,SKYBLUE/BLACK
B8320,ORANGE
E2524,MAUVE
E1472,ROYAL
E1379,SAGE
E2287,CORAL
AA9301,WHITE/IVORY
B2165,FUCHSIA
E1753,TURQUOISE
E252,GREEN
E2769,ROYAL
E2043,CORAL
E1716,PURPLE
E1761,RED
E2196,RED
E1637,BLACK/NUDE
E2073,BLUE
E1892,NAVY/NUDE
