Handle,,,,,,,,,,,,,,,,,,Handle
e2786,,,,,,,,,,,,,,,,,,e2786
e2785,,,,,,,,,,,,,,,,,,e2786
e2774,,,,,,,,,,,,,,,,,,e2786
e2773,,,,,,,,,,,,,,,,,,e2786
e2770,,,,,,,,,,,,,,,,,,e2786
e2769,,,,,,,,,,,,,,,,,,e2786
e2768,,,,,,,,,,,,,,,,,,e2786
e2767,,,,,,,,,,,,,,,,,,e2786
e2764,,,,,,,,,,,,,,,,,,e2786
e2754,,,,,,,,,,,,,,,,,,e2785
e2753,,,,,,,,,,,,,,,,,,e2785
e2752,,,,,,,,,,,,,,,,,,e2785
e2708,,,,,,,,,,,,,,,,,,e2785
e2705,,,,,,,,,,,,,,,,,,e2785
e2701,,,,,,,,,,,,,,,,,,e2774
e2615,,,,,,,,,,,,,,,,,,e2774
e2614,,,,,,,,,,,,,,,,,,e2774
e2613,,,,,,,,,,,,,,,,,,e2774
e2593,,,,,,,,,,,,,,,,,,e2774
e2590,,,,,,,,,,,,,,,,,,e2773
e2589,,,,,,,,,,,,,,,,,,e2773
e2574,,,,,,,,,,,,,,,,,,e2773
e2572,,,,,,,,,,,,,,,,,,e2773
e2570,,,,,,,,,,,,,,,,,,e2773
e2568,,,,,,,,,,,,,,,,,,e2773
e2554,,,,,,,,,,,,,,,,,,e2770
e2553,,,,,,,,,,,,,,,,,,e2770
e2551,,,,,,,,,,,,,,,,,,e2770
e2550,,,,,,,,,,,,,,,,,,e2770
e2549,,,,,,,,,,,,,,,,,,e2770
e2547,,,,,,,,,,,,,,,,,,e2770
e2545,,,,,,,,,,,,,,,,,,e2770
e2544,,,,,,,,,,,,,,,,,,e2769
e2543,,,,,,,,,,,,,,,,,,e2768
e2540,,,,,,,,,,,,,,,,,,e2768
e2537,,,,,,,,,,,,,,,,,,e2768
e2535,,,,,,,,,,,,,,,,,,e2768
e2534,,,,,,,,,,,,,,,,,,e2767
e2532,,,,,,,,,,,,,,,,,,e2767
e2531,,,,,,,,,,,,,,,,,,e2767
e2527,,,,,,,,,,,,,,,,,,e2764
e2526,,,,,,,,,,,,,,,,,,e2764
e2517,,,,,,,,,,,,,,,,,,e2754
e2514,,,,,,,,,,,,,,,,,,e2754
e2513,,,,,,,,,,,,,,,,,,e2754
e2510,,,,,,,,,,,,,,,,,,e2753
e2509,,,,,,,,,,,,,,,,,,e2753
e2500,,,,,,,,,,,,,,,,,,e2753
e2498,,,,,,,,,,,,,,,,,,e2753
e2493,,,,,,,,,,,,,,,,,,e2753
e2460,,,,,,,,,,,,,,,,,,e2752
e2449,,,,,,,,,,,,,,,,,,e2752
e2448,,,,,,,,,,,,,,,,,,e2752
e2437,,,,,,,,,,,,,,,,,,e2752
e2436,,,,,,,,,,,,,,,,,,e2752
e2433,,,,,,,,,,,,,,,,,,e2752
e2431,,,,,,,,,,,,,,,,,,e2752
e2430,,,,,,,,,,,,,,,,,,e2752
e2428,,,,,,,,,,,,,,,,,,e2708
e2426,,,,,,,,,,,,,,,,,,e2708
e2410,,,,,,,,,,,,,,,,,,e2708
e2405,,,,,,,,,,,,,,,,,,e2708
e2403,,,,,,,,,,,,,,,,,,e2708
e2395,,,,,,,,,,,,,,,,,,e2708
e2389,,,,,,,,,,,,,,,,,,e2708
e2388,,,,,,,,,,,,,,,,,,e2708
e2385,,,,,,,,,,,,,,,,,,e2708
e2366,,,,,,,,,,,,,,,,,,e2705
e2360,,,,,,,,,,,,,,,,,,e2701
e2356,,,,,,,,,,,,,,,,,,e2701
e2346,,,,,,,,,,,,,,,,,,e2701
e2344,,,,,,,,,,,,,,,,,,e2701
e2340,,,,,,,,,,,,,,,,,,e2701
e2336,,,,,,,,,,,,,,,,,,e2701
e2335,,,,,,,,,,,,,,,,,,e2701
e2334,,,,,,,,,,,,,,,,,,e2701
e2333,,,,,,,,,,,,,,,,,,e2701
e2331,,,,,,,,,,,,,,,,,,e2701
e2329,,,,,,,,,,,,,,,,,,e2701
e2328,,,,,,,,,,,,,,,,,,e2615
e2327,,,,,,,,,,,,,,,,,,e2615
e2326,,,,,,,,,,,,,,,,,,e2615
e2324,,,,,,,,,,,,,,,,,,e2615
e2322,,,,,,,,,,,,,,,,,,e2614
e2320,,,,,,,,,,,,,,,,,,e2613
e2318,,,,,,,,,,,,,,,,,,e2613
e2317,,,,,,,,,,,,,,,,,,e2613
e2296,,,,,,,,,,,,,,,,,,e2613
e2292,,,,,,,,,,,,,,,,,,e2613
e2291,,,,,,,,,,,,,,,,,,e2593
e2289,,,,,,,,,,,,,,,,,,e2590
e2287,,,,,,,,,,,,,,,,,,e2590
e2282,,,,,,,,,,,,,,,,,,e2590
e2281,,,,,,,,,,,,,,,,,,e2590
e2280,,,,,,,,,,,,,,,,,,e2590
e2279,,,,,,,,,,,,,,,,,,e2590
e2275,,,,,,,,,,,,,,,,,,e2590
e2269,,,,,,,,,,,,,,,,,,e2590
e2267,,,,,,,,,,,,,,,,,,e2590
e2262,,,,,,,,,,,,,,,,,,e2589
e2259,,,,,,,,,,,,,,,,,,e2589
e2258,,,,,,,,,,,,,,,,,,e2589
e2257,,,,,,,,,,,,,,,,,,e2589
e2256,,,,,,,,,,,,,,,,,,e2589
e2255,,,,,,,,,,,,,,,,,,e2589
e2254,,,,,,,,,,,,,,,,,,e2574
e2252,,,,,,,,,,,,,,,,,,e2574
e2251,,,,,,,,,,,,,,,,,,e2574
e2245,,,,,,,,,,,,,,,,,,e2574
e2244,,,,,,,,,,,,,,,,,,e2574
e2243,,,,,,,,,,,,,,,,,,e2574
e2241,,,,,,,,,,,,,,,,,,e2572
e2233,,,,,,,,,,,,,,,,,,e2570
e2229,,,,,,,,,,,,,,,,,,e2570
e2227,,,,,,,,,,,,,,,,,,e2570
e2213,,,,,,,,,,,,,,,,,,e2570
e2210,,,,,,,,,,,,,,,,,,e2570
e2204,,,,,,,,,,,,,,,,,,e2568
e2182,,,,,,,,,,,,,,,,,,e2568
e2171,,,,,,,,,,,,,,,,,,e2568
e2165,,,,,,,,,,,,,,,,,,e2568
e2162,,,,,,,,,,,,,,,,,,e2568
e2161,,,,,,,,,,,,,,,,,,e2568
e2160,,,,,,,,,,,,,,,,,,e2554
e2158,,,,,,,,,,,,,,,,,,e2554
e2150,,,,,,,,,,,,,,,,,,e2554
e2144,,,,,,,,,,,,,,,,,,e2554
e2136,,,,,,,,,,,,,,,,,,e2553
e2125,,,,,,,,,,,,,,,,,,e2553
e2121,,,,,,,,,,,,,,,,,,e2553
e2118,,,,,,,,,,,,,,,,,,e2553
e2114,,,,,,,,,,,,,,,,,,e2553
e2110,,,,,,,,,,,,,,,,,,e2553
e2109,,,,,,,,,,,,,,,,,,e2553
e2107,,,,,,,,,,,,,,,,,,e2551
e2104,,,,,,,,,,,,,,,,,,e2551
e2102,,,,,,,,,,,,,,,,,,e2551
e2101,,,,,,,,,,,,,,,,,,e2551
e2100,,,,,,,,,,,,,,,,,,e2551
e2097,,,,,,,,,,,,,,,,,,e2551
e2096,,,,,,,,,,,,,,,,,,e2550
e2088,,,,,,,,,,,,,,,,,,e2550
e2087,,,,,,,,,,,,,,,,,,e2550
e2086,,,,,,,,,,,,,,,,,,e2550
e2085,,,,,,,,,,,,,,,,,,e2550
e2084,,,,,,,,,,,,,,,,,,e2550
e2081,,,,,,,,,,,,,,,,,,e2549
e2080,,,,,,,,,,,,,,,,,,e2549
e2076,,,,,,,,,,,,,,,,,,e2549
e2075,,,,,,,,,,,,,,,,,,e2549
e2074,,,,,,,,,,,,,,,,,,e2549
e2072,,,,,,,,,,,,,,,,,,e2549
e2070,,,,,,,,,,,,,,,,,,e2547
e2069,,,,,,,,,,,,,,,,,,e2547
e2068,,,,,,,,,,,,,,,,,,e2547
e2067,,,,,,,,,,,,,,,,,,e2547
e2061,,,,,,,,,,,,,,,,,,e2547
e2060,,,,,,,,,,,,,,,,,,e2547
e2059,,,,,,,,,,,,,,,,,,e2547
e2053,,,,,,,,,,,,,,,,,,e2545
e2050,,,,,,,,,,,,,,,,,,e2545
e2049,,,,,,,,,,,,,,,,,,e2545
e2043,,,,,,,,,,,,,,,,,,e2545
e2042,,,,,,,,,,,,,,,,,,e2545
e2041,,,,,,,,,,,,,,,,,,e2545
e2040,,,,,,,,,,,,,,,,,,e2545
e2039,,,,,,,,,,,,,,,,,,e2545
e2036,,,,,,,,,,,,,,,,,,e2544
e2035,,,,,,,,,,,,,,,,,,e2544
e2034,,,,,,,,,,,,,,,,,,e2544
e2032,,,,,,,,,,,,,,,,,,e2544
e2031,,,,,,,,,,,,,,,,,,e2544
e2030,,,,,,,,,,,,,,,,,,e2543
e2028,,,,,,,,,,,,,,,,,,e2543
e2027,,,,,,,,,,,,,,,,,,e2543
e2025,,,,,,,,,,,,,,,,,,e2543
e2023,,,,,,,,,,,,,,,,,,e2543
e2021,,,,,,,,,,,,,,,,,,e2543
e2020,,,,,,,,,,,,,,,,,,e2540
e2019,,,,,,,,,,,,,,,,,,e2540
e2016,,,,,,,,,,,,,,,,,,e2540
e1988,,,,,,,,,,,,,,,,,,e2540
e1986,,,,,,,,,,,,,,,,,,e2540
e1983,,,,,,,,,,,,,,,,,,e2540
e1982,,,,,,,,,,,,,,,,,,e2540
e1981,,,,,,,,,,,,,,,,,,e2537
e1979,,,,,,,,,,,,,,,,,,e2537
e1978,,,,,,,,,,,,,,,,,,e2535
e1974,,,,,,,,,,,,,,,,,,e2535
e1967,,,,,,,,,,,,,,,,,,e2535
e1965,,,,,,,,,,,,,,,,,,e2534
e1940,,,,,,,,,,,,,,,,,,e2534
e1937,,,,,,,,,,,,,,,,,,e2532
e1931,,,,,,,,,,,,,,,,,,e2532
e1923,,,,,,,,,,,,,,,,,,e2531
e1890,,,,,,,,,,,,,,,,,,e2531
e1882,,,,,,,,,,,,,,,,,,e2531
e1868,,,,,,,,,,,,,,,,,,e2531
e1852,,,,,,,,,,,,,,,,,,e2531
e1844,,,,,,,,,,,,,,,,,,e2531
e1838,,,,,,,,,,,,,,,,,,e2531
e1833,,,,,,,,,,,,,,,,,,e2531
e1827,,,,,,,,,,,,,,,,,,e2531
e1824,,,,,,,,,,,,,,,,,,e2527
e1822,,,,,,,,,,,,,,,,,,e2527
e1799,,,,,,,,,,,,,,,,,,e2527
e1796,,,,,,,,,,,,,,,,,,e2527
e1778,,,,,,,,,,,,,,,,,,e2527
e1774,,,,,,,,,,,,,,,,,,e2527
e1767,,,,,,,,,,,,,,,,,,e2526
e1730,,,,,,,,,,,,,,,,,,e2526
e1729,,,,,,,,,,,,,,,,,,e2526
e1715,,,,,,,,,,,,,,,,,,e2526
e1696,,,,,,,,,,,,,,,,,,e2526
e1694,,,,,,,,,,,,,,,,,,e2526
e1663,,,,,,,,,,,,,,,,,,e2517
e1657,,,,,,,,,,,,,,,,,,e2514
e1637,,,,,,,,,,,,,,,,,,e2514
e1582,,,,,,,,,,,,,,,,,,e2514
e1581,,,,,,,,,,,,,,,,,,e2514
e1579,,,,,,,,,,,,,,,,,,e2514
e1573,,,,,,,,,,,,,,,,,,e2514
e1546,,,,,,,,,,,,,,,,,,e2513
e1544,,,,,,,,,,,,,,,,,,e2513
e1531,,,,,,,,,,,,,,,,,,e2513
e1520,,,,,,,,,,,,,,,,,,e2513
e1510,,,,,,,,,,,,,,,,,,e2513
e1508,,,,,,,,,,,,,,,,,,e2513
e1502,,,,,,,,,,,,,,,,,,e2513
e1472,,,,,,,,,,,,,,,,,,e2510
e1452,,,,,,,,,,,,,,,,,,e2510
e1448,,,,,,,,,,,,,,,,,,e2510
e1438,,,,,,,,,,,,,,,,,,e2510
e1428,,,,,,,,,,,,,,,,,,e2509
e1424,,,,,,,,,,,,,,,,,,e2509
e1422,,,,,,,,,,,,,,,,,,e2509
e1421,,,,,,,,,,,,,,,,,,e2509
e1420,,,,,,,,,,,,,,,,,,e2509
e1396,,,,,,,,,,,,,,,,,,e2509
e1381,,,,,,,,,,,,,,,,,,e2509
e1379,,,,,,,,,,,,,,,,,,e2500
e1378,,,,,,,,,,,,,,,,,,e2500
e1356,,,,,,,,,,,,,,,,,,e2500
e1354,,,,,,,,,,,,,,,,,,e2498
e1348,,,,,,,,,,,,,,,,,,e2498
e1347,,,,,,,,,,,,,,,,,,e2498
e1344,,,,,,,,,,,,,,,,,,e2498
e1342,,,,,,,,,,,,,,,,,,e2498
e1336,,,,,,,,,,,,,,,,,,e2493
e1327,,,,,,,,,,,,,,,,,,e2493
e1322,,,,,,,,,,,,,,,,,,e2493
e1319,,,,,,,,,,,,,,,,,,e2493
e1295,,,,,,,,,,,,,,,,,,e2493
e1285,,,,,,,,,,,,,,,,,,e2493
e1275,,,,,,,,,,,,,,,,,,e2493
e1270,,,,,,,,,,,,,,,,,,e2493
e1265,,,,,,,,,,,,,,,,,,e2493
e1264,,,,,,,,,,,,,,,,,,e2460
e1260,,,,,,,,,,,,,,,,,,e2460
e1259,,,,,,,,,,,,,,,,,,e2460
e1168,,,,,,,,,,,,,,,,,,e2460
e1071,,,,,,,,,,,,,,,,,,e2449
e1022,,,,,,,,,,,,,,,,,,e2449
e1013,,,,,,,,,,,,,,,,,,e2449
b8998,,,,,,,,,,,,,,,,,,e2449
b8865,,,,,,,,,,,,,,,,,,e2449
b8808,,,,,,,,,,,,,,,,,,e2449
b8608,,,,,,,,,,,,,,,,,,e2449
b8588,,,,,,,,,,,,,,,,,,e2449
aa9349,,,,,,,,,,,,,,,,,,e2448
aa9346,,,,,,,,,,,,,,,,,,e2448
aa9336,,,,,,,,,,,,,,,,,,e2437
aa9335,,,,,,,,,,,,,,,,,,e2437
aa9332,,,,,,,,,,,,,,,,,,e2437
aa9331,,,,,,,,,,,,,,,,,,e2437
aa9330,,,,,,,,,,,,,,,,,,e2437
aa9329,,,,,,,,,,,,,,,,,,e2437
aa9327,,,,,,,,,,,,,,,,,,e2437
aa9326,,,,,,,,,,,,,,,,,,e2436
aa9322,,,,,,,,,,,,,,,,,,e2436
aa9321,,,,,,,,,,,,,,,,,,e2436
aa9320,,,,,,,,,,,,,,,,,,e2436
aa9319,,,,,,,,,,,,,,,,,,e2436
aa9318,,,,,,,,,,,,,,,,,,e2436
aa9317,,,,,,,,,,,,,,,,,,e2433
aa9316,,,,,,,,,,,,,,,,,,e2433
aa9315,,,,,,,,,,,,,,,,,,e2431
aa9314,,,,,,,,,,,,,,,,,,e2431
aa9313,,,,,,,,,,,,,,,,,,e2431
aa9312,,,,,,,,,,,,,,,,,,e2431
aa9310,,,,,,,,,,,,,,,,,,e2431
aa9309,,,,,,,,,,,,,,,,,,e2431
aa9308,,,,,,,,,,,,,,,,,,e2431
aa9306,,,,,,,,,,,,,,,,,,e2430
aa9304,,,,,,,,,,,,,,,,,,e2430
aa9301,,,,,,,,,,,,,,,,,,e2430
aa9298,,,,,,,,,,,,,,,,,,e2430
aa9270,,,,,,,,,,,,,,,,,,e2430
aa9257,,,,,,,,,,,,,,,,,,e2430
aa9256,,,,,,,,,,,,,,,,,,e2428
aa9254,,,,,,,,,,,,,,,,,,e2428
aa233,,,,,,,,,,,,,,,,,,e2428
aa229,,,,,,,,,,,,,,,,,,e2426
aa226,,,,,,,,,,,,,,,,,,e2426
aa222,,,,,,,,,,,,,,,,,,e2426
aa221,,,,,,,,,,,,,,,,,,e2426
aa219,,,,,,,,,,,,,,,,,,e2426
0,,,,,,,,,,,,,,,,,,e2410
,,,,,,,,,,,,,,,,,,e2410
,,,,,,,,,,,,,,,,,,e2410
,,,,,,,,,,,,,,,,,,e2405
,,,,,,,,,,,,,,,,,,e2403
,,,,,,,,,,,,,,,,,,e2403
,,,,,,,,,,,,,,,,,,e2403
,,,,,,,,,,,,,,,,,,e2403
,,,,,,,,,,,,,,,,,,e2403
,,,,,,,,,,,,,,,,,,e2403
,,,,,,,,,,,,,,,,,,e2403
,,,,,,,,,,,,,,,,,,e2403
,,,,,,,,,,,,,,,,,,e2403
,,,,,,,,,,,,,,,,,,e2403
,,,,,,,,,,,,,,,,,,e2403
,,,,,,,,,,,,,,,,,,e2395
,,,,,,,,,,,,,,,,,,e2395
,,,,,,,,,,,,,,,,,,e2395
,,,,,,,,,,,,,,,,,,e2389
,,,,,,,,,,,,,,,,,,e2389
,,,,,,,,,,,,,,,,,,e2389
,,,,,,,,,,,,,,,,,,e2389
,,,,,,,,,,,,,,,,,,e2389
,,,,,,,,,,,,,,,,,,e2388
,,,,,,,,,,,,,,,,,,e2388
,,,,,,,,,,,,,,,,,,e2388
,,,,,,,,,,,,,,,,,,e2388
,,,,,,,,,,,,,,,,,,e2388
,,,,,,,,,,,,,,,,,,e2385
,,,,,,,,,,,,,,,,,,e2385
,,,,,,,,,,,,,,,,,,e2385
,,,,,,,,,,,,,,,,,,e2385
,,,,,,,,,,,,,,,,,,e2385
,,,,,,,,,,,,,,,,,,e2385
,,,,,,,,,,,,,,,,,,e2366
,,,,,,,,,,,,,,,,,,e2366
,,,,,,,,,,,,,,,,,,e2366
,,,,,,,,,,,,,,,,,,e2366
,,,,,,,,,,,,,,,,,,e2366
,,,,,,,,,,,,,,,,,,e2366
,,,,,,,,,,,,,,,,,,e2366
,,,,,,,,,,,,,,,,,,e2366
,,,,,,,,,,,,,,,,,,e2366
,,,,,,,,,,,,,,,,,,e2360
,,,,,,,,,,,,,,,,,,e2360
,,,,,,,,,,,,,,,,,,e2360
,,,,,,,,,,,,,,,,,,e2356
,,,,,,,,,,,,,,,,,,e2356
,,,,,,,,,,,,,,,,,,e2346
,,,,,,,,,,,,,,,,,,e2346
,,,,,,,,,,,,,,,,,,e2346
,,,,,,,,,,,,,,,,,,e2344
,,,,,,,,,,,,,,,,,,e2344
,,,,,,,,,,,,,,,,,,e2344
,,,,,,,,,,,,,,,,,,e2340
,,,,,,,,,,,,,,,,,,e2340
,,,,,,,,,,,,,,,,,,e2336
,,,,,,,,,,,,,,,,,,e2336
,,,,,,,,,,,,,,,,,,e2336
,,,,,,,,,,,,,,,,,,e2336
,,,,,,,,,,,,,,,,,,e2335
,,,,,,,,,,,,,,,,,,e2335
,,,,,,,,,,,,,,,,,,e2335
,,,,,,,,,,,,,,,,,,e2335
,,,,,,,,,,,,,,,,,,e2335
,,,,,,,,,,,,,,,,,,e2334
,,,,,,,,,,,,,,,,,,e2334
,,,,,,,,,,,,,,,,,,e2333
,,,,,,,,,,,,,,,,,,e2333
,,,,,,,,,,,,,,,,,,e2331
,,,,,,,,,,,,,,,,,,e2331
,,,,,,,,,,,,,,,,,,e2331
,,,,,,,,,,,,,,,,,,e2331
,,,,,,,,,,,,,,,,,,e2329
,,,,,,,,,,,,,,,,,,e2329
,,,,,,,,,,,,,,,,,,e2329
,,,,,,,,,,,,,,,,,,e2329
,,,,,,,,,,,,,,,,,,e2328
,,,,,,,,,,,,,,,,,,e2328
,,,,,,,,,,,,,,,,,,e2328
,,,,,,,,,,,,,,,,,,e2327
,,,,,,,,,,,,,,,,,,e2327
,,,,,,,,,,,,,,,,,,e2327
,,,,,,,,,,,,,,,,,,e2327
,,,,,,,,,,,,,,,,,,e2327
,,,,,,,,,,,,,,,,,,e2327
,,,,,,,,,,,,,,,,,,e2327
,,,,,,,,,,,,,,,,,,e2326
,,,,,,,,,,,,,,,,,,e2326
,,,,,,,,,,,,,,,,,,e2324
,,,,,,,,,,,,,,,,,,e2324
,,,,,,,,,,,,,,,,,,e2324
,,,,,,,,,,,,,,,,,,e2324
,,,,,,,,,,,,,,,,,,e2322
,,,,,,,,,,,,,,,,,,e2322
,,,,,,,,,,,,,,,,,,e2322
,,,,,,,,,,,,,,,,,,e2322
,,,,,,,,,,,,,,,,,,e2322
,,,,,,,,,,,,,,,,,,e2322
,,,,,,,,,,,,,,,,,,e2322
,,,,,,,,,,,,,,,,,,e2322
,,,,,,,,,,,,,,,,,,e2322
,,,,,,,,,,,,,,,,,,e2322
,,,,,,,,,,,,,,,,,,e2320
,,,,,,,,,,,,,,,,,,e2320
,,,,,,,,,,,,,,,,,,e2320
,,,,,,,,,,,,,,,,,,e2318
,,,,,,,,,,,,,,,,,,e2318
,,,,,,,,,,,,,,,,,,e2318
,,,,,,,,,,,,,,,,,,e2318
,,,,,,,,,,,,,,,,,,e2317
,,,,,,,,,,,,,,,,,,e2317
,,,,,,,,,,,,,,,,,,e2317
,,,,,,,,,,,,,,,,,,e2296
,,,,,,,,,,,,,,,,,,e2296
,,,,,,,,,,,,,,,,,,e2292
,,,,,,,,,,,,,,,,,,e2292
,,,,,,,,,,,,,,,,,,e2291
,,,,,,,,,,,,,,,,,,e2291
,,,,,,,,,,,,,,,,,,e2291
,,,,,,,,,,,,,,,,,,e2291
,,,,,,,,,,,,,,,,,,e2291
,,,,,,,,,,,,,,,,,,e2289
,,,,,,,,,,,,,,,,,,e2289
,,,,,,,,,,,,,,,,,,e2289
,,,,,,,,,,,,,,,,,,e2287
,,,,,,,,,,,,,,,,,,e2287
,,,,,,,,,,,,,,,,,,e2282
,,,,,,,,,,,,,,,,,,e2282
,,,,,,,,,,,,,,,,,,e2282
,,,,,,,,,,,,,,,,,,e2281
,,,,,,,,,,,,,,,,,,e2281
,,,,,,,,,,,,,,,,,,e2281
,,,,,,,,,,,,,,,,,,e2281
,,,,,,,,,,,,,,,,,,e2281
,,,,,,,,,,,,,,,,,,e2281
,,,,,,,,,,,,,,,,,,e2281
,,,,,,,,,,,,,,,,,,e2281
,,,,,,,,,,,,,,,,,,e2281
,,,,,,,,,,,,,,,,,,e2280
,,,,,,,,,,,,,,,,,,e2280
,,,,,,,,,,,,,,,,,,e2280
,,,,,,,,,,,,,,,,,,e2280
,,,,,,,,,,,,,,,,,,e2279
,,,,,,,,,,,,,,,,,,e2279
,,,,,,,,,,,,,,,,,,e2279
,,,,,,,,,,,,,,,,,,e2279
,,,,,,,,,,,,,,,,,,e2275
,,,,,,,,,,,,,,,,,,e2275
,,,,,,,,,,,,,,,,,,e2275
,,,,,,,,,,,,,,,,,,e2275
,,,,,,,,,,,,,,,,,,e2275
,,,,,,,,,,,,,,,,,,e2269
,,,,,,,,,,,,,,,,,,e2269
,,,,,,,,,,,,,,,,,,e2269
,,,,,,,,,,,,,,,,,,e2267
,,,,,,,,,,,,,,,,,,e2267
,,,,,,,,,,,,,,,,,,e2267
,,,,,,,,,,,,,,,,,,e2267
,,,,,,,,,,,,,,,,,,e2262
,,,,,,,,,,,,,,,,,,e2262
,,,,,,,,,,,,,,,,,,e2262
,,,,,,,,,,,,,,,,,,e2262
,,,,,,,,,,,,,,,,,,e2259
,,,,,,,,,,,,,,,,,,e2259
,,,,,,,,,,,,,,,,,,e2259
,,,,,,,,,,,,,,,,,,e2259
,,,,,,,,,,,,,,,,,,e2258
,,,,,,,,,,,,,,,,,,e2258
,,,,,,,,,,,,,,,,,,e2258
,,,,,,,,,,,,,,,,,,e2257
,,,,,,,,,,,,,,,,,,e2257
,,,,,,,,,,,,,,,,,,e2257
,,,,,,,,,,,,,,,,,,e2257
,,,,,,,,,,,,,,,,,,e2257
,,,,,,,,,,,,,,,,,,e2256
,,,,,,,,,,,,,,,,,,e2256
,,,,,,,,,,,,,,,,,,e2255
,,,,,,,,,,,,,,,,,,e2255
,,,,,,,,,,,,,,,,,,e2255
,,,,,,,,,,,,,,,,,,e2255
,,,,,,,,,,,,,,,,,,e2255
,,,,,,,,,,,,,,,,,,e2255
,,,,,,,,,,,,,,,,,,e2255
,,,,,,,,,,,,,,,,,,e2255
,,,,,,,,,,,,,,,,,,e2254
,,,,,,,,,,,,,,,,,,e2254
,,,,,,,,,,,,,,,,,,e2252
,,,,,,,,,,,,,,,,,,e2252
,,,,,,,,,,,,,,,,,,e2252
,,,,,,,,,,,,,,,,,,e2252
,,,,,,,,,,,,,,,,,,e2252
,,,,,,,,,,,,,,,,,,e2251
,,,,,,,,,,,,,,,,,,e2251
,,,,,,,,,,,,,,,,,,e2251
,,,,,,,,,,,,,,,,,,e2251
,,,,,,,,,,,,,,,,,,e2251
,,,,,,,,,,,,,,,,,,e2251
,,,,,,,,,,,,,,,,,,e2251
,,,,,,,,,,,,,,,,,,e2245
,,,,,,,,,,,,,,,,,,e2245
,,,,,,,,,,,,,,,,,,e2245
,,,,,,,,,,,,,,,,,,e2245
,,,,,,,,,,,,,,,,,,e2245
,,,,,,,,,,,,,,,,,,e2245
,,,,,,,,,,,,,,,,,,e2245
,,,,,,,,,,,,,,,,,,e2244
,,,,,,,,,,,,,,,,,,e2244
,,,,,,,,,,,,,,,,,,e2244
,,,,,,,,,,,,,,,,,,e2243
,,,,,,,,,,,,,,,,,,e2243
,,,,,,,,,,,,,,,,,,e2243
,,,,,,,,,,,,,,,,,,e2243
,,,,,,,,,,,,,,,,,,e2243
,,,,,,,,,,,,,,,,,,e2243
,,,,,,,,,,,,,,,,,,e2241
,,,,,,,,,,,,,,,,,,e2241
,,,,,,,,,,,,,,,,,,e2241
,,,,,,,,,,,,,,,,,,e2241
,,,,,,,,,,,,,,,,,,e2241
,,,,,,,,,,,,,,,,,,e2241
,,,,,,,,,,,,,,,,,,e2241
,,,,,,,,,,,,,,,,,,e2241
,,,,,,,,,,,,,,,,,,e2241
,,,,,,,,,,,,,,,,,,e2241
,,,,,,,,,,,,,,,,,,e2241
,,,,,,,,,,,,,,,,,,e2233
,,,,,,,,,,,,,,,,,,e2233
,,,,,,,,,,,,,,,,,,e2233
,,,,,,,,,,,,,,,,,,e2233
,,,,,,,,,,,,,,,,,,e2229
,,,,,,,,,,,,,,,,,,e2229
,,,,,,,,,,,,,,,,,,e2229
,,,,,,,,,,,,,,,,,,e2227
,,,,,,,,,,,,,,,,,,e2227
,,,,,,,,,,,,,,,,,,e2227
,,,,,,,,,,,,,,,,,,e2227
,,,,,,,,,,,,,,,,,,e2227
,,,,,,,,,,,,,,,,,,e2227
,,,,,,,,,,,,,,,,,,e2227
,,,,,,,,,,,,,,,,,,e2227
,,,,,,,,,,,,,,,,,,e2213
,,,,,,,,,,,,,,,,,,e2213
,,,,,,,,,,,,,,,,,,e2213
,,,,,,,,,,,,,,,,,,e2213
,,,,,,,,,,,,,,,,,,e2213
,,,,,,,,,,,,,,,,,,e2213
,,,,,,,,,,,,,,,,,,e2210
,,,,,,,,,,,,,,,,,,e2210
,,,,,,,,,,,,,,,,,,e2210
,,,,,,,,,,,,,,,,,,e2210
,,,,,,,,,,,,,,,,,,e2204
,,,,,,,,,,,,,,,,,,e2204
,,,,,,,,,,,,,,,,,,e2182
,,,,,,,,,,,,,,,,,,e2182
,,,,,,,,,,,,,,,,,,e2171
,,,,,,,,,,,,,,,,,,e2171
,,,,,,,,,,,,,,,,,,e2171
,,,,,,,,,,,,,,,,,,e2171
,,,,,,,,,,,,,,,,,,e2171
,,,,,,,,,,,,,,,,,,e2171
,,,,,,,,,,,,,,,,,,e2171
,,,,,,,,,,,,,,,,,,e2171
,,,,,,,,,,,,,,,,,,e2171
,,,,,,,,,,,,,,,,,,e2171
,,,,,,,,,,,,,,,,,,e2171
,,,,,,,,,,,,,,,,,,e2171
,,,,,,,,,,,,,,,,,,e2165
,,,,,,,,,,,,,,,,,,e2165
,,,,,,,,,,,,,,,,,,e2165
,,,,,,,,,,,,,,,,,,e2165
,,,,,,,,,,,,,,,,,,e2162
,,,,,,,,,,,,,,,,,,e2162
,,,,,,,,,,,,,,,,,,e2162
,,,,,,,,,,,,,,,,,,e2161
,,,,,,,,,,,,,,,,,,e2161
,,,,,,,,,,,,,,,,,,e2160
,,,,,,,,,,,,,,,,,,e2160
,,,,,,,,,,,,,,,,,,e2160
,,,,,,,,,,,,,,,,,,e2160
,,,,,,,,,,,,,,,,,,e2160
,,,,,,,,,,,,,,,,,,e2160
,,,,,,,,,,,,,,,,,,e2160
,,,,,,,,,,,,,,,,,,e2160
,,,,,,,,,,,,,,,,,,e2160
,,,,,,,,,,,,,,,,,,e2158
,,,,,,,,,,,,,,,,,,e2158
,,,,,,,,,,,,,,,,,,e2158
,,,,,,,,,,,,,,,,,,e2158
,,,,,,,,,,,,,,,,,,e2158
,,,,,,,,,,,,,,,,,,e2158
,,,,,,,,,,,,,,,,,,e2158
,,,,,,,,,,,,,,,,,,e2158
,,,,,,,,,,,,,,,,,,e2158
,,,,,,,,,,,,,,,,,,e2158
,,,,,,,,,,,,,,,,,,e2150
,,,,,,,,,,,,,,,,,,e2150
,,,,,,,,,,,,,,,,,,e2144
,,,,,,,,,,,,,,,,,,e2144
,,,,,,,,,,,,,,,,,,e2144
,,,,,,,,,,,,,,,,,,e2144
,,,,,,,,,,,,,,,,,,e2144
,,,,,,,,,,,,,,,,,,e2136
,,,,,,,,,,,,,,,,,,e2136
,,,,,,,,,,,,,,,,,,e2136
,,,,,,,,,,,,,,,,,,e2136
,,,,,,,,,,,,,,,,,,e2136
,,,,,,,,,,,,,,,,,,e2136
,,,,,,,,,,,,,,,,,,e2136
,,,,,,,,,,,,,,,,,,e2136
,,,,,,,,,,,,,,,,,,e2125
,,,,,,,,,,,,,,,,,,e2121
,,,,,,,,,,,,,,,,,,e2118
,,,,,,,,,,,,,,,,,,e2118
,,,,,,,,,,,,,,,,,,e2118
,,,,,,,,,,,,,,,,,,e2118
,,,,,,,,,,,,,,,,,,e2114
,,,,,,,,,,,,,,,,,,e2114
,,,,,,,,,,,,,,,,,,e2114
,,,,,,,,,,,,,,,,,,e2114
,,,,,,,,,,,,,,,,,,e2114
,,,,,,,,,,,,,,,,,,e2114
,,,,,,,,,,,,,,,,,,e2114
,,,,,,,,,,,,,,,,,,e2114
,,,,,,,,,,,,,,,,,,e2114
,,,,,,,,,,,,,,,,,,e2114
,,,,,,,,,,,,,,,,,,e2114
,,,,,,,,,,,,,,,,,,e2110
,,,,,,,,,,,,,,,,,,e2110
,,,,,,,,,,,,,,,,,,e2110
,,,,,,,,,,,,,,,,,,e2110
,,,,,,,,,,,,,,,,,,e2110
,,,,,,,,,,,,,,,,,,e2109
,,,,,,,,,,,,,,,,,,e2107
,,,,,,,,,,,,,,,,,,e2107
,,,,,,,,,,,,,,,,,,e2107
,,,,,,,,,,,,,,,,,,e2107
,,,,,,,,,,,,,,,,,,e2107
,,,,,,,,,,,,,,,,,,e2107
,,,,,,,,,,,,,,,,,,e2107
,,,,,,,,,,,,,,,,,,e2107
,,,,,,,,,,,,,,,,,,e2107
,,,,,,,,,,,,,,,,,,e2107
,,,,,,,,,,,,,,,,,,e2107
,,,,,,,,,,,,,,,,,,e2107
,,,,,,,,,,,,,,,,,,e2107
,,,,,,,,,,,,,,,,,,e2107
,,,,,,,,,,,,,,,,,,e2107
,,,,,,,,,,,,,,,,,,e2107
,,,,,,,,,,,,,,,,,,e2104
,,,,,,,,,,,,,,,,,,e2104
,,,,,,,,,,,,,,,,,,e2102
,,,,,,,,,,,,,,,,,,e2102
,,,,,,,,,,,,,,,,,,e2101
,,,,,,,,,,,,,,,,,,e2101
,,,,,,,,,,,,,,,,,,e2101
,,,,,,,,,,,,,,,,,,e2101
,,,,,,,,,,,,,,,,,,e2101
,,,,,,,,,,,,,,,,,,e2101
,,,,,,,,,,,,,,,,,,e2101
,,,,,,,,,,,,,,,,,,e2101
,,,,,,,,,,,,,,,,,,e2101
,,,,,,,,,,,,,,,,,,e2100
,,,,,,,,,,,,,,,,,,e2100
,,,,,,,,,,,,,,,,,,e2097
,,,,,,,,,,,,,,,,,,e2097
,,,,,,,,,,,,,,,,,,e2096
,,,,,,,,,,,,,,,,,,e2096
,,,,,,,,,,,,,,,,,,e2096
,,,,,,,,,,,,,,,,,,e2088
,,,,,,,,,,,,,,,,,,e2088
,,,,,,,,,,,,,,,,,,e2088
,,,,,,,,,,,,,,,,,,e2088
,,,,,,,,,,,,,,,,,,e2088
,,,,,,,,,,,,,,,,,,e2088
,,,,,,,,,,,,,,,,,,e2088
,,,,,,,,,,,,,,,,,,e2088
,,,,,,,,,,,,,,,,,,e2088
,,,,,,,,,,,,,,,,,,e2088
,,,,,,,,,,,,,,,,,,e2088
,,,,,,,,,,,,,,,,,,e2088
,,,,,,,,,,,,,,,,,,e2087
,,,,,,,,,,,,,,,,,,e2087
,,,,,,,,,,,,,,,,,,e2087
,,,,,,,,,,,,,,,,,,e2087
,,,,,,,,,,,,,,,,,,e2087
,,,,,,,,,,,,,,,,,,e2087
,,,,,,,,,,,,,,,,,,e2086
,,,,,,,,,,,,,,,,,,e2086
,,,,,,,,,,,,,,,,,,e2086
,,,,,,,,,,,,,,,,,,e2085
,,,,,,,,,,,,,,,,,,e2085
,,,,,,,,,,,,,,,,,,e2085
,,,,,,,,,,,,,,,,,,e2084
,,,,,,,,,,,,,,,,,,e2084
,,,,,,,,,,,,,,,,,,e2084
,,,,,,,,,,,,,,,,,,e2084
,,,,,,,,,,,,,,,,,,e2084
,,,,,,,,,,,,,,,,,,e2081
,,,,,,,,,,,,,,,,,,e2081
,,,,,,,,,,,,,,,,,,e2081
,,,,,,,,,,,,,,,,,,e2081
,,,,,,,,,,,,,,,,,,e2081
,,,,,,,,,,,,,,,,,,e2081
,,,,,,,,,,,,,,,,,,e2081
,,,,,,,,,,,,,,,,,,e2080
,,,,,,,,,,,,,,,,,,e2080
,,,,,,,,,,,,,,,,,,e2080
,,,,,,,,,,,,,,,,,,e2080
,,,,,,,,,,,,,,,,,,e2080
,,,,,,,,,,,,,,,,,,e2080
,,,,,,,,,,,,,,,,,,e2080
,,,,,,,,,,,,,,,,,,e2076
,,,,,,,,,,,,,,,,,,e2076
,,,,,,,,,,,,,,,,,,e2076
,,,,,,,,,,,,,,,,,,e2076
,,,,,,,,,,,,,,,,,,e2076
,,,,,,,,,,,,,,,,,,e2076
,,,,,,,,,,,,,,,,,,e2076
,,,,,,,,,,,,,,,,,,e2076
,,,,,,,,,,,,,,,,,,e2075
,,,,,,,,,,,,,,,,,,e2075
,,,,,,,,,,,,,,,,,,e2075
,,,,,,,,,,,,,,,,,,e2075
,,,,,,,,,,,,,,,,,,e2075
,,,,,,,,,,,,,,,,,,e2075
,,,,,,,,,,,,,,,,,,e2075
,,,,,,,,,,,,,,,,,,e2074
,,,,,,,,,,,,,,,,,,e2074
,,,,,,,,,,,,,,,,,,e2074
,,,,,,,,,,,,,,,,,,e2074
,,,,,,,,,,,,,,,,,,e2072
,,,,,,,,,,,,,,,,,,e2072
,,,,,,,,,,,,,,,,,,e2072
,,,,,,,,,,,,,,,,,,e2070
,,,,,,,,,,,,,,,,,,e2070
,,,,,,,,,,,,,,,,,,e2070
,,,,,,,,,,,,,,,,,,e2070
,,,,,,,,,,,,,,,,,,e2069
,,,,,,,,,,,,,,,,,,e2068
,,,,,,,,,,,,,,,,,,e2068
,,,,,,,,,,,,,,,,,,e2068
,,,,,,,,,,,,,,,,,,e2067
,,,,,,,,,,,,,,,,,,e2067
,,,,,,,,,,,,,,,,,,e2067
,,,,,,,,,,,,,,,,,,e2067
,,,,,,,,,,,,,,,,,,e2067
,,,,,,,,,,,,,,,,,,e2067
,,,,,,,,,,,,,,,,,,e2061
,,,,,,,,,,,,,,,,,,e2061
,,,,,,,,,,,,,,,,,,e2061
,,,,,,,,,,,,,,,,,,e2061
,,,,,,,,,,,,,,,,,,e2061
,,,,,,,,,,,,,,,,,,e2060
,,,,,,,,,,,,,,,,,,e2060
,,,,,,,,,,,,,,,,,,e2060
,,,,,,,,,,,,,,,,,,e2060
,,,,,,,,,,,,,,,,,,e2060
,,,,,,,,,,,,,,,,,,e2060
,,,,,,,,,,,,,,,,,,e2060
,,,,,,,,,,,,,,,,,,e2059
,,,,,,,,,,,,,,,,,,e2059
,,,,,,,,,,,,,,,,,,e2059
,,,,,,,,,,,,,,,,,,e2059
,,,,,,,,,,,,,,,,,,e2059
,,,,,,,,,,,,,,,,,,e2059
,,,,,,,,,,,,,,,,,,e2059
,,,,,,,,,,,,,,,,,,e2053
,,,,,,,,,,,,,,,,,,e2053
,,,,,,,,,,,,,,,,,,e2053
,,,,,,,,,,,,,,,,,,e2053
,,,,,,,,,,,,,,,,,,e2053
,,,,,,,,,,,,,,,,,,e2053
,,,,,,,,,,,,,,,,,,e2053
,,,,,,,,,,,,,,,,,,e2053
,,,,,,,,,,,,,,,,,,e2053
,,,,,,,,,,,,,,,,,,e2050
,,,,,,,,,,,,,,,,,,e2050
,,,,,,,,,,,,,,,,,,e2050
,,,,,,,,,,,,,,,,,,e2050
,,,,,,,,,,,,,,,,,,e2050
,,,,,,,,,,,,,,,,,,e2050
,,,,,,,,,,,,,,,,,,e2050
,,,,,,,,,,,,,,,,,,e2049
,,,,,,,,,,,,,,,,,,e2049
,,,,,,,,,,,,,,,,,,e2049
,,,,,,,,,,,,,,,,,,e2049
,,,,,,,,,,,,,,,,,,e2049
,,,,,,,,,,,,,,,,,,e2049
,,,,,,,,,,,,,,,,,,e2043
,,,,,,,,,,,,,,,,,,e2043
,,,,,,,,,,,,,,,,,,e2043
,,,,,,,,,,,,,,,,,,e2043
,,,,,,,,,,,,,,,,,,e2042
,,,,,,,,,,,,,,,,,,e2042
,,,,,,,,,,,,,,,,,,e2042
,,,,,,,,,,,,,,,,,,e2042
,,,,,,,,,,,,,,,,,,e2042
,,,,,,,,,,,,,,,,,,e2042
,,,,,,,,,,,,,,,,,,e2042
,,,,,,,,,,,,,,,,,,e2042
,,,,,,,,,,,,,,,,,,e2042
,,,,,,,,,,,,,,,,,,e2041
,,,,,,,,,,,,,,,,,,e2041
,,,,,,,,,,,,,,,,,,e2041
,,,,,,,,,,,,,,,,,,e2041
,,,,,,,,,,,,,,,,,,e2041
,,,,,,,,,,,,,,,,,,e2041
,,,,,,,,,,,,,,,,,,e2040
,,,,,,,,,,,,,,,,,,e2039
,,,,,,,,,,,,,,,,,,e2039
,,,,,,,,,,,,,,,,,,e2039
,,,,,,,,,,,,,,,,,,e2036
,,,,,,,,,,,,,,,,,,e2036
,,,,,,,,,,,,,,,,,,e2036
,,,,,,,,,,,,,,,,,,e2036
,,,,,,,,,,,,,,,,,,e2036
,,,,,,,,,,,,,,,,,,e2036
,,,,,,,,,,,,,,,,,,e2035
,,,,,,,,,,,,,,,,,,e2035
,,,,,,,,,,,,,,,,,,e2035
,,,,,,,,,,,,,,,,,,e2035
,,,,,,,,,,,,,,,,,,e2035
,,,,,,,,,,,,,,,,,,e2034
,,,,,,,,,,,,,,,,,,e2034
,,,,,,,,,,,,,,,,,,e2034
,,,,,,,,,,,,,,,,,,e2034
,,,,,,,,,,,,,,,,,,e2032
,,,,,,,,,,,,,,,,,,e2032
,,,,,,,,,,,,,,,,,,e2032
,,,,,,,,,,,,,,,,,,e2031
,,,,,,,,,,,,,,,,,,e2031
,,,,,,,,,,,,,,,,,,e2031
,,,,,,,,,,,,,,,,,,e2031
,,,,,,,,,,,,,,,,,,e2030
,,,,,,,,,,,,,,,,,,e2030
,,,,,,,,,,,,,,,,,,e2030
,,,,,,,,,,,,,,,,,,e2030
,,,,,,,,,,,,,,,,,,e2030
,,,,,,,,,,,,,,,,,,e2030
,,,,,,,,,,,,,,,,,,e2028
,,,,,,,,,,,,,,,,,,e2028
,,,,,,,,,,,,,,,,,,e2028
,,,,,,,,,,,,,,,,,,e2028
,,,,,,,,,,,,,,,,,,e2028
,,,,,,,,,,,,,,,,,,e2027
,,,,,,,,,,,,,,,,,,e2027
,,,,,,,,,,,,,,,,,,e2027
,,,,,,,,,,,,,,,,,,e2027
,,,,,,,,,,,,,,,,,,e2027
,,,,,,,,,,,,,,,,,,e2027
,,,,,,,,,,,,,,,,,,e2027
,,,,,,,,,,,,,,,,,,e2027
,,,,,,,,,,,,,,,,,,e2025
,,,,,,,,,,,,,,,,,,e2025
,,,,,,,,,,,,,,,,,,e2025
,,,,,,,,,,,,,,,,,,e2025
,,,,,,,,,,,,,,,,,,e2023
,,,,,,,,,,,,,,,,,,e2023
,,,,,,,,,,,,,,,,,,e2023
,,,,,,,,,,,,,,,,,,e2023
,,,,,,,,,,,,,,,,,,e2023
,,,,,,,,,,,,,,,,,,e2021
,,,,,,,,,,,,,,,,,,e2020
,,,,,,,,,,,,,,,,,,e2020
,,,,,,,,,,,,,,,,,,e2019
,,,,,,,,,,,,,,,,,,e2019
,,,,,,,,,,,,,,,,,,e2019
,,,,,,,,,,,,,,,,,,e2016
,,,,,,,,,,,,,,,,,,e2016
,,,,,,,,,,,,,,,,,,e2016
,,,,,,,,,,,,,,,,,,e2016
,,,,,,,,,,,,,,,,,,e2016
,,,,,,,,,,,,,,,,,,e1988
,,,,,,,,,,,,,,,,,,e1988
,,,,,,,,,,,,,,,,,,e1988
,,,,,,,,,,,,,,,,,,e1986
,,,,,,,,,,,,,,,,,,e1986
,,,,,,,,,,,,,,,,,,e1986
,,,,,,,,,,,,,,,,,,e1986
,,,,,,,,,,,,,,,,,,e1986
,,,,,,,,,,,,,,,,,,e1986
,,,,,,,,,,,,,,,,,,e1986
,,,,,,,,,,,,,,,,,,e1986
,,,,,,,,,,,,,,,,,,e1983
,,,,,,,,,,,,,,,,,,e1983
,,,,,,,,,,,,,,,,,,e1983
,,,,,,,,,,,,,,,,,,e1983
,,,,,,,,,,,,,,,,,,e1982
,,,,,,,,,,,,,,,,,,e1981
,,,,,,,,,,,,,,,,,,e1981
,,,,,,,,,,,,,,,,,,e1981
,,,,,,,,,,,,,,,,,,e1979
,,,,,,,,,,,,,,,,,,e1979
,,,,,,,,,,,,,,,,,,e1979
,,,,,,,,,,,,,,,,,,e1978
,,,,,,,,,,,,,,,,,,e1978
,,,,,,,,,,,,,,,,,,e1978
,,,,,,,,,,,,,,,,,,e1978
,,,,,,,,,,,,,,,,,,e1974
,,,,,,,,,,,,,,,,,,e1967
,,,,,,,,,,,,,,,,,,e1967
,,,,,,,,,,,,,,,,,,e1965
,,,,,,,,,,,,,,,,,,e1965
,,,,,,,,,,,,,,,,,,e1940
,,,,,,,,,,,,,,,,,,e1940
,,,,,,,,,,,,,,,,,,e1940
,,,,,,,,,,,,,,,,,,e1940
,,,,,,,,,,,,,,,,,,e1940
,,,,,,,,,,,,,,,,,,e1940
,,,,,,,,,,,,,,,,,,e1937
,,,,,,,,,,,,,,,,,,e1937
,,,,,,,,,,,,,,,,,,e1931
,,,,,,,,,,,,,,,,,,e1931
,,,,,,,,,,,,,,,,,,e1931
,,,,,,,,,,,,,,,,,,e1931
,,,,,,,,,,,,,,,,,,e1931
,,,,,,,,,,,,,,,,,,e1931
,,,,,,,,,,,,,,,,,,e1931
,,,,,,,,,,,,,,,,,,e1931
,,,,,,,,,,,,,,,,,,e1931
,,,,,,,,,,,,,,,,,,e1923
,,,,,,,,,,,,,,,,,,e1923
,,,,,,,,,,,,,,,,,,e1923
,,,,,,,,,,,,,,,,,,e1890
,,,,,,,,,,,,,,,,,,e1890
,,,,,,,,,,,,,,,,,,e1890
,,,,,,,,,,,,,,,,,,e1890
,,,,,,,,,,,,,,,,,,e1890
,,,,,,,,,,,,,,,,,,e1890
,,,,,,,,,,,,,,,,,,e1882
,,,,,,,,,,,,,,,,,,e1868
,,,,,,,,,,,,,,,,,,e1868
,,,,,,,,,,,,,,,,,,e1868
,,,,,,,,,,,,,,,,,,e1852
,,,,,,,,,,,,,,,,,,e1852
,,,,,,,,,,,,,,,,,,e1852
,,,,,,,,,,,,,,,,,,e1852
,,,,,,,,,,,,,,,,,,e1852
,,,,,,,,,,,,,,,,,,e1852
,,,,,,,,,,,,,,,,,,e1852
,,,,,,,,,,,,,,,,,,e1852
,,,,,,,,,,,,,,,,,,e1852
,,,,,,,,,,,,,,,,,,e1852
,,,,,,,,,,,,,,,,,,e1852
,,,,,,,,,,,,,,,,,,e1852
,,,,,,,,,,,,,,,,,,e1852
,,,,,,,,,,,,,,,,,,e1852
,,,,,,,,,,,,,,,,,,e1852
,,,,,,,,,,,,,,,,,,e1844
,,,,,,,,,,,,,,,,,,e1844
,,,,,,,,,,,,,,,,,,e1844
,,,,,,,,,,,,,,,,,,e1844
,,,,,,,,,,,,,,,,,,e1844
,,,,,,,,,,,,,,,,,,e1844
,,,,,,,,,,,,,,,,,,e1844
,,,,,,,,,,,,,,,,,,e1838
,,,,,,,,,,,,,,,,,,e1838
,,,,,,,,,,,,,,,,,,e1838
,,,,,,,,,,,,,,,,,,e1838
,,,,,,,,,,,,,,,,,,e1838
,,,,,,,,,,,,,,,,,,e1838
,,,,,,,,,,,,,,,,,,e1838
,,,,,,,,,,,,,,,,,,e1833
,,,,,,,,,,,,,,,,,,e1827
,,,,,,,,,,,,,,,,,,e1827
,,,,,,,,,,,,,,,,,,e1827
,,,,,,,,,,,,,,,,,,e1827
,,,,,,,,,,,,,,,,,,e1827
,,,,,,,,,,,,,,,,,,e1827
,,,,,,,,,,,,,,,,,,e1827
,,,,,,,,,,,,,,,,,,e1824
,,,,,,,,,,,,,,,,,,e1824
,,,,,,,,,,,,,,,,,,e1824
,,,,,,,,,,,,,,,,,,e1822
,,,,,,,,,,,,,,,,,,e1822
,,,,,,,,,,,,,,,,,,e1822
,,,,,,,,,,,,,,,,,,e1822
,,,,,,,,,,,,,,,,,,e1822
,,,,,,,,,,,,,,,,,,e1822
,,,,,,,,,,,,,,,,,,e1822
,,,,,,,,,,,,,,,,,,e1822
,,,,,,,,,,,,,,,,,,e1822
,,,,,,,,,,,,,,,,,,e1822
,,,,,,,,,,,,,,,,,,e1822
,,,,,,,,,,,,,,,,,,e1822
,,,,,,,,,,,,,,,,,,e1799
,,,,,,,,,,,,,,,,,,e1799
,,,,,,,,,,,,,,,,,,e1799
,,,,,,,,,,,,,,,,,,e1799
,,,,,,,,,,,,,,,,,,e1799
,,,,,,,,,,,,,,,,,,e1799
,,,,,,,,,,,,,,,,,,e1799
,,,,,,,,,,,,,,,,,,e1799
,,,,,,,,,,,,,,,,,,e1799
,,,,,,,,,,,,,,,,,,e1799
,,,,,,,,,,,,,,,,,,e1799
,,,,,,,,,,,,,,,,,,e1799
,,,,,,,,,,,,,,,,,,e1799
,,,,,,,,,,,,,,,,,,e1799
,,,,,,,,,,,,,,,,,,e1799
,,,,,,,,,,,,,,,,,,e1799
,,,,,,,,,,,,,,,,,,e1799
,,,,,,,,,,,,,,,,,,e1799
,,,,,,,,,,,,,,,,,,e1799
,,,,,,,,,,,,,,,,,,e1799
,,,,,,,,,,,,,,,,,,e1799
,,,,,,,,,,,,,,,,,,e1796
,,,,,,,,,,,,,,,,,,e1796
,,,,,,,,,,,,,,,,,,e1796
,,,,,,,,,,,,,,,,,,e1796
,,,,,,,,,,,,,,,,,,e1796
,,,,,,,,,,,,,,,,,,e1796
,,,,,,,,,,,,,,,,,,e1796
,,,,,,,,,,,,,,,,,,e1796
,,,,,,,,,,,,,,,,,,e1796
,,,,,,,,,,,,,,,,,,e1796
,,,,,,,,,,,,,,,,,,e1796
,,,,,,,,,,,,,,,,,,e1796
,,,,,,,,,,,,,,,,,,e1796
,,,,,,,,,,,,,,,,,,e1796
,,,,,,,,,,,,,,,,,,e1796
,,,,,,,,,,,,,,,,,,e1796
,,,,,,,,,,,,,,,,,,e1778
,,,,,,,,,,,,,,,,,,e1778
,,,,,,,,,,,,,,,,,,e1778
,,,,,,,,,,,,,,,,,,e1774
,,,,,,,,,,,,,,,,,,e1774
,,,,,,,,,,,,,,,,,,e1774
,,,,,,,,,,,,,,,,,,e1774
,,,,,,,,,,,,,,,,,,e1774
,,,,,,,,,,,,,,,,,,e1774
,,,,,,,,,,,,,,,,,,e1767
,,,,,,,,,,,,,,,,,,e1767
,,,,,,,,,,,,,,,,,,e1730
,,,,,,,,,,,,,,,,,,e1730
,,,,,,,,,,,,,,,,,,e1730
,,,,,,,,,,,,,,,,,,e1730
,,,,,,,,,,,,,,,,,,e1730
,,,,,,,,,,,,,,,,,,e1730
,,,,,,,,,,,,,,,,,,e1730
,,,,,,,,,,,,,,,,,,e1730
,,,,,,,,,,,,,,,,,,e1730
,,,,,,,,,,,,,,,,,,e1730
,,,,,,,,,,,,,,,,,,e1730
,,,,,,,,,,,,,,,,,,e1730
,,,,,,,,,,,,,,,,,,e1730
,,,,,,,,,,,,,,,,,,e1730
,,,,,,,,,,,,,,,,,,e1730
,,,,,,,,,,,,,,,,,,e1730
,,,,,,,,,,,,,,,,,,e1730
,,,,,,,,,,,,,,,,,,e1730
,,,,,,,,,,,,,,,,,,e1730
,,,,,,,,,,,,,,,,,,e1730
,,,,,,,,,,,,,,,,,,e1730
,,,,,,,,,,,,,,,,,,e1730
,,,,,,,,,,,,,,,,,,e1730
,,,,,,,,,,,,,,,,,,e1730
,,,,,,,,,,,,,,,,,,e1730
,,,,,,,,,,,,,,,,,,e1730
,,,,,,,,,,,,,,,,,,e1730
,,,,,,,,,,,,,,,,,,e1730
,,,,,,,,,,,,,,,,,,e1730
,,,,,,,,,,,,,,,,,,e1730
,,,,,,,,,,,,,,,,,,e1730
,,,,,,,,,,,,,,,,,,e1730
,,,,,,,,,,,,,,,,,,e1730
,,,,,,,,,,,,,,,,,,e1730
,,,,,,,,,,,,,,,,,,e1730
,,,,,,,,,,,,,,,,,,e1730
,,,,,,,,,,,,,,,,,,e1730
,,,,,,,,,,,,,,,,,,e1729
,,,,,,,,,,,,,,,,,,e1729
,,,,,,,,,,,,,,,,,,e1729
,,,,,,,,,,,,,,,,,,e1729
,,,,,,,,,,,,,,,,,,e1729
,,,,,,,,,,,,,,,,,,e1729
,,,,,,,,,,,,,,,,,,e1729
,,,,,,,,,,,,,,,,,,e1729
,,,,,,,,,,,,,,,,,,e1729
,,,,,,,,,,,,,,,,,,e1729
,,,,,,,,,,,,,,,,,,e1729
,,,,,,,,,,,,,,,,,,e1729
,,,,,,,,,,,,,,,,,,e1729
,,,,,,,,,,,,,,,,,,e1729
,,,,,,,,,,,,,,,,,,e1729
,,,,,,,,,,,,,,,,,,e1729
,,,,,,,,,,,,,,,,,,e1729
,,,,,,,,,,,,,,,,,,e1729
,,,,,,,,,,,,,,,,,,e1715
,,,,,,,,,,,,,,,,,,e1715
,,,,,,,,,,,,,,,,,,e1715
,,,,,,,,,,,,,,,,,,e1696
,,,,,,,,,,,,,,,,,,e1696
,,,,,,,,,,,,,,,,,,e1696
,,,,,,,,,,,,,,,,,,e1696
,,,,,,,,,,,,,,,,,,e1696
,,,,,,,,,,,,,,,,,,e1696
,,,,,,,,,,,,,,,,,,e1696
,,,,,,,,,,,,,,,,,,e1696
,,,,,,,,,,,,,,,,,,e1696
,,,,,,,,,,,,,,,,,,e1696
,,,,,,,,,,,,,,,,,,e1696
,,,,,,,,,,,,,,,,,,e1696
,,,,,,,,,,,,,,,,,,e1696
,,,,,,,,,,,,,,,,,,e1696
,,,,,,,,,,,,,,,,,,e1696
,,,,,,,,,,,,,,,,,,e1696
,,,,,,,,,,,,,,,,,,e1696
,,,,,,,,,,,,,,,,,,e1696
,,,,,,,,,,,,,,,,,,e1696
,,,,,,,,,,,,,,,,,,e1696
,,,,,,,,,,,,,,,,,,e1696
,,,,,,,,,,,,,,,,,,e1696
,,,,,,,,,,,,,,,,,,e1694
,,,,,,,,,,,,,,,,,,e1663
,,,,,,,,,,,,,,,,,,e1663
,,,,,,,,,,,,,,,,,,e1663
,,,,,,,,,,,,,,,,,,e1663
,,,,,,,,,,,,,,,,,,e1663
,,,,,,,,,,,,,,,,,,e1663
,,,,,,,,,,,,,,,,,,e1663
,,,,,,,,,,,,,,,,,,e1663
,,,,,,,,,,,,,,,,,,e1663
,,,,,,,,,,,,,,,,,,e1663
,,,,,,,,,,,,,,,,,,e1663
,,,,,,,,,,,,,,,,,,e1663
,,,,,,,,,,,,,,,,,,e1663
,,,,,,,,,,,,,,,,,,e1663
,,,,,,,,,,,,,,,,,,e1663
,,,,,,,,,,,,,,,,,,e1663
,,,,,,,,,,,,,,,,,,e1663
,,,,,,,,,,,,,,,,,,e1663
,,,,,,,,,,,,,,,,,,e1663
,,,,,,,,,,,,,,,,,,e1663
,,,,,,,,,,,,,,,,,,e1663
,,,,,,,,,,,,,,,,,,e1663
,,,,,,,,,,,,,,,,,,e1663
,,,,,,,,,,,,,,,,,,e1657
,,,,,,,,,,,,,,,,,,e1657
,,,,,,,,,,,,,,,,,,e1657
,,,,,,,,,,,,,,,,,,e1657
,,,,,,,,,,,,,,,,,,e1657
,,,,,,,,,,,,,,,,,,e1657
,,,,,,,,,,,,,,,,,,e1657
,,,,,,,,,,,,,,,,,,e1657
,,,,,,,,,,,,,,,,,,e1657
,,,,,,,,,,,,,,,,,,e1657
,,,,,,,,,,,,,,,,,,e1657
,,,,,,,,,,,,,,,,,,e1657
,,,,,,,,,,,,,,,,,,e1657
,,,,,,,,,,,,,,,,,,e1657
,,,,,,,,,,,,,,,,,,e1657
,,,,,,,,,,,,,,,,,,e1657
,,,,,,,,,,,,,,,,,,e1657
,,,,,,,,,,,,,,,,,,e1657
,,,,,,,,,,,,,,,,,,e1657
,,,,,,,,,,,,,,,,,,e1657
,,,,,,,,,,,,,,,,,,e1637
,,,,,,,,,,,,,,,,,,e1637
,,,,,,,,,,,,,,,,,,e1637
,,,,,,,,,,,,,,,,,,e1637
,,,,,,,,,,,,,,,,,,e1582
,,,,,,,,,,,,,,,,,,e1582
,,,,,,,,,,,,,,,,,,e1582
,,,,,,,,,,,,,,,,,,e1582
,,,,,,,,,,,,,,,,,,e1582
,,,,,,,,,,,,,,,,,,e1582
,,,,,,,,,,,,,,,,,,e1582
,,,,,,,,,,,,,,,,,,e1582
,,,,,,,,,,,,,,,,,,e1582
,,,,,,,,,,,,,,,,,,e1582
,,,,,,,,,,,,,,,,,,e1582
,,,,,,,,,,,,,,,,,,e1582
,,,,,,,,,,,,,,,,,,e1582
,,,,,,,,,,,,,,,,,,e1582
,,,,,,,,,,,,,,,,,,e1582
,,,,,,,,,,,,,,,,,,e1582
,,,,,,,,,,,,,,,,,,e1582
,,,,,,,,,,,,,,,,,,e1582
,,,,,,,,,,,,,,,,,,e1582
,,,,,,,,,,,,,,,,,,e1582
,,,,,,,,,,,,,,,,,,e1582
,,,,,,,,,,,,,,,,,,e1582
,,,,,,,,,,,,,,,,,,e1582
,,,,,,,,,,,,,,,,,,e1582
,,,,,,,,,,,,,,,,,,e1582
,,,,,,,,,,,,,,,,,,e1581
,,,,,,,,,,,,,,,,,,e1581
,,,,,,,,,,,,,,,,,,e1581
,,,,,,,,,,,,,,,,,,e1581
,,,,,,,,,,,,,,,,,,e1581
,,,,,,,,,,,,,,,,,,e1581
,,,,,,,,,,,,,,,,,,e1581
,,,,,,,,,,,,,,,,,,e1581
,,,,,,,,,,,,,,,,,,e1581
,,,,,,,,,,,,,,,,,,e1581
,,,,,,,,,,,,,,,,,,e1581
,,,,,,,,,,,,,,,,,,e1581
,,,,,,,,,,,,,,,,,,e1581
,,,,,,,,,,,,,,,,,,e1581
,,,,,,,,,,,,,,,,,,e1581
,,,,,,,,,,,,,,,,,,e1581
,,,,,,,,,,,,,,,,,,e1581
,,,,,,,,,,,,,,,,,,e1581
,,,,,,,,,,,,,,,,,,e1581
,,,,,,,,,,,,,,,,,,e1581
,,,,,,,,,,,,,,,,,,e1581
,,,,,,,,,,,,,,,,,,e1581
,,,,,,,,,,,,,,,,,,e1581
,,,,,,,,,,,,,,,,,,e1581
,,,,,,,,,,,,,,,,,,e1581
,,,,,,,,,,,,,,,,,,e1581
,,,,,,,,,,,,,,,,,,e1581
,,,,,,,,,,,,,,,,,,e1581
,,,,,,,,,,,,,,,,,,e1581
,,,,,,,,,,,,,,,,,,e1581
,,,,,,,,,,,,,,,,,,e1579
,,,,,,,,,,,,,,,,,,e1579
,,,,,,,,,,,,,,,,,,e1579
,,,,,,,,,,,,,,,,,,e1573
,,,,,,,,,,,,,,,,,,e1573
,,,,,,,,,,,,,,,,,,e1573
,,,,,,,,,,,,,,,,,,e1573
,,,,,,,,,,,,,,,,,,e1573
,,,,,,,,,,,,,,,,,,e1573
,,,,,,,,,,,,,,,,,,e1573
,,,,,,,,,,,,,,,,,,e1573
,,,,,,,,,,,,,,,,,,e1573
,,,,,,,,,,,,,,,,,,e1573
,,,,,,,,,,,,,,,,,,e1573
,,,,,,,,,,,,,,,,,,e1573
,,,,,,,,,,,,,,,,,,e1573
,,,,,,,,,,,,,,,,,,e1573
,,,,,,,,,,,,,,,,,,e1573
,,,,,,,,,,,,,,,,,,e1573
,,,,,,,,,,,,,,,,,,e1573
,,,,,,,,,,,,,,,,,,e1573
,,,,,,,,,,,,,,,,,,e1573
,,,,,,,,,,,,,,,,,,e1573
,,,,,,,,,,,,,,,,,,e1573
,,,,,,,,,,,,,,,,,,e1546
,,,,,,,,,,,,,,,,,,e1546
,,,,,,,,,,,,,,,,,,e1546
,,,,,,,,,,,,,,,,,,e1546
,,,,,,,,,,,,,,,,,,e1546
,,,,,,,,,,,,,,,,,,e1546
,,,,,,,,,,,,,,,,,,e1546
,,,,,,,,,,,,,,,,,,e1546
,,,,,,,,,,,,,,,,,,e1546
,,,,,,,,,,,,,,,,,,e1546
,,,,,,,,,,,,,,,,,,e1546
,,,,,,,,,,,,,,,,,,e1546
,,,,,,,,,,,,,,,,,,e1546
,,,,,,,,,,,,,,,,,,e1546
,,,,,,,,,,,,,,,,,,e1546
,,,,,,,,,,,,,,,,,,e1546
,,,,,,,,,,,,,,,,,,e1546
,,,,,,,,,,,,,,,,,,e1544
,,,,,,,,,,,,,,,,,,e1544
,,,,,,,,,,,,,,,,,,e1544
,,,,,,,,,,,,,,,,,,e1544
,,,,,,,,,,,,,,,,,,e1544
,,,,,,,,,,,,,,,,,,e1544
,,,,,,,,,,,,,,,,,,e1544
,,,,,,,,,,,,,,,,,,e1544
,,,,,,,,,,,,,,,,,,e1544
,,,,,,,,,,,,,,,,,,e1544
,,,,,,,,,,,,,,,,,,e1544
,,,,,,,,,,,,,,,,,,e1544
,,,,,,,,,,,,,,,,,,e1544
,,,,,,,,,,,,,,,,,,e1544
,,,,,,,,,,,,,,,,,,e1531
,,,,,,,,,,,,,,,,,,e1531
,,,,,,,,,,,,,,,,,,e1531
,,,,,,,,,,,,,,,,,,e1531
,,,,,,,,,,,,,,,,,,e1531
,,,,,,,,,,,,,,,,,,e1531
,,,,,,,,,,,,,,,,,,e1531
,,,,,,,,,,,,,,,,,,e1531
,,,,,,,,,,,,,,,,,,e1531
,,,,,,,,,,,,,,,,,,e1531
,,,,,,,,,,,,,,,,,,e1531
,,,,,,,,,,,,,,,,,,e1531
,,,,,,,,,,,,,,,,,,e1531
,,,,,,,,,,,,,,,,,,e1531
,,,,,,,,,,,,,,,,,,e1531
,,,,,,,,,,,,,,,,,,e1531
,,,,,,,,,,,,,,,,,,e1531
,,,,,,,,,,,,,,,,,,e1531
,,,,,,,,,,,,,,,,,,e1531
,,,,,,,,,,,,,,,,,,e1531
,,,,,,,,,,,,,,,,,,e1520
,,,,,,,,,,,,,,,,,,e1520
,,,,,,,,,,,,,,,,,,e1520
,,,,,,,,,,,,,,,,,,e1520
,,,,,,,,,,,,,,,,,,e1520
,,,,,,,,,,,,,,,,,,e1520
,,,,,,,,,,,,,,,,,,e1520
,,,,,,,,,,,,,,,,,,e1520
,,,,,,,,,,,,,,,,,,e1520
,,,,,,,,,,,,,,,,,,e1520
,,,,,,,,,,,,,,,,,,e1520
,,,,,,,,,,,,,,,,,,e1520
,,,,,,,,,,,,,,,,,,e1520
,,,,,,,,,,,,,,,,,,e1520
,,,,,,,,,,,,,,,,,,e1520
,,,,,,,,,,,,,,,,,,e1520
,,,,,,,,,,,,,,,,,,e1510
,,,,,,,,,,,,,,,,,,e1510
,,,,,,,,,,,,,,,,,,e1510
,,,,,,,,,,,,,,,,,,e1510
,,,,,,,,,,,,,,,,,,e1510
,,,,,,,,,,,,,,,,,,e1510
,,,,,,,,,,,,,,,,,,e1510
,,,,,,,,,,,,,,,,,,e1510
,,,,,,,,,,,,,,,,,,e1510
,,,,,,,,,,,,,,,,,,e1510
,,,,,,,,,,,,,,,,,,e1508
,,,,,,,,,,,,,,,,,,e1502
,,,,,,,,,,,,,,,,,,e1502
,,,,,,,,,,,,,,,,,,e1502
,,,,,,,,,,,,,,,,,,e1502
,,,,,,,,,,,,,,,,,,e1502
,,,,,,,,,,,,,,,,,,e1502
,,,,,,,,,,,,,,,,,,e1502
,,,,,,,,,,,,,,,,,,e1502
,,,,,,,,,,,,,,,,,,e1502
,,,,,,,,,,,,,,,,,,e1502
,,,,,,,,,,,,,,,,,,e1502
,,,,,,,,,,,,,,,,,,e1502
,,,,,,,,,,,,,,,,,,e1502
,,,,,,,,,,,,,,,,,,e1502
,,,,,,,,,,,,,,,,,,e1502
,,,,,,,,,,,,,,,,,,e1502
,,,,,,,,,,,,,,,,,,e1502
,,,,,,,,,,,,,,,,,,e1472
,,,,,,,,,,,,,,,,,,e1452
,,,,,,,,,,,,,,,,,,e1452
,,,,,,,,,,,,,,,,,,e1452
,,,,,,,,,,,,,,,,,,e1452
,,,,,,,,,,,,,,,,,,e1452
,,,,,,,,,,,,,,,,,,e1452
,,,,,,,,,,,,,,,,,,e1448
,,,,,,,,,,,,,,,,,,e1448
,,,,,,,,,,,,,,,,,,e1438
,,,,,,,,,,,,,,,,,,e1438
,,,,,,,,,,,,,,,,,,e1428
,,,,,,,,,,,,,,,,,,e1428
,,,,,,,,,,,,,,,,,,e1424
,,,,,,,,,,,,,,,,,,e1424
,,,,,,,,,,,,,,,,,,e1424
,,,,,,,,,,,,,,,,,,e1424
,,,,,,,,,,,,,,,,,,e1422
,,,,,,,,,,,,,,,,,,e1422
,,,,,,,,,,,,,,,,,,e1422
,,,,,,,,,,,,,,,,,,e1422
,,,,,,,,,,,,,,,,,,e1422
,,,,,,,,,,,,,,,,,,e1422
,,,,,,,,,,,,,,,,,,e1422
,,,,,,,,,,,,,,,,,,e1421
,,,,,,,,,,,,,,,,,,e1421
,,,,,,,,,,,,,,,,,,e1421
,,,,,,,,,,,,,,,,,,e1421
,,,,,,,,,,,,,,,,,,e1421
,,,,,,,,,,,,,,,,,,e1421
,,,,,,,,,,,,,,,,,,e1421
,,,,,,,,,,,,,,,,,,e1421
,,,,,,,,,,,,,,,,,,e1421
,,,,,,,,,,,,,,,,,,e1421
,,,,,,,,,,,,,,,,,,e1421
,,,,,,,,,,,,,,,,,,e1421
,,,,,,,,,,,,,,,,,,e1421
,,,,,,,,,,,,,,,,,,e1421
,,,,,,,,,,,,,,,,,,e1421
,,,,,,,,,,,,,,,,,,e1421
,,,,,,,,,,,,,,,,,,e1421
,,,,,,,,,,,,,,,,,,e1421
,,,,,,,,,,,,,,,,,,e1421
,,,,,,,,,,,,,,,,,,e1420
,,,,,,,,,,,,,,,,,,e1420
,,,,,,,,,,,,,,,,,,e1420
,,,,,,,,,,,,,,,,,,e1420
,,,,,,,,,,,,,,,,,,e1420
,,,,,,,,,,,,,,,,,,e1420
,,,,,,,,,,,,,,,,,,e1420
,,,,,,,,,,,,,,,,,,e1420
,,,,,,,,,,,,,,,,,,e1420
,,,,,,,,,,,,,,,,,,e1420
,,,,,,,,,,,,,,,,,,e1420
,,,,,,,,,,,,,,,,,,e1420
,,,,,,,,,,,,,,,,,,e1420
,,,,,,,,,,,,,,,,,,e1420
,,,,,,,,,,,,,,,,,,e1420
,,,,,,,,,,,,,,,,,,e1420
,,,,,,,,,,,,,,,,,,e1420
,,,,,,,,,,,,,,,,,,e1396
,,,,,,,,,,,,,,,,,,e1396
,,,,,,,,,,,,,,,,,,e1381
,,,,,,,,,,,,,,,,,,e1381
,,,,,,,,,,,,,,,,,,e1381
,,,,,,,,,,,,,,,,,,e1381
,,,,,,,,,,,,,,,,,,e1379
,,,,,,,,,,,,,,,,,,e1379
,,,,,,,,,,,,,,,,,,e1379
,,,,,,,,,,,,,,,,,,e1379
,,,,,,,,,,,,,,,,,,e1379
,,,,,,,,,,,,,,,,,,e1379
,,,,,,,,,,,,,,,,,,e1379
,,,,,,,,,,,,,,,,,,e1379
,,,,,,,,,,,,,,,,,,e1379
,,,,,,,,,,,,,,,,,,e1379
,,,,,,,,,,,,,,,,,,e1379
,,,,,,,,,,,,,,,,,,e1379
,,,,,,,,,,,,,,,,,,e1379
,,,,,,,,,,,,,,,,,,e1379
,,,,,,,,,,,,,,,,,,e1379
,,,,,,,,,,,,,,,,,,e1379
,,,,,,,,,,,,,,,,,,e1379
,,,,,,,,,,,,,,,,,,e1379
,,,,,,,,,,,,,,,,,,e1379
,,,,,,,,,,,,,,,,,,e1379
,,,,,,,,,,,,,,,,,,e1379
,,,,,,,,,,,,,,,,,,e1379
,,,,,,,,,,,,,,,,,,e1379
,,,,,,,,,,,,,,,,,,e1378
,,,,,,,,,,,,,,,,,,e1378
,,,,,,,,,,,,,,,,,,e1356
,,,,,,,,,,,,,,,,,,e1356
,,,,,,,,,,,,,,,,,,e1356
,,,,,,,,,,,,,,,,,,e1356
,,,,,,,,,,,,,,,,,,e1356
,,,,,,,,,,,,,,,,,,e1356
,,,,,,,,,,,,,,,,,,e1354
,,,,,,,,,,,,,,,,,,e1354
,,,,,,,,,,,,,,,,,,e1354
,,,,,,,,,,,,,,,,,,e1354
,,,,,,,,,,,,,,,,,,e1354
,,,,,,,,,,,,,,,,,,e1348
,,,,,,,,,,,,,,,,,,e1348
,,,,,,,,,,,,,,,,,,e1348
,,,,,,,,,,,,,,,,,,e1347
,,,,,,,,,,,,,,,,,,e1347
,,,,,,,,,,,,,,,,,,e1347
,,,,,,,,,,,,,,,,,,e1344
,,,,,,,,,,,,,,,,,,e1344
,,,,,,,,,,,,,,,,,,e1344
,,,,,,,,,,,,,,,,,,e1344
,,,,,,,,,,,,,,,,,,e1344
,,,,,,,,,,,,,,,,,,e1344
,,,,,,,,,,,,,,,,,,e1344
,,,,,,,,,,,,,,,,,,e1344
,,,,,,,,,,,,,,,,,,e1342
,,,,,,,,,,,,,,,,,,e1342
,,,,,,,,,,,,,,,,,,e1342
,,,,,,,,,,,,,,,,,,e1336
,,,,,,,,,,,,,,,,,,e1336
,,,,,,,,,,,,,,,,,,e1336
,,,,,,,,,,,,,,,,,,e1336
,,,,,,,,,,,,,,,,,,e1327
,,,,,,,,,,,,,,,,,,e1327
,,,,,,,,,,,,,,,,,,e1322
,,,,,,,,,,,,,,,,,,e1322
,,,,,,,,,,,,,,,,,,e1322
,,,,,,,,,,,,,,,,,,e1322
,,,,,,,,,,,,,,,,,,e1319
,,,,,,,,,,,,,,,,,,e1319
,,,,,,,,,,,,,,,,,,e1295
,,,,,,,,,,,,,,,,,,e1295
,,,,,,,,,,,,,,,,,,e1295
,,,,,,,,,,,,,,,,,,e1295
,,,,,,,,,,,,,,,,,,e1295
,,,,,,,,,,,,,,,,,,e1295
,,,,,,,,,,,,,,,,,,e1295
,,,,,,,,,,,,,,,,,,e1295
,,,,,,,,,,,,,,,,,,e1295
,,,,,,,,,,,,,,,,,,e1295
,,,,,,,,,,,,,,,,,,e1295
,,,,,,,,,,,,,,,,,,e1295
,,,,,,,,,,,,,,,,,,e1295
,,,,,,,,,,,,,,,,,,e1295
,,,,,,,,,,,,,,,,,,e1295
,,,,,,,,,,,,,,,,,,e1295
,,,,,,,,,,,,,,,,,,e1295
,,,,,,,,,,,,,,,,,,e1295
,,,,,,,,,,,,,,,,,,e1295
,,,,,,,,,,,,,,,,,,e1295
,,,,,,,,,,,,,,,,,,e1295
,,,,,,,,,,,,,,,,,,e1295
,,,,,,,,,,,,,,,,,,e1285
,,,,,,,,,,,,,,,,,,e1285
,,,,,,,,,,,,,,,,,,e1285
,,,,,,,,,,,,,,,,,,e1285
,,,,,,,,,,,,,,,,,,e1285
,,,,,,,,,,,,,,,,,,e1285
,,,,,,,,,,,,,,,,,,e1285
,,,,,,,,,,,,,,,,,,e1285
,,,,,,,,,,,,,,,,,,e1285
,,,,,,,,,,,,,,,,,,e1285
,,,,,,,,,,,,,,,,,,e1285
,,,,,,,,,,,,,,,,,,e1285
,,,,,,,,,,,,,,,,,,e1285
,,,,,,,,,,,,,,,,,,e1285
,,,,,,,,,,,,,,,,,,e1285
,,,,,,,,,,,,,,,,,,e1285
,,,,,,,,,,,,,,,,,,e1285
,,,,,,,,,,,,,,,,,,e1285
,,,,,,,,,,,,,,,,,,e1285
,,,,,,,,,,,,,,,,,,e1285
,,,,,,,,,,,,,,,,,,e1285
,,,,,,,,,,,,,,,,,,e1285
,,,,,,,,,,,,,,,,,,e1285
,,,,,,,,,,,,,,,,,,e1275
,,,,,,,,,,,,,,,,,,e1275
,,,,,,,,,,,,,,,,,,e1270
,,,,,,,,,,,,,,,,,,e1270
,,,,,,,,,,,,,,,,,,e1270
,,,,,,,,,,,,,,,,,,e1270
,,,,,,,,,,,,,,,,,,e1270
,,,,,,,,,,,,,,,,,,e1270
,,,,,,,,,,,,,,,,,,e1270
,,,,,,,,,,,,,,,,,,e1270
,,,,,,,,,,,,,,,,,,e1270
,,,,,,,,,,,,,,,,,,e1270
,,,,,,,,,,,,,,,,,,e1270
,,,,,,,,,,,,,,,,,,e1270
,,,,,,,,,,,,,,,,,,e1270
,,,,,,,,,,,,,,,,,,e1270
,,,,,,,,,,,,,,,,,,e1270
,,,,,,,,,,,,,,,,,,e1270
,,,,,,,,,,,,,,,,,,e1270
,,,,,,,,,,,,,,,,,,e1270
,,,,,,,,,,,,,,,,,,e1270
,,,,,,,,,,,,,,,,,,e1270
,,,,,,,,,,,,,,,,,,e1270
,,,,,,,,,,,,,,,,,,e1270
,,,,,,,,,,,,,,,,,,e1270
,,,,,,,,,,,,,,,,,,e1270
,,,,,,,,,,,,,,,,,,e1270
,,,,,,,,,,,,,,,,,,e1270
,,,,,,,,,,,,,,,,,,e1270
,,,,,,,,,,,,,,,,,,e1270
,,,,,,,,,,,,,,,,,,e1270
,,,,,,,,,,,,,,,,,,e1270
,,,,,,,,,,,,,,,,,,e1270
,,,,,,,,,,,,,,,,,,e1265
,,,,,,,,,,,,,,,,,,e1265
,,,,,,,,,,,,,,,,,,e1265
,,,,,,,,,,,,,,,,,,e1265
,,,,,,,,,,,,,,,,,,e1264
,,,,,,,,,,,,,,,,,,e1264
,,,,,,,,,,,,,,,,,,e1264
,,,,,,,,,,,,,,,,,,e1264
,,,,,,,,,,,,,,,,,,e1264
,,,,,,,,,,,,,,,,,,e1264
,,,,,,,,,,,,,,,,,,e1264
,,,,,,,,,,,,,,,,,,e1264
,,,,,,,,,,,,,,,,,,e1264
,,,,,,,,,,,,,,,,,,e1264
,,,,,,,,,,,,,,,,,,e1264
,,,,,,,,,,,,,,,,,,e1264
,,,,,,,,,,,,,,,,,,e1264
,,,,,,,,,,,,,,,,,,e1264
,,,,,,,,,,,,,,,,,,e1264
,,,,,,,,,,,,,,,,,,e1264
,,,,,,,,,,,,,,,,,,e1264
,,,,,,,,,,,,,,,,,,e1264
,,,,,,,,,,,,,,,,,,e1264
,,,,,,,,,,,,,,,,,,e1264
,,,,,,,,,,,,,,,,,,e1264
,,,,,,,,,,,,,,,,,,e1264
,,,,,,,,,,,,,,,,,,e1264
,,,,,,,,,,,,,,,,,,e1264
,,,,,,,,,,,,,,,,,,e1264
,,,,,,,,,,,,,,,,,,e1264
,,,,,,,,,,,,,,,,,,e1264
,,,,,,,,,,,,,,,,,,e1264
,,,,,,,,,,,,,,,,,,e1264
,,,,,,,,,,,,,,,,,,e1264
,,,,,,,,,,,,,,,,,,e1264
,,,,,,,,,,,,,,,,,,e1264
,,,,,,,,,,,,,,,,,,e1264
,,,,,,,,,,,,,,,,,,e1264
,,,,,,,,,,,,,,,,,,e1264
,,,,,,,,,,,,,,,,,,e1264
,,,,,,,,,,,,,,,,,,e1264
,,,,,,,,,,,,,,,,,,e1264
,,,,,,,,,,,,,,,,,,e1264
,,,,,,,,,,,,,,,,,,e1264
,,,,,,,,,,,,,,,,,,e1264
,,,,,,,,,,,,,,,,,,e1264
,,,,,,,,,,,,,,,,,,e1264
,,,,,,,,,,,,,,,,,,e1264
,,,,,,,,,,,,,,,,,,e1264
,,,,,,,,,,,,,,,,,,e1264
,,,,,,,,,,,,,,,,,,e1264
,,,,,,,,,,,,,,,,,,e1264
,,,,,,,,,,,,,,,,,,e1264
,,,,,,,,,,,,,,,,,,e1264
,,,,,,,,,,,,,,,,,,e1264
,,,,,,,,,,,,,,,,,,e1264
,,,,,,,,,,,,,,,,,,e1264
,,,,,,,,,,,,,,,,,,e1264
,,,,,,,,,,,,,,,,,,e1264
,,,,,,,,,,,,,,,,,,e1264
,,,,,,,,,,,,,,,,,,e1264
,,,,,,,,,,,,,,,,,,e1264
,,,,,,,,,,,,,,,,,,e1264
,,,,,,,,,,,,,,,,,,e1260
,,,,,,,,,,,,,,,,,,e1260
,,,,,,,,,,,,,,,,,,e1260
,,,,,,,,,,,,,,,,,,e1260
,,,,,,,,,,,,,,,,,,e1260
,,,,,,,,,,,,,,,,,,e1260
,,,,,,,,,,,,,,,,,,e1260
,,,,,,,,,,,,,,,,,,e1260
,,,,,,,,,,,,,,,,,,e1260
,,,,,,,,,,,,,,,,,,e1260
,,,,,,,,,,,,,,,,,,e1260
,,,,,,,,,,,,,,,,,,e1260
,,,,,,,,,,,,,,,,,,e1260
,,,,,,,,,,,,,,,,,,e1260
,,,,,,,,,,,,,,,,,,e1260
,,,,,,,,,,,,,,,,,,e1260
,,,,,,,,,,,,,,,,,,e1260
,,,,,,,,,,,,,,,,,,e1260
,,,,,,,,,,,,,,,,,,e1260
,,,,,,,,,,,,,,,,,,e1260
,,,,,,,,,,,,,,,,,,e1260
,,,,,,,,,,,,,,,,,,e1259
,,,,,,,,,,,,,,,,,,e1259
,,,,,,,,,,,,,,,,,,e1259
,,,,,,,,,,,,,,,,,,e1259
,,,,,,,,,,,,,,,,,,e1259
,,,,,,,,,,,,,,,,,,e1259
,,,,,,,,,,,,,,,,,,e1259
,,,,,,,,,,,,,,,,,,e1259
,,,,,,,,,,,,,,,,,,e1259
,,,,,,,,,,,,,,,,,,e1259
,,,,,,,,,,,,,,,,,,e1259
,,,,,,,,,,,,,,,,,,e1168
,,,,,,,,,,,,,,,,,,e1168
,,,,,,,,,,,,,,,,,,e1168
,,,,,,,,,,,,,,,,,,e1168
,,,,,,,,,,,,,,,,,,e1168
,,,,,,,,,,,,,,,,,,e1168
,,,,,,,,,,,,,,,,,,e1168
,,,,,,,,,,,,,,,,,,e1168
,,,,,,,,,,,,,,,,,,e1168
,,,,,,,,,,,,,,,,,,e1168
,,,,,,,,,,,,,,,,,,e1168
,,,,,,,,,,,,,,,,,,e1168
,,,,,,,,,,,,,,,,,,e1168
,,,,,,,,,,,,,,,,,,e1168
,,,,,,,,,,,,,,,,,,e1168
,,,,,,,,,,,,,,,,,,e1168
,,,,,,,,,,,,,,,,,,e1168
,,,,,,,,,,,,,,,,,,e1168
,,,,,,,,,,,,,,,,,,e1168
,,,,,,,,,,,,,,,,,,e1168
,,,,,,,,,,,,,,,,,,e1168
,,,,,,,,,,,,,,,,,,e1168
,,,,,,,,,,,,,,,,,,e1168
,,,,,,,,,,,,,,,,,,e1168
,,,,,,,,,,,,,,,,,,e1168
,,,,,,,,,,,,,,,,,,e1168
,,,,,,,,,,,,,,,,,,e1168
,,,,,,,,,,,,,,,,,,e1168
,,,,,,,,,,,,,,,,,,e1168
,,,,,,,,,,,,,,,,,,e1168
,,,,,,,,,,,,,,,,,,e1168
,,,,,,,,,,,,,,,,,,e1168
,,,,,,,,,,,,,,,,,,e1168
,,,,,,,,,,,,,,,,,,e1168
,,,,,,,,,,,,,,,,,,e1168
,,,,,,,,,,,,,,,,,,e1168
,,,,,,,,,,,,,,,,,,e1168
,,,,,,,,,,,,,,,,,,e1071
,,,,,,,,,,,,,,,,,,e1071
,,,,,,,,,,,,,,,,,,e1071
,,,,,,,,,,,,,,,,,,e1071
,,,,,,,,,,,,,,,,,,e1071
,,,,,,,,,,,,,,,,,,e1071
,,,,,,,,,,,,,,,,,,e1022
,,,,,,,,,,,,,,,,,,e1022
,,,,,,,,,,,,,,,,,,e1022
,,,,,,,,,,,,,,,,,,e1022
,,,,,,,,,,,,,,,,,,e1022
,,,,,,,,,,,,,,,,,,e1022
,,,,,,,,,,,,,,,,,,e1022
,,,,,,,,,,,,,,,,,,e1022
,,,,,,,,,,,,,,,,,,e1022
,,,,,,,,,,,,,,,,,,e1022
,,,,,,,,,,,,,,,,,,e1022
,,,,,,,,,,,,,,,,,,e1013
,,,,,,,,,,,,,,,,,,e1013
,,,,,,,,,,,,,,,,,,e1013
,,,,,,,,,,,,,,,,,,e1013
,,,,,,,,,,,,,,,,,,e1013
,,,,,,,,,,,,,,,,,,e1013
,,,,,,,,,,,,,,,,,,e1013
,,,,,,,,,,,,,,,,,,e1013
,,,,,,,,,,,,,,,,,,e1013
,,,,,,,,,,,,,,,,,,e1013
,,,,,,,,,,,,,,,,,,e1013
,,,,,,,,,,,,,,,,,,e1013
,,,,,,,,,,,,,,,,,,e1013
,,,,,,,,,,,,,,,,,,e1013
,,,,,,,,,,,,,,,,,,e1013
,,,,,,,,,,,,,,,,,,e1013
,,,,,,,,,,,,,,,,,,e1013
,,,,,,,,,,,,,,,,,,e1013
,,,,,,,,,,,,,,,,,,e1013
,,,,,,,,,,,,,,,,,,e1013
,,,,,,,,,,,,,,,,,,e1013
,,,,,,,,,,,,,,,,,,e1013
,,,,,,,,,,,,,,,,,,e1013
,,,,,,,,,,,,,,,,,,e1013
,,,,,,,,,,,,,,,,,,e1013
,,,,,,,,,,,,,,,,,,e1013
,,,,,,,,,,,,,,,,,,e1013
,,,,,,,,,,,,,,,,,,e1013
,,,,,,,,,,,,,,,,,,e1013
,,,,,,,,,,,,,,,,,,b8998
,,,,,,,,,,,,,,,,,,b8998
,,,,,,,,,,,,,,,,,,b8998
,,,,,,,,,,,,,,,,,,b8998
,,,,,,,,,,,,,,,,,,b8998
,,,,,,,,,,,,,,,,,,b8998
,,,,,,,,,,,,,,,,,,b8998
,,,,,,,,,,,,,,,,,,b8998
,,,,,,,,,,,,,,,,,,b8998
,,,,,,,,,,,,,,,,,,b8998
,,,,,,,,,,,,,,,,,,b8998
,,,,,,,,,,,,,,,,,,b8998
,,,,,,,,,,,,,,,,,,b8998
,,,,,,,,,,,,,,,,,,b8998
,,,,,,,,,,,,,,,,,,b8998
,,,,,,,,,,,,,,,,,,b8998
,,,,,,,,,,,,,,,,,,b8998
,,,,,,,,,,,,,,,,,,b8998
,,,,,,,,,,,,,,,,,,b8998
,,,,,,,,,,,,,,,,,,b8998
,,,,,,,,,,,,,,,,,,b8998
,,,,,,,,,,,,,,,,,,b8998
,,,,,,,,,,,,,,,,,,b8998
,,,,,,,,,,,,,,,,,,b8998
,,,,,,,,,,,,,,,,,,b8998
,,,,,,,,,,,,,,,,,,b8998
,,,,,,,,,,,,,,,,,,b8998
,,,,,,,,,,,,,,,,,,b8998
,,,,,,,,,,,,,,,,,,b8998
,,,,,,,,,,,,,,,,,,b8998
,,,,,,,,,,,,,,,,,,b8998
,,,,,,,,,,,,,,,,,,b8998
,,,,,,,,,,,,,,,,,,b8998
,,,,,,,,,,,,,,,,,,b8998
,,,,,,,,,,,,,,,,,,b8998
,,,,,,,,,,,,,,,,,,b8998
,,,,,,,,,,,,,,,,,,b8998
,,,,,,,,,,,,,,,,,,b8998
,,,,,,,,,,,,,,,,,,b8998
,,,,,,,,,,,,,,,,,,b8998
,,,,,,,,,,,,,,,,,,b8998
,,,,,,,,,,,,,,,,,,b8998
,,,,,,,,,,,,,,,,,,b8998
,,,,,,,,,,,,,,,,,,b8998
,,,,,,,,,,,,,,,,,,b8998
,,,,,,,,,,,,,,,,,,b8998
,,,,,,,,,,,,,,,,,,b8998
,,,,,,,,,,,,,,,,,,b8998
,,,,,,,,,,,,,,,,,,b8998
,,,,,,,,,,,,,,,,,,b8998
,,,,,,,,,,,,,,,,,,b8998
,,,,,,,,,,,,,,,,,,b8998
,,,,,,,,,,,,,,,,,,b8998
,,,,,,,,,,,,,,,,,,b8998
,,,,,,,,,,,,,,,,,,b8998
,,,,,,,,,,,,,,,,,,b8998
,,,,,,,,,,,,,,,,,,b8998
,,,,,,,,,,,,,,,,,,b8998
,,,,,,,,,,,,,,,,,,b8865
,,,,,,,,,,,,,,,,,,b8865
,,,,,,,,,,,,,,,,,,b8865
,,,,,,,,,,,,,,,,,,b8865
,,,,,,,,,,,,,,,,,,b8865
,,,,,,,,,,,,,,,,,,b8865
,,,,,,,,,,,,,,,,,,b8865
,,,,,,,,,,,,,,,,,,b8865
,,,,,,,,,,,,,,,,,,b8865
,,,,,,,,,,,,,,,,,,b8865
,,,,,,,,,,,,,,,,,,b8865
,,,,,,,,,,,,,,,,,,b8865
,,,,,,,,,,,,,,,,,,b8865
,,,,,,,,,,,,,,,,,,b8865
,,,,,,,,,,,,,,,,,,b8865
,,,,,,,,,,,,,,,,,,b8865
,,,,,,,,,,,,,,,,,,b8865
,,,,,,,,,,,,,,,,,,b8865
,,,,,,,,,,,,,,,,,,b8865
,,,,,,,,,,,,,,,,,,b8865
,,,,,,,,,,,,,,,,,,b8865
,,,,,,,,,,,,,,,,,,b8865
,,,,,,,,,,,,,,,,,,b8865
,,,,,,,,,,,,,,,,,,b8865
,,,,,,,,,,,,,,,,,,b8865
,,,,,,,,,,,,,,,,,,b8865
,,,,,,,,,,,,,,,,,,b8865
,,,,,,,,,,,,,,,,,,b8865
,,,,,,,,,,,,,,,,,,b8865
,,,,,,,,,,,,,,,,,,b8865
,,,,,,,,,,,,,,,,,,b8865
,,,,,,,,,,,,,,,,,,b8865
,,,,,,,,,,,,,,,,,,b8865
,,,,,,,,,,,,,,,,,,b8865
,,,,,,,,,,,,,,,,,,b8865
,,,,,,,,,,,,,,,,,,b8865
,,,,,,,,,,,,,,,,,,b8865
,,,,,,,,,,,,,,,,,,b8865
,,,,,,,,,,,,,,,,,,b8865
,,,,,,,,,,,,,,,,,,b8865
,,,,,,,,,,,,,,,,,,b8865
,,,,,,,,,,,,,,,,,,b8865
,,,,,,,,,,,,,,,,,,b8865
,,,,,,,,,,,,,,,,,,b8865
,,,,,,,,,,,,,,,,,,b8865
,,,,,,,,,,,,,,,,,,b8865
,,,,,,,,,,,,,,,,,,b8865
,,,,,,,,,,,,,,,,,,b8865
,,,,,,,,,,,,,,,,,,b8865
,,,,,,,,,,,,,,,,,,b8865
,,,,,,,,,,,,,,,,,,b8865
,,,,,,,,,,,,,,,,,,b8865
,,,,,,,,,,,,,,,,,,b8865
,,,,,,,,,,,,,,,,,,b8865
,,,,,,,,,,,,,,,,,,b8865
,,,,,,,,,,,,,,,,,,b8865
,,,,,,,,,,,,,,,,,,b8865
,,,,,,,,,,,,,,,,,,b8865
,,,,,,,,,,,,,,,,,,b8865
,,,,,,,,,,,,,,,,,,b8865
,,,,,,,,,,,,,,,,,,b8865
,,,,,,,,,,,,,,,,,,b8865
,,,,,,,,,,,,,,,,,,b8865
,,,,,,,,,,,,,,,,,,b8865
,,,,,,,,,,,,,,,,,,b8808
,,,,,,,,,,,,,,,,,,b8808
,,,,,,,,,,,,,,,,,,b8808
,,,,,,,,,,,,,,,,,,b8808
,,,,,,,,,,,,,,,,,,b8808
,,,,,,,,,,,,,,,,,,b8808
,,,,,,,,,,,,,,,,,,b8808
,,,,,,,,,,,,,,,,,,b8808
,,,,,,,,,,,,,,,,,,b8808
,,,,,,,,,,,,,,,,,,b8808
,,,,,,,,,,,,,,,,,,b8808
,,,,,,,,,,,,,,,,,,b8808
,,,,,,,,,,,,,,,,,,b8808
,,,,,,,,,,,,,,,,,,b8608
,,,,,,,,,,,,,,,,,,b8608
,,,,,,,,,,,,,,,,,,b8608
,,,,,,,,,,,,,,,,,,b8608
,,,,,,,,,,,,,,,,,,b8608
,,,,,,,,,,,,,,,,,,b8608
,,,,,,,,,,,,,,,,,,b8608
,,,,,,,,,,,,,,,,,,b8608
,,,,,,,,,,,,,,,,,,b8608
,,,,,,,,,,,,,,,,,,b8608
,,,,,,,,,,,,,,,,,,b8608
,,,,,,,,,,,,,,,,,,b8608
,,,,,,,,,,,,,,,,,,b8608
,,,,,,,,,,,,,,,,,,b8608
,,,,,,,,,,,,,,,,,,b8608
,,,,,,,,,,,,,,,,,,b8608
,,,,,,,,,,,,,,,,,,b8588
,,,,,,,,,,,,,,,,,,b8588
,,,,,,,,,,,,,,,,,,b8588
,,,,,,,,,,,,,,,,,,b8588
,,,,,,,,,,,,,,,,,,b8588
,,,,,,,,,,,,,,,,,,b8588
,,,,,,,,,,,,,,,,,,b8588
,,,,,,,,,,,,,,,,,,b8588
,,,,,,,,,,,,,,,,,,b8588
,,,,,,,,,,,,,,,,,,b8588
,,,,,,,,,,,,,,,,,,b8588
,,,,,,,,,,,,,,,,,,aa9349
,,,,,,,,,,,,,,,,,,aa9349
,,,,,,,,,,,,,,,,,,aa9349
,,,,,,,,,,,,,,,,,,aa9349
,,,,,,,,,,,,,,,,,,aa9349
,,,,,,,,,,,,,,,,,,aa9346
,,,,,,,,,,,,,,,,,,aa9346
,,,,,,,,,,,,,,,,,,aa9346
,,,,,,,,,,,,,,,,,,aa9346
,,,,,,,,,,,,,,,,,,aa9336
,,,,,,,,,,,,,,,,,,aa9336
,,,,,,,,,,,,,,,,,,aa9336
,,,,,,,,,,,,,,,,,,aa9336
,,,,,,,,,,,,,,,,,,aa9335
,,,,,,,,,,,,,,,,,,aa9335
,,,,,,,,,,,,,,,,,,aa9332
,,,,,,,,,,,,,,,,,,aa9332
,,,,,,,,,,,,,,,,,,aa9332
,,,,,,,,,,,,,,,,,,aa9332
,,,,,,,,,,,,,,,,,,aa9332
,,,,,,,,,,,,,,,,,,aa9332
,,,,,,,,,,,,,,,,,,aa9331
,,,,,,,,,,,,,,,,,,aa9331
,,,,,,,,,,,,,,,,,,aa9331
,,,,,,,,,,,,,,,,,,aa9331
,,,,,,,,,,,,,,,,,,aa9331
,,,,,,,,,,,,,,,,,,aa9330
,,,,,,,,,,,,,,,,,,aa9330
,,,,,,,,,,,,,,,,,,aa9330
,,,,,,,,,,,,,,,,,,aa9330
,,,,,,,,,,,,,,,,,,aa9329
,,,,,,,,,,,,,,,,,,aa9329
,,,,,,,,,,,,,,,,,,aa9329
,,,,,,,,,,,,,,,,,,aa9329
,,,,,,,,,,,,,,,,,,aa9327
,,,,,,,,,,,,,,,,,,aa9327
,,,,,,,,,,,,,,,,,,aa9327
,,,,,,,,,,,,,,,,,,aa9327
,,,,,,,,,,,,,,,,,,aa9326
,,,,,,,,,,,,,,,,,,aa9326
,,,,,,,,,,,,,,,,,,aa9326
,,,,,,,,,,,,,,,,,,aa9326
,,,,,,,,,,,,,,,,,,aa9322
,,,,,,,,,,,,,,,,,,aa9322
,,,,,,,,,,,,,,,,,,aa9322
,,,,,,,,,,,,,,,,,,aa9321
,,,,,,,,,,,,,,,,,,aa9321
,,,,,,,,,,,,,,,,,,aa9321
,,,,,,,,,,,,,,,,,,aa9321
,,,,,,,,,,,,,,,,,,aa9320
,,,,,,,,,,,,,,,,,,aa9320
,,,,,,,,,,,,,,,,,,aa9320
,,,,,,,,,,,,,,,,,,aa9319
,,,,,,,,,,,,,,,,,,aa9319
,,,,,,,,,,,,,,,,,,aa9319
,,,,,,,,,,,,,,,,,,aa9319
,,,,,,,,,,,,,,,,,,aa9319
,,,,,,,,,,,,,,,,,,aa9319
,,,,,,,,,,,,,,,,,,aa9319
,,,,,,,,,,,,,,,,,,aa9319
,,,,,,,,,,,,,,,,,,aa9318
,,,,,,,,,,,,,,,,,,aa9318
,,,,,,,,,,,,,,,,,,aa9318
,,,,,,,,,,,,,,,,,,aa9318
,,,,,,,,,,,,,,,,,,aa9318
,,,,,,,,,,,,,,,,,,aa9318
,,,,,,,,,,,,,,,,,,aa9317
,,,,,,,,,,,,,,,,,,aa9317
,,,,,,,,,,,,,,,,,,aa9317
,,,,,,,,,,,,,,,,,,aa9317
,,,,,,,,,,,,,,,,,,aa9317
,,,,,,,,,,,,,,,,,,aa9317
,,,,,,,,,,,,,,,,,,aa9317
,,,,,,,,,,,,,,,,,,aa9317
,,,,,,,,,,,,,,,,,,aa9317
,,,,,,,,,,,,,,,,,,aa9317
,,,,,,,,,,,,,,,,,,aa9316
,,,,,,,,,,,,,,,,,,aa9316
,,,,,,,,,,,,,,,,,,aa9316
,,,,,,,,,,,,,,,,,,aa9316
,,,,,,,,,,,,,,,,,,aa9316
,,,,,,,,,,,,,,,,,,aa9316
,,,,,,,,,,,,,,,,,,aa9316
,,,,,,,,,,,,,,,,,,aa9316
,,,,,,,,,,,,,,,,,,aa9316
,,,,,,,,,,,,,,,,,,aa9316
,,,,,,,,,,,,,,,,,,aa9316
,,,,,,,,,,,,,,,,,,aa9316
,,,,,,,,,,,,,,,,,,aa9315
,,,,,,,,,,,,,,,,,,aa9315
,,,,,,,,,,,,,,,,,,aa9315
,,,,,,,,,,,,,,,,,,aa9315
,,,,,,,,,,,,,,,,,,aa9315
,,,,,,,,,,,,,,,,,,aa9315
,,,,,,,,,,,,,,,,,,aa9315
,,,,,,,,,,,,,,,,,,aa9315
,,,,,,,,,,,,,,,,,,aa9315
,,,,,,,,,,,,,,,,,,aa9315
,,,,,,,,,,,,,,,,,,aa9315
,,,,,,,,,,,,,,,,,,aa9315
,,,,,,,,,,,,,,,,,,aa9315
,,,,,,,,,,,,,,,,,,aa9315
,,,,,,,,,,,,,,,,,,aa9314
,,,,,,,,,,,,,,,,,,aa9314
,,,,,,,,,,,,,,,,,,aa9314
,,,,,,,,,,,,,,,,,,aa9314
,,,,,,,,,,,,,,,,,,aa9314
,,,,,,,,,,,,,,,,,,aa9314
,,,,,,,,,,,,,,,,,,aa9314
,,,,,,,,,,,,,,,,,,aa9313
,,,,,,,,,,,,,,,,,,aa9313
,,,,,,,,,,,,,,,,,,aa9313
,,,,,,,,,,,,,,,,,,aa9313
,,,,,,,,,,,,,,,,,,aa9313
,,,,,,,,,,,,,,,,,,aa9313
,,,,,,,,,,,,,,,,,,aa9313
,,,,,,,,,,,,,,,,,,aa9312
,,,,,,,,,,,,,,,,,,aa9312
,,,,,,,,,,,,,,,,,,aa9312
,,,,,,,,,,,,,,,,,,aa9312
,,,,,,,,,,,,,,,,,,aa9312
,,,,,,,,,,,,,,,,,,aa9312
,,,,,,,,,,,,,,,,,,aa9310
,,,,,,,,,,,,,,,,,,aa9310
,,,,,,,,,,,,,,,,,,aa9310
,,,,,,,,,,,,,,,,,,aa9310
,,,,,,,,,,,,,,,,,,aa9310
,,,,,,,,,,,,,,,,,,aa9310
,,,,,,,,,,,,,,,,,,aa9310
,,,,,,,,,,,,,,,,,,aa9310
,,,,,,,,,,,,,,,,,,aa9309
,,,,,,,,,,,,,,,,,,aa9309
,,,,,,,,,,,,,,,,,,aa9309
,,,,,,,,,,,,,,,,,,aa9309
,,,,,,,,,,,,,,,,,,aa9309
,,,,,,,,,,,,,,,,,,aa9309
,,,,,,,,,,,,,,,,,,aa9309
,,,,,,,,,,,,,,,,,,aa9309
,,,,,,,,,,,,,,,,,,aa9309
,,,,,,,,,,,,,,,,,,aa9309
,,,,,,,,,,,,,,,,,,aa9309
,,,,,,,,,,,,,,,,,,aa9308
,,,,,,,,,,,,,,,,,,aa9308
,,,,,,,,,,,,,,,,,,aa9308
,,,,,,,,,,,,,,,,,,aa9308
,,,,,,,,,,,,,,,,,,aa9308
,,,,,,,,,,,,,,,,,,aa9308
,,,,,,,,,,,,,,,,,,aa9308
,,,,,,,,,,,,,,,,,,aa9306
,,,,,,,,,,,,,,,,,,aa9306
,,,,,,,,,,,,,,,,,,aa9306
,,,,,,,,,,,,,,,,,,aa9306
,,,,,,,,,,,,,,,,,,aa9304
,,,,,,,,,,,,,,,,,,aa9304
,,,,,,,,,,,,,,,,,,aa9304
,,,,,,,,,,,,,,,,,,aa9304
,,,,,,,,,,,,,,,,,,aa9301
,,,,,,,,,,,,,,,,,,aa9301
,,,,,,,,,,,,,,,,,,aa9301
,,,,,,,,,,,,,,,,,,aa9301
,,,,,,,,,,,,,,,,,,aa9301
,,,,,,,,,,,,,,,,,,aa9301
,,,,,,,,,,,,,,,,,,aa9298
,,,,,,,,,,,,,,,,,,aa9298
,,,,,,,,,,,,,,,,,,aa9298
,,,,,,,,,,,,,,,,,,aa9270
,,,,,,,,,,,,,,,,,,aa9270
,,,,,,,,,,,,,,,,,,aa9270
,,,,,,,,,,,,,,,,,,aa9270
,,,,,,,,,,,,,,,,,,aa9270
,,,,,,,,,,,,,,,,,,aa9270
,,,,,,,,,,,,,,,,,,aa9270
,,,,,,,,,,,,,,,,,,aa9270
,,,,,,,,,,,,,,,,,,aa9270
,,,,,,,,,,,,,,,,,,aa9270
,,,,,,,,,,,,,,,,,,aa9270
,,,,,,,,,,,,,,,,,,aa9270
,,,,,,,,,,,,,,,,,,aa9270
,,,,,,,,,,,,,,,,,,aa9270
,,,,,,,,,,,,,,,,,,aa9270
,,,,,,,,,,,,,,,,,,aa9270
,,,,,,,,,,,,,,,,,,aa9270
,,,,,,,,,,,,,,,,,,aa9270
,,,,,,,,,,,,,,,,,,aa9270
,,,,,,,,,,,,,,,,,,aa9270
,,,,,,,,,,,,,,,,,,aa9270
,,,,,,,,,,,,,,,,,,aa9270
,,,,,,,,,,,,,,,,,,aa9270
,,,,,,,,,,,,,,,,,,aa9270
,,,,,,,,,,,,,,,,,,aa9270
,,,,,,,,,,,,,,,,,,aa9270
,,,,,,,,,,,,,,,,,,aa9270
,,,,,,,,,,,,,,,,,,aa9270
,,,,,,,,,,,,,,,,,,aa9270
,,,,,,,,,,,,,,,,,,aa9270
,,,,,,,,,,,,,,,,,,aa9270
,,,,,,,,,,,,,,,,,,aa9270
,,,,,,,,,,,,,,,,,,aa9270
,,,,,,,,,,,,,,,,,,aa9270
,,,,,,,,,,,,,,,,,,aa9270
,,,,,,,,,,,,,,,,,,aa9270
,,,,,,,,,,,,,,,,,,aa9270
,,,,,,,,,,,,,,,,,,aa9257
,,,,,,,,,,,,,,,,,,aa9257
,,,,,,,,,,,,,,,,,,aa9257
,,,,,,,,,,,,,,,,,,aa9257
,,,,,,,,,,,,,,,,,,aa9257
,,,,,,,,,,,,,,,,,,aa9257
,,,,,,,,,,,,,,,,,,aa9257
,,,,,,,,,,,,,,,,,,aa9257
,,,,,,,,,,,,,,,,,,aa9257
,,,,,,,,,,,,,,,,,,aa9257
,,,,,,,,,,,,,,,,,,aa9256
,,,,,,,,,,,,,,,,,,aa9256
,,,,,,,,,,,,,,,,,,aa9256
,,,,,,,,,,,,,,,,,,aa9256
,,,,,,,,,,,,,,,,,,aa9256
,,,,,,,,,,,,,,,,,,aa9256
,,,,,,,,,,,,,,,,,,aa9256
,,,,,,,,,,,,,,,,,,aa9256
,,,,,,,,,,,,,,,,,,aa9256
,,,,,,,,,,,,,,,,,,aa9256
,,,,,,,,,,,,,,,,,,aa9256
,,,,,,,,,,,,,,,,,,aa9254
,,,,,,,,,,,,,,,,,,aa9254
,,,,,,,,,,,,,,,,,,aa9254
,,,,,,,,,,,,,,,,,,aa9254
,,,,,,,,,,,,,,,,,,aa233
,,,,,,,,,,,,,,,,,,aa233
,,,,,,,,,,,,,,,,,,aa229
,,,,,,,,,,,,,,,,,,aa229
,,,,,,,,,,,,,,,,,,aa226
,,,,,,,,,,,,,,,,,,aa226
,,,,,,,,,,,,,,,,,,aa226
,,,,,,,,,,,,,,,,,,aa226
,,,,,,,,,,,,,,,,,,aa226
,,,,,,,,,,,,,,,,,,aa222
,,,,,,,,,,,,,,,,,,aa222
,,,,,,,,,,,,,,,,,,aa222
,,,,,,,,,,,,,,,,,,aa222
,,,,,,,,,,,,,,,,,,aa222
,,,,,,,,,,,,,,,,,,aa222
,,,,,,,,,,,,,,,,,,aa222
,,,,,,,,,,,,,,,,,,aa221
,,,,,,,,,,,,,,,,,,aa221
,,,,,,,,,,,,,,,,,,aa221
,,,,,,,,,,,,,,,,,,aa221
,,,,,,,,,,,,,,,,,,aa219
,,,,,,,,,,,,,,,,,,aa219
,,,,,,,,,,,,,,,,,,aa219
,,,,,,,,,,,,,,,,,,aa219
,,,,,,,,,,,,,,,,,,aa219
,,,,,,,,,,,,,,,,,,aa219
,,,,,,,,,,,,,,,,,,aa219
