product link,title,Original price,Discounted price
https://kactgt.shop/product/milano-formals-e2327-cl-dress-milano-formals/,Milano Formals E2327 CL Dress Milano Formals, 149, 59.60
https://kactgt.shop/product/milano-formals-e2086-dress-milano-formals/,Milano Formals E2086 Dress Milano Formals, 89, 44.50
https://kactgt.shop/product/milano-formals-e2046-dress-milano-formals/,Milano Formals E2046 Dress Milano Formals, 159, 63.60
https://kactgt.shop/product/milano-formals-e2025-cl-dress-milano-formals/,Milano Formals E2025 CL Dress Milano Formals, 154, 61.60
https://kactgt.shop/product/milano-formals-e1883-cl-dress-milano-formals/,Milano Formals E1883 CL Dress Milano Formals, 197, 78.80
https://kactgt.shop/product/milano-formals-e1637-dress-milano-formals/,Milano Formals E1637 Dress Milano Formals, 39, 23.40
https://kactgt.shop/product/milano-formals-e1887-cl-dress-milano-formals/,Milano Formals E1887 CL Dress Milano Formals, 208, 83.20
https://kactgt.shop/product/milano-formals-e1402-milano-formals/,Milano Formals E1402 Milano Formals, 198, 79.20
https://kactgt.shop/product/milano-formals-e1404-milano-formals/,Milano Formals E1404 Milano Formals, 228, 91.20
https://kactgt.shop/product/milano-formals-e1405-milano-formals/,Milano Formals E1405 Milano Formals, 238, 95.20
https://kactgt.shop/product/milano-formals-e1401-milano-formals/,Milano Formals E1401 Milano Formals, 228, 91.20
https://kactgt.shop/product/milano-formals-e1399-milano-formals/,Milano Formals E1399 Milano Formals, 238, 95.20
https://kactgt.shop/product/milano-formals-e1394-milano-formals/,Milano Formals E1394 Milano Formals, 198, 79.20
https://kactgt.shop/product/milano-formals-e1392-milano-formals/,Milano Formals E1392 Milano Formals, 198, 79.20
https://kactgt.shop/product/milano-formals-e1390-milano-formals/,Milano Formals E1390 Milano Formals, 218, 87.20
https://kactgt.shop/product/milano-formals-e1382-milano-formals/,Milano Formals E1382 Milano Formals, 178, 71.20
https://kactgt.shop/product/milano-formals-e1388-milano-formals/,Milano Formals E1388 Milano Formals, 198, 79.20
https://kactgt.shop/product/milano-formals-e1377-milano-formals/,Milano Formals E1377 Milano Formals, 198, 79.20
https://kactgt.shop/product/milano-formals-e1368-milano-formals/,Milano Formals E1368 Milano Formals, 198, 79.20
https://kactgt.shop/product/milano-formals-e1367-milano-formals/,Milano Formals E1367 Milano Formals, 178, 71.20
https://kactgt.shop/product/milano-formals-e1365-milano-formals/,Milano Formals E1365 Milano Formals, 238, 95.20
https://kactgt.shop/product/milano-formals-e1364-milano-formals/,Milano Formals E1364 Milano Formals, 238, 95.20
https://kactgt.shop/product/milano-formals-e1361-milano-formals/,Milano Formals E1361 Milano Formals, 198, 79.20
https://kactgt.shop/product/milano-formals-e1357-milano-formals/,Milano Formals E1357 Milano Formals, 388, 116.40
https://kactgt.shop/product/milano-formals-e1344-milano-formals/,Milano Formals E1344 Milano Formals, 178, 71.20
https://kactgt.shop/product/milano-formals-e1345-milano-formals/,Milano Formals E1345 Milano Formals, 238, 95.20
https://kactgt.shop/product/milano-formals-e1336-milano-formals/,Milano Formals E1336 Milano Formals, 178, 71.20
https://kactgt.shop/product/milano-formals-e1334-milano-formals/,Milano Formals E1334 Milano Formals, 238, 95.20
https://kactgt.shop/product/milano-formals-e1335-milano-formals/,Milano Formals E1335 Milano Formals, 178, 71.20
https://kactgt.shop/product/milano-formals-e1333-milano-formals/,Milano Formals E1333 Milano Formals, 178, 71.20
https://kactgt.shop/product/milano-formals-e1328-milano-formals/,Milano Formals E1328 Milano Formals, 178, 71.20
https://kactgt.shop/product/milano-formals-e1327-milano-formals/,Milano Formals E1327 Milano Formals, 178, 71.20
https://kactgt.shop/product/milano-formals-e1319-milano-formals/,Milano Formals E1319 Milano Formals, 198, 79.20
https://kactgt.shop/product/milano-formals-e1317-milano-formals/,Milano Formals E1317 Milano Formals, 178, 71.20
https://kactgt.shop/product/milano-formals-e1308-milano-formals/,Milano Formals E1308 Milano Formals, 398, 119.40
https://kactgt.shop/product/milano-formals-e1304-milano-formals/,Milano Formals E1304 Milano Formals, 198, 79.20
https://kactgt.shop/product/milano-formals-e1299-milano-formals/,Milano Formals E1299 Milano Formals, 238, 95.20
https://kactgt.shop/product/milano-formals-e1294-milano-formals/,Milano Formals E1294 Milano Formals, 388, 116.40
https://kactgt.shop/product/milano-formals-e1293-milano-formals/,Milano Formals E1293 Milano Formals, 198, 79.20
https://kactgt.shop/product/milano-formals-e1291-milano-formals/,Milano Formals E1291 Milano Formals, 238, 95.20
https://kactgt.shop/product/milano-formals-e1289-milano-formals/,Milano Formals E1289 Milano Formals, 458, 137.40
https://kactgt.shop/product/milano-formals-e1268-milano-formals/,Milano Formals E1268 Milano Formals, 338, 101.40
https://kactgt.shop/product/milano-formals-e1283-milano-formals/,Milano Formals E1283 Milano Formals, 238, 95.20
https://kactgt.shop/product/milano-formals-e1276-milano-formals/,Milano Formals E1276 Milano Formals, 238, 95.20
https://kactgt.shop/product/milano-formals-e1275-milano-formals/,Milano Formals E1275 Milano Formals, 288, 115.20
https://kactgt.shop/product/milano-formals-e1257-milano-formals/,Milano Formals E1257 Milano Formals, 338, 101.40
https://kactgt.shop/product/milano-formals-e1259-milano-formals/,Milano Formals E1259 Milano Formals, 298, 119.20
https://kactgt.shop/product/milano-formals-e1022-milano-formals/,Milano Formals E1022 Milano Formals, 238, 95.20
