product link,title,Discounted price,Original price
https://www.lookmazing.com/milano-formals-embroidered-sweetheart-evening-gown-in-white-e2115/products/17359577,MILANO FORMALS - EMBROIDERED SWEETHEART EVENING GOWN IN WHITE E2115,59.00,198.00
https://www.lookmazing.com/milano-formals-high-halter-illusion-lace-gown/products/17919302,MILANO FORMALS - HIGH HALTER ILLUSION LACE GOWN,74.00,248.00
https://www.lookmazing.com/milano-formals-e1940-illusion-halter-two-piece-gown-in-gun-metal/products/17847305,MILANO FORMALS - E1940 ILLUSION HALTER TWO-PIECE GOWN IN GUN METAL,89.00,298.00
https://www.lookmazing.com/milano-formals-b8327-short-sleeve-silk-satin-a-line-gown/products/18185786,MILANO FORMALS - B8327 SHORT SLEEVE SILK SATIN A-LINE GOWN,,98.00
https://www.lookmazing.com/milano-formals-b8501-bridesmaid-dress/products/15679287,MILANO FORMALS - B8501 BRIDESMAID DRESS,,116.00
https://www.lookmazing.com/milano-formals-strapless-pleated-bodice-corset-long-dress-e1420/products/15828863,MILANO FORMALS - STRAPLESS PLEATED BODICE CORSET LONG DRESS E1420,,118.00
https://www.lookmazing.com/milano-formals-sleeveless-sweetheart-neckline-with-one-shoulder-strap-gown-e1502/products/15828866,MILANO FORMALS - SLEEVELESS SWEETHEART NECKLINE WITH ONE SHOULDER STRAP GOWN E1502,,118.00
https://www.lookmazing.com/milano-formals-e2482-short-sleeve-sequined-cowl-back-gown/products/18408176,MILANO FORMALS - E2482 SHORT SLEEVE SEQUINED COWL BACK GOWN,,118.00
https://www.lookmazing.com/milano-formals-e2480-sleeveless-surplice-sequined-sheath-gown/products/18408174,MILANO FORMALS - E2480 SLEEVELESS SURPLICE SEQUINED SHEATH GOWN,,118.00
https://www.lookmazing.com/milano-formals-strapless-sweetheart-long-gown-with-vertical-ruched-bust-e1696/products/15828890,MILANO FORMALS - STRAPLESS SWEETHEART LONG GOWN WITH VERTICAL RUCHED BUST E1696,,118.00
https://www.lookmazing.com/milano-formals-strapless-pleated-bodice-corset-long-dress-e1421/products/19426182,MILANO FORMALS - STRAPLESS PLEATED BODICE CORSET LONG DRESS E1421,,118.00
https://www.lookmazing.com/milano-formals-e2481-sequined-cowl-neck-sheath-gown/products/18408175,MILANO FORMALS - E2481 SEQUINED COWL NECK SHEATH GOWN,,118.00
https://www.lookmazing.com/milano-formals-strapless-sweetheart-ruched-bodice-a-line-chiffon-long-gown-e1582/products/15828881,MILANO FORMALS - STRAPLESS SWEETHEART RUCHED BODICE A-LINE CHIFFON LONG GOWN E1582,,118.00
https://www.lookmazing.com/milano-formals-e1452-homecoming-dress/products/15695035,MILANO FORMALS - E1452 HOMECOMING DRESS,,118.00
https://www.lookmazing.com/milano-formals-one-shoulder-shirred-chiffon-goddess-long-dress-e1420/products/15828861,MILANO FORMALS - ONE SHOULDER SHIRRED CHIFFON GODDESS LONG DRESS E1420,,118.00
https://www.lookmazing.com/milano-formals-e1436-bridesmaid-dress/products/15679288,MILANO FORMALS - E1436 BRIDESMAID DRESS,,120.00
https://www.lookmazing.com/milano-formals-strapless-sweetheart-laced-short-dress-e2076/products/15828950,MILANO FORMALS - STRAPLESS SWEETHEART LACED SHORT DRESS E2076,,128.00
https://www.lookmazing.com/milano-formals-ruched-fitted-cocktail-dress-e2081/products/15829133,MILANO FORMALS - RUCHED FITTED COCKTAIL DRESS E2081,,128.00
https://www.lookmazing.com/milano-formals-one-shoulder-asymmetrical-ruched-chiffon-bodice-long-gown-e1729/products/15828892,MILANO FORMALS - ONE SHOULDER ASYMMETRICAL RUCHED CHIFFON BODICE LONG GOWN E1729,,138.00
https://www.lookmazing.com/milano-formals-e2231-floral-print-a-line-party-dress/products/17437227,MILANO FORMALS - E2231 FLORAL PRINT A-LINE PARTY DRESS,,138.00
https://www.lookmazing.com/milano-formals-e2230-high-halter-neck-printed-short-dress/products/17437225,MILANO FORMALS - E2230 HIGH HALTER NECK PRINTED SHORT DRESS,,138.00
https://www.lookmazing.com/milano-formals-elegant-scoop-neck-a-line-dress-e1827/products/15828907,MILANO FORMALS - ELEGANT SCOOP NECK A-LINE DRESS E1827,,138.00
https://www.lookmazing.com/milano-formals-e2223-high-halter-mikado-flare-dress/products/17437183,MILANO FORMALS - E2223 HIGH HALTER MIKADO FLARE DRESS,,148.00
https://www.lookmazing.com/milano-formals-e2282-two-piece-printed-party-dress/products/17437218,MILANO FORMALS - E2282 TWO-PIECE PRINTED PARTY DRESS,,148.00
https://www.lookmazing.com/milano-formals-blooming-mikado-cocktail-dress-e2029/products/15829032,MILANO FORMALS - BLOOMING MIKADO COCKTAIL DRESS E2029,,148.00
https://www.lookmazing.com/milano-formals-lace-mesh-sleeved-gown-dress-e2084/products/15829142,MILANO FORMALS - LACE MESH Â¾ SLEEVED GOWN DRESS E2084,,148.00
https://www.lookmazing.com/milano-formals-floral-mikado-cocktail-dress-e2028/products/15829029,MILANO FORMALS - FLORAL MIKADO COCKTAIL DRESS E2028,,148.00
https://www.lookmazing.com/milano-formals-three-quarter-sleeves-illusion-satin-cocktail-dress-e2088/products/15855695,MILANO FORMALS - THREE-QUARTER SLEEVES ILLUSION SATIN COCKTAIL DRESS E2088,,148.00
https://www.lookmazing.com/milano-formals-e2281-two-piece-strapless-party-dress/products/17437216,MILANO FORMALS - E2281 TWO-PIECE STRAPLESS PARTY DRESS,,148.00
https://www.lookmazing.com/milano-formals-e2225-sleeveless-v-neck-bare-midriff-cocktail-dress/products/18941760,MILANO FORMALS - E2225 SLEEVELESS V-NECK BARE MIDRIFF COCKTAIL DRESS,,148.00
https://www.lookmazing.com/milano-formals-sleeveless-bateau-neck-beaded-waist-cocktail-dress-e2063/products/15828979,MILANO FORMALS - SLEEVELESS BATEAU NECK BEADED WAIST COCKTAIL DRESS E2063,,148.00
https://www.lookmazing.com/milano-formals-sleeveless-scoop-neck-beaded-cocktail-dress-e2040/products/15829062,MILANO FORMALS - SLEEVELESS SCOOP NECK BEADED COCKTAIL DRESS E2040,,148.00
https://www.lookmazing.com/milano-formals-modest-floral-cocktail-dress-e1980/products/15922589,MILANO FORMALS - MODEST FLORAL COCKTAIL DRESS E1980,,148.00
https://www.lookmazing.com/milano-formals-e2220-illusion-embroidered-mesh-dress/products/18941759,MILANO FORMALS - E2220 ILLUSION EMBROIDERED MESH DRESS,,148.00
https://www.lookmazing.com/milano-formals-e2226-laced-bateau-neck-a-line-dress/products/17423439,MILANO FORMALS - E2226 LACED BATEAU NECK A-LINE DRESS,,148.00
https://www.lookmazing.com/milano-formals-e2243-printed-deep-v-neck-a-line-dress/products/17423441,MILANO FORMALS - E2243 PRINTED DEEP V-NECK A-LINE DRESS,,148.00
https://www.lookmazing.com/milano-formals-e1940-two-piece-embellished-a-line-gown/products/17507542,MILANO FORMALS - E1940 TWO-PIECE EMBELLISHED A-LINE GOWN,209.00,298.00
https://www.lookmazing.com/milano-formals-e1412-bridesmaid-dress/products/15679286,MILANO FORMALS - E1412 BRIDESMAID DRESS,,150.00
https://www.lookmazing.com/milano-formals-strapless-chiffon-short-dress-with-flower-accent-e1379/products/15828852,MILANO FORMALS - STRAPLESS CHIFFON SHORT DRESS WITH FLOWER ACCENT E1379,,156.00
https://www.lookmazing.com/milano-formals-e1057-quinceanera-dress/products/15695099,MILANO FORMALS - E1057 QUINCEANERA DRESS,,156.00
https://www.lookmazing.com/milano-formals-long-empire-waist-spaghetti-strap-gown-f1116/products/15828826,MILANO FORMALS - LONG EMPIRE WAIST SPAGHETTI STRAP GOWN F1116,,156.00
https://www.lookmazing.com/milano-formals-e1385-bridesmaid-dress/products/15694996,MILANO FORMALS - E1385 BRIDESMAID DRESS,,156.00
https://www.lookmazing.com/milano-formals-e1391-bridesmaid-dress/products/15695000,MILANO FORMALS - E1391 BRIDESMAID DRESS,,156.00
https://www.lookmazing.com/milano-formals-e1371-short-dress/products/17242443,MILANO FORMALS - E1371 SHORT DRESS,,156.00
https://www.lookmazing.com/milano-formals-strapless-pleated-long-satin-a-line-gown-b8865/products/15828829,MILANO FORMALS - STRAPLESS PLEATED LONG SATIN A-LINE GOWN B8865,,156.00
https://www.lookmazing.com/milano-formals-off-shoulder-ruched-a-line-chiffon-gown-e1260/products/15828855,MILANO FORMALS - OFF-SHOULDER RUCHED A LINE CHIFFON GOWN E1260,,156.00
https://www.lookmazing.com/milano-formals-strapless-sweetheart-pleated-bodice-short-dress-e1264/products/15828834,MILANO FORMALS - STRAPLESS SWEETHEART PLEATED BODICE SHORT DRESS E1264,,156.00
https://www.lookmazing.com/milano-formals-b8331-bridesmaid-dress/products/17242424,MILANO FORMALS - B8331 BRIDESMAID DRESS,,156.00
https://www.lookmazing.com/milano-formals-e1386-bridesmaid-dress/products/17242428,MILANO FORMALS - E1386 BRIDESMAID DRESS,,156.00
https://www.lookmazing.com/milano-formals-ribbon-applique-semi-sweetheart-satin-dress-e1285/products/15828858,MILANO FORMALS - RIBBON APPLIQUE SEMI-SWEETHEART SATIN DRESS E1285,,156.00
https://www.lookmazing.com/milano-formals-spaghetti-strap-chiffon-long-gown-f570/products/15828823,MILANO FORMALS - SPAGHETTI STRAP CHIFFON LONG GOWN F570,,156.00
https://www.lookmazing.com/milano-formals-strapless-sweetheart-neckline-pleated-chiffon-cocktail-dress-e1573/products/15828876,MILANO FORMALS - STRAPLESS SWEETHEART NECKLINE PLEATED CHIFFON COCKTAIL DRESS E1573,,156.00
https://www.lookmazing.com/milano-formals-sleeveless-v-neckline-ruched-waist-taffeta-cocktail-dress/products/15828865,MILANO FORMALS - SLEEVELESS V NECKLINE RUCHED WAIST TAFFETA COCKTAIL DRESS,,156.00
https://www.lookmazing.com/milano-formals-b8808-strapless-embroidered-a-line-gown/products/18366059,MILANO FORMALS - B8808 STRAPLESS EMBROIDERED A-LINE GOWN,,158.00
https://www.lookmazing.com/milano-formals-e1381-prom-dress/products/15679293,MILANO FORMALS - E1381 PROM DRESS,,158.00
https://www.lookmazing.com/milano-formals-strapless-sweetheart-ruched-chiffon-dress-e1531/products/15828870,MILANO FORMALS - STRAPLESS SWEETHEART RUCHED CHIFFON DRESS E1531,,158.00
https://www.lookmazing.com/milano-formals-e1347-strapless-pleated-starburst-short-dress/products/18366064,MILANO FORMALS - E1347 STRAPLESS PLEATED STARBURST SHORT DRESS,,158.00
https://www.lookmazing.com/milano-formals-strapless-sweetheart-neckline-twisted-ruched-body-long-dress-e1657/products/15828886,MILANO FORMALS - STRAPLESS SWEETHEART NECKLINE TWISTED RUCHED BODY LONG DRESS E1657,,158.00
https://www.lookmazing.com/milano-formals-e1342-prom-dress/products/15679298,MILANO FORMALS - E1342 PROM DRESS,,158.00
https://www.lookmazing.com/milano-formals-e1693-long-sleeved-sequined-cocktail-dress/products/18941773,MILANO FORMALS - E1693 LONG SLEEVED SEQUINED COCKTAIL DRESS,,158.00
https://www.lookmazing.com/milano-formals-aa222-off-shoulder-chiffon-a-line-wedding-gown/products/19528327,MILANO FORMALS - AA222 OFF-SHOULDER CHIFFON A-LINE WEDDING GOWN,,173.00
https://www.lookmazing.com/milano-formals-aa221-rosette-one-shoulder-strap-ruched-dress/products/19528314,MILANO FORMALS - AA221 ROSETTE ONE SHOULDER STRAP RUCHED DRESS,,173.00
https://www.lookmazing.com/milano-formals-aa219-strapless-straight-across-chiffon-wedding-gown/products/19528324,MILANO FORMALS - AA219 STRAPLESS STRAIGHT ACROSS CHIFFON WEDDING GOWN,,173.00
https://www.lookmazing.com/milano-formals-e1472-short-dress/products/15695024,MILANO FORMALS - E1472 SHORT DRESS,,178.00
https://www.lookmazing.com/milano-formals-e1341-prom-dress/products/15679304,MILANO FORMALS - E1341 PROM DRESS,,178.00
https://www.lookmazing.com/milano-formals-sleeveless-high-neck-ruched-bodice-long-dress-e2086/products/15828982,MILANO FORMALS - SLEEVELESS HIGH NECK RUCHED BODICE LONG DRESS E2086,,178.00
https://www.lookmazing.com/milano-formals-chic-bow-evening-gown-dress-e2083/products/15829141,MILANO FORMALS - CHIC BOW EVENING GOWN DRESS E2083,,178.00
https://www.lookmazing.com/milano-formals-lace-illusion-evening-dress-e2079/products/15829127,MILANO FORMALS - LACE ILLUSION EVENING DRESS E2079,,178.00
https://www.lookmazing.com/milano-formals-e1322-prom-dress/products/15695054,MILANO FORMALS - E1322 PROM DRESS,,178.00
https://www.lookmazing.com/milano-formals-lace-sweetheart-long-evening-gown-e2085/products/15829145,MILANO FORMALS - LACE SWEETHEART LONG EVENING GOWN E2085,,178.00
https://www.lookmazing.com/milano-formals-e1382-prom-dress/products/15695014,MILANO FORMALS - E1382 PROM DRESS,,178.00
https://www.lookmazing.com/milano-formals-e1344-prom-dress/products/15679308,MILANO FORMALS - E1344 PROM DRESS,,178.00
https://www.lookmazing.com/milano-formals-sleeveless-lace-embellished-scoop-neck-long-a-line-dress-e2053/products/15828915,MILANO FORMALS - SLEEVELESS LACE EMBELLISHED SCOOP NECK LONG A-LINE DRESS E2053,,178.00
https://www.lookmazing.com/milano-formals-e1396-prom-dress/products/15679309,MILANO FORMALS - E1396 PROM DRESS,,178.00
https://www.lookmazing.com/milano-formals-e1327-prom-dress/products/15695078,MILANO FORMALS - E1327 PROM DRESS,,178.00
https://www.lookmazing.com/milano-formals-black-halter-evening-gown-dress-e2082/products/15829137,MILANO FORMALS - BLACK HALTER EVENING GOWN DRESS E2082,,178.00
https://www.lookmazing.com/milano-formals-e1448-prom-dress/products/15679290,MILANO FORMALS - E1448 PROM DRESS,,178.00
https://www.lookmazing.com/milano-formals-e1333-prom-dress/products/15695066,MILANO FORMALS - E1333 PROM DRESS,,178.00
https://www.lookmazing.com/milano-formals-sleeveless-bateau-neck-laced-embellished-bodice-long-dress-e2087/products/15828986,MILANO FORMALS - SLEEVELESS BATEAU NECK LACED EMBELLISHED BODICE LONG DRESS E2087,,178.00
https://www.lookmazing.com/milano-formals-v-neck-fit-and-flare-long-dress-with-side-thigh-high-slit-e2044/products/15828945,MILANO FORMALS - V-NECK FIT AND FLARE LONG DRESS WITH SIDE THIGH-HIGH SLIT E2044,,178.00
https://www.lookmazing.com/milano-formals-b8759-prom-dress/products/15695084,MILANO FORMALS - B8759 PROM DRESS,,196.00
https://www.lookmazing.com/milano-formals-b8594-prom-dress/products/15695096,MILANO FORMALS - B8594 PROM DRESS,,196.00
https://www.lookmazing.com/milano-formals-sleeveless-v-neckline-wrap-mini-dress-with-ruffles-e1663/products/15828888,MILANO FORMALS - SLEEVELESS V NECKLINE WRAP MINI DRESS WITH RUFFLES E1663,,196.00
https://www.lookmazing.com/milano-formals-halter-straps-shirred-long-gown-e1168/products/15828846,MILANO FORMALS - HALTER STRAPS SHIRRED LONG GOWN E1168,,196.00
https://www.lookmazing.com/milano-formals-sleeveless-sweetheart-pleated-chiffon-mini-dress-e1544/products/15828873,MILANO FORMALS - SLEEVELESS SWEETHEART PLEATED CHIFFON MINI DRESS E1544,,196.00
https://www.lookmazing.com/milano-formals-b8569-prom-dress/products/15695092,MILANO FORMALS - B8569 PROM DRESS,,196.00
https://www.lookmazing.com/milano-formals-b8608-bridesmaid-dress/products/17242442,MILANO FORMALS - B8608 BRIDESMAID DRESS,,196.00
https://www.lookmazing.com/milano-formals-strapless-sweetheart-neckline-ruched-mini-dress-e1546/products/15828875,MILANO FORMALS - STRAPLESS SWEETHEART NECKLINE RUCHED MINI DRESS E1546,,196.00
https://www.lookmazing.com/milano-formals-b7006-bridesmaid-dress/products/17242425,MILANO FORMALS - B7006 BRIDESMAID DRESS,,196.00
https://www.lookmazing.com/milano-formals-one-shoulder-asymmetrical-ruched-chiffon-bodice-cocktail-dress-e1730/products/17242451,MILANO FORMALS - ONE SHOULDER ASYMMETRICAL RUCHED CHIFFON BODICE COCKTAIL DRESS E1730,,196.00
https://www.lookmazing.com/milano-formals-floral-strap-asymmetrical-long-gown-e1340/products/15828842,MILANO FORMALS - FLORAL STRAP ASYMMETRICAL LONG GOWN E1340,,196.00
https://www.lookmazing.com/milano-formals-b8621-bridesmaid-dress/products/15679297,MILANO FORMALS - B8621 BRIDESMAID DRESS,,196.00
https://www.lookmazing.com/milano-formals-b331-bridesmaid-dress/products/15679284,MILANO FORMALS - B331 BRIDESMAID DRESS,,196.00
https://www.lookmazing.com/milano-formals-strapless-wrapped-bejeweled-long-gown-e1799/products/15828893,MILANO FORMALS - STRAPLESS WRAPPED BEJEWELED LONG GOWN E1799,,196.00
https://www.lookmazing.com/milano-formals-strapless-semi-sweetheart-ruched-beaded-long-dress-e1295/products/15828898,MILANO FORMALS - STRAPLESS SEMI SWEETHEART RUCHED BEADED LONG DRESS E1295,,196.00
https://www.lookmazing.com/milano-formals-e1387-bridesmaid-dress/products/17242429,MILANO FORMALS - E1387 BRIDESMAID DRESS,,196.00
https://www.lookmazing.com/milano-formals-spaghetti-straps-ruched-glossy-satin-long-dress-e1013/products/15828854,MILANO FORMALS - SPAGHETTI STRAPS RUCHED GLOSSY SATIN LONG DRESS E1013,,196.00
https://www.lookmazing.com/milano-formals-e1348-prom-dress/products/15695069,MILANO FORMALS - E1348 PROM DRESS,,196.00
https://www.lookmazing.com/milano-formals-one-shoulder-asymmetric-chiffon-mini-dress-e1581/products/15828878,MILANO FORMALS - ONE-SHOULDER ASYMMETRIC CHIFFON MINI DRESS E1581,,196.00
https://www.lookmazing.com/milano-formals-b8857-bridesmaid-dress/products/17242426,MILANO FORMALS - B8857 BRIDESMAID DRESS,,196.00
https://www.lookmazing.com/milano-formals-empire-waist-strappy-long-gown-b8998/products/15828837,MILANO FORMALS - EMPIRE WAIST STRAPPY LONG GOWN B8998,,196.00
https://www.lookmazing.com/milano-formals-sleeveless-cowl-neck-flare-short-dress-e1520/products/15828867,MILANO FORMALS - SLEEVELESS COWL NECK FLARE SHORT DRESS E1520,,196.00
https://www.lookmazing.com/milano-formals-e1439-bridesmaid-dress/products/17242431,MILANO FORMALS - E1439 BRIDESMAID DRESS,,196.00
https://www.lookmazing.com/milano-formals-b8195-quinceanera-dress/products/17242433,MILANO FORMALS - B8195 QUINCEANERA DRESS,,196.00
https://www.lookmazing.com/milano-formals-b8433-prom-dress/products/15695064,MILANO FORMALS - B8433 PROM DRESS,,196.00
https://www.lookmazing.com/milano-formals-e1388-short-dress/products/15695018,MILANO FORMALS - E1388 SHORT DRESS,,198.00
https://www.lookmazing.com/milano-formals-e2204-strapless-floral-appliqued-dress/products/17437180,MILANO FORMALS - E2204 STRAPLESS FLORAL APPLIQUED DRESS,,198.00
https://www.lookmazing.com/milano-formals-e2434-high-halter-neck-floral-a-line-gown/products/18439430,MILANO FORMALS - E2434 HIGH HALTER NECK FLORAL A-LINE GOWN,,198.00
https://www.lookmazing.com/milano-formals-e2244-embroidered-deep-v-neck-a-line-dress/products/17423443,MILANO FORMALS - E2244 EMBROIDERED DEEP V-NECK A-LINE DRESS,,198.00
https://www.lookmazing.com/milano-formals-e2262-beaded-scoop-neck-sheath-dress/products/17437206,MILANO FORMALS - E2262 BEADED SCOOP NECK SHEATH DRESS,,198.00
https://www.lookmazing.com/milano-formals-fitted-jersey-sheath-evening-gown-e2101/products/15855700,MILANO FORMALS - FITTED JERSEY SHEATH EVENING GOWN E2101,,198.00
https://www.lookmazing.com/milano-formals-e2389-embellished-deep-v-neck-sheath-dress/products/18418316,MILANO FORMALS - E2389 EMBELLISHED DEEP V-NECK SHEATH DRESS,,198.00
https://www.lookmazing.com/milano-formals-embellished-cut-out-evening-dress-e2080/products/15829130,MILANO FORMALS - EMBELLISHED CUT OUT EVENING DRESS E2080,,198.00
https://www.lookmazing.com/milano-formals-e1510-asymmetric-bejeweled-cocktail-dress/products/18941772,MILANO FORMALS - E1510 ASYMMETRIC BEJEWELED COCKTAIL DRESS,,198.00
https://www.lookmazing.com/milano-formals-e2334-halter-glitter-printed-open-back-evening-gown/products/18439444,MILANO FORMALS - E2334 HALTER GLITTER PRINTED OPEN BACK EVENING GOWN,,198.00
https://www.lookmazing.com/milano-formals-e2328-off-shoulder-sheer-striped-overskirt-jumpsuit/products/18418309,MILANO FORMALS - E2328 OFF SHOULDER SHEER STRIPED OVERSKIRT JUMPSUIT,,198.00
https://www.lookmazing.com/milano-formals-e1319-prom-dress/products/15695051,MILANO FORMALS - E1319 PROM DRESS,,198.00
https://www.lookmazing.com/milano-formals-e2106-one-shoulder-beaded-dress-with-tulle-overlay/products/18185788,MILANO FORMALS - E2106 ONE SHOULDER BEADED DRESS WITH TULLE OVERLAY,,198.00
https://www.lookmazing.com/milano-formals-lace-crop-top-black-cocktail-dress-e2061/products/15829087,MILANO FORMALS - LACE CROP TOP BLACK COCKTAIL DRESS E2061,,198.00
https://www.lookmazing.com/milano-formals-e2327-beaded-illusion-panel-shimmer-sheath-gown/products/18418308,MILANO FORMALS - E2327 BEADED ILLUSION PANEL SHIMMER SHEATH GOWN,,198.00
https://www.lookmazing.com/milano-formals-e1538-strapless-beaded-empire-evening-gown/products/18366063,MILANO FORMALS - E1538 STRAPLESS BEADED EMPIRE EVENING GOWN,,198.00
https://www.lookmazing.com/milano-formals-e1424-cocktail-dress/products/15679295,MILANO FORMALS - E1424 COCKTAIL DRESS,,198.00
https://www.lookmazing.com/milano-formals-e1438-short-dress/products/15679300,MILANO FORMALS - E1438 SHORT DRESS,,198.00
https://www.lookmazing.com/milano-formals-sleeveless-beaded-scoop-neck-cocktail-dress-e2041/products/15829064,MILANO FORMALS - SLEEVELESS BEADED SCOOP NECK COCKTAIL DRESS E2041,,198.00
https://www.lookmazing.com/milano-formals-e2245-beaded-deep-v-neck-dress/products/17437185,MILANO FORMALS - E2245 BEADED DEEP V-NECK DRESS,,198.00
https://www.lookmazing.com/milano-formals-e2280-scoop-neck-floral-beaded-short-dress/products/18941761,MILANO FORMALS - E2280 SCOOP NECK FLORAL BEADED SHORT DRESS,,198.00
https://www.lookmazing.com/milano-formals-e1428-prom-dress/products/15679289,MILANO FORMALS - E1428 PROM DRESS,,198.00
https://www.lookmazing.com/milano-formals-embellished-sweetheart-evening-gown-e2117/products/15855707,MILANO FORMALS - EMBELLISHED SWEETHEART EVENING GOWN E2117,,198.00
https://www.lookmazing.com/milano-formals-e2356-beaded-floral-printed-evening-dress/products/18418312,MILANO FORMALS - E2356 BEADED FLORAL PRINTED EVENING DRESS,,198.00
https://www.lookmazing.com/milano-formals-e2366-sleeveless-scoop-cutout-net-a-line-dress/products/18439447,MILANO FORMALS - E2366 SLEEVELESS SCOOP CUTOUT NET A-LINE DRESS,,198.00
https://www.lookmazing.com/milano-formals-e2279-strappy-cutout-glitter-prom-dress/products/18439438,MILANO FORMALS - E2279 STRAPPY CUTOUT GLITTER PROM DRESS,,198.00
https://www.lookmazing.com/milano-formals-e2385-fitted-jewel-chiffon-evening-dress/products/18418315,MILANO FORMALS - E2385 FITTED JEWEL CHIFFON EVENING DRESS,,198.00
https://www.lookmazing.com/milano-formals-e2336-sequined-off-shoulder-fitted-gown/products/18429898,MILANO FORMALS - E2336 SEQUINED OFF SHOULDER FITTED GOWN,,198.00
https://www.lookmazing.com/milano-formals-b8845-rosette-accented-straight-across-gown/products/18366060,MILANO FORMALS - B8845 ROSETTE ACCENTED STRAIGHT-ACROSS GOWN,,198.00
https://www.lookmazing.com/milano-formals-e2357-short-sleeves-two-piece-ballgown/products/18418346,MILANO FORMALS - E2357 SHORT SLEEVES TWO-PIECE BALLGOWN,,198.00
https://www.lookmazing.com/milano-formals-e2442-gilded-halter-lace-applique-jersey-gown/products/18439434,MILANO FORMALS - E2442 GILDED HALTER LACE APPLIQUE JERSEY GOWN,,198.00
https://www.lookmazing.com/milano-formals-e2241-floral-high-halter-sheer-overskirt-lace-gown/products/18408178,MILANO FORMALS - E2241 FLORAL HIGH HALTER SHEER OVERSKIRT LACE GOWN,,198.00
https://www.lookmazing.com/milano-formals-e1377-short-dress/products/15695028,MILANO FORMALS - E1377 SHORT DRESS,,198.00
https://www.lookmazing.com/milano-formals-e1329-prom-dress/products/15695081,MILANO FORMALS - E1329 PROM DRESS,,198.00
https://www.lookmazing.com/milano-formals-e2292-spaghetti-strap-jacquard-short-dress/products/17437223,MILANO FORMALS - E2292 SPAGHETTI STRAP JACQUARD SHORT DRESS,,198.00
https://www.lookmazing.com/milano-formals-e2361-v-neckline-floral-print-ballgown/products/18418347,MILANO FORMALS - E2361 V-NECKLINE FLORAL PRINT BALLGOWN,,198.00
https://www.lookmazing.com/milano-formals-strapless-sweetheart-evening-gown-e2102/products/15855701,MILANO FORMALS - STRAPLESS SWEETHEART EVENING GOWN E2102,,198.00
https://www.lookmazing.com/milano-formals-sleeveless-deep-v-neck-floral-printed-long-a-line-dress-e2160/products/15828998,MILANO FORMALS - SLEEVELESS DEEP V-NECK FLORAL PRINTED LONG A-LINE DRESS E2160,,198.00
https://www.lookmazing.com/milano-formals-b8329-short-sleeve-charmeuse-empire-gown/products/18366062,MILANO FORMALS - B8329 SHORT SLEEVE CHARMEUSE EMPIRE GOWN,,198.00
https://www.lookmazing.com/milano-formals-e2436-off-shoulder-floral-print-a-line-gown/products/18439432,MILANO FORMALS - E2436 OFF-SHOULDER FLORAL PRINT A-LINE GOWN,,198.00
https://www.lookmazing.com/milano-formals-e2272-two-piece-halter-embroidered-short-dress/products/17437210,MILANO FORMALS - E2272 TWO PIECE HALTER EMBROIDERED SHORT DRESS,,198.00
https://www.lookmazing.com/milano-formals-e1579-long-dresses/products/15695071,MILANO FORMALS - E1579 LONG DRESSES,,198.00
https://www.lookmazing.com/milano-formals-bateau-neck-capped-sleeves-fit-and-flare-side-slit-long-dress-e2136/products/15828919,MILANO FORMALS - BATEAU NECK CAPPED SLEEVES FIT AND FLARE SIDE SLIT LONG DRESS E2136,,198.00
https://www.lookmazing.com/milano-formals-e1378-cocktail-dress/products/15679292,MILANO FORMALS - E1378 COCKTAIL DRESS,,198.00
https://www.lookmazing.com/milano-formals-sleeveless-deep-v-neck-cutout-bodice-a-line-floral-print-long-dress-e2159/products/15828995,MILANO FORMALS - SLEEVELESS DEEP V-NECK CUTOUT BODICE A-LINE FLORAL PRINT LONG DRESS E2159,,198.00
https://www.lookmazing.com/milano-formals-e2360-floral-printed-off-shoulder-evening-dress/products/18418313,MILANO FORMALS - E2360 FLORAL PRINTED OFF SHOULDER EVENING DRESS,,198.00
https://www.lookmazing.com/milano-formals-e2274-two-piece-halter-pleated-short-dress/products/17437211,MILANO FORMALS - E2274 TWO PIECE HALTER PLEATED SHORT DRESS,,198.00
https://www.lookmazing.com/milano-formals-e2291-sleeveless-gilded-cocktail-dress/products/17437220,MILANO FORMALS - E2291 SLEEVELESS GILDED COCKTAIL DRESS,,198.00
https://www.lookmazing.com/milano-formals-sleeveless-halter-neck-long-floral-a-line-dress-e2161/products/15829017,MILANO FORMALS - SLEEVELESS HALTER NECK LONG FLORAL A-LINE DRESS E2161,,198.00
https://www.lookmazing.com/milano-formals-e2437-off-shoulder-two-piece-mermaid-gown/products/18439433,MILANO FORMALS - E2437 OFF-SHOULDER TWO-PIECE MERMAID GOWN,,198.00
https://www.lookmazing.com/milano-formals-e1801-strapless-sequin-evening-gown/products/18941774,MILANO FORMALS - E1801 STRAPLESS SEQUIN EVENING GOWN,,198.00
https://www.lookmazing.com/milano-formals-embroidered-cut-out-a-line-cocktail-dress-e2059/products/15829080,MILANO FORMALS - EMBROIDERED CUT OUT A-LINE COCKTAIL DRESS E2059,,198.00
https://www.lookmazing.com/milano-formals-e2346-lace-appliqued-mermaid-gown/products/18429902,MILANO FORMALS - E2346 LACE APPLIQUED MERMAID GOWN,,198.00
https://www.lookmazing.com/milano-formals-e2433-high-halter-neck-floral-mermaid-gown/products/18439429,MILANO FORMALS - E2433 HIGH HALTER NECK FLORAL MERMAID GOWN,,198.00
https://www.lookmazing.com/milano-formals-e2333-fitted-plunging-slit-dress/products/18418310,MILANO FORMALS - E2333 FITTED PLUNGING SLIT DRESS,,198.00
https://www.lookmazing.com/milano-formals-sleeveless-high-neck-lace-embellished-bodice-fit-and-flare-long-dress-e2121/products/15828917,MILANO FORMALS - SLEEVELESS HIGH NECK LACE EMBELLISHED BODICE FIT AND FLARE LONG DRESS E2121,,198.00
https://www.lookmazing.com/milano-formals-fitted-jersey-panel-evening-gown-e2151/products/15855717,MILANO FORMALS - FITTED JERSEY PANEL EVENING GOWN E2151,,198.00
https://www.lookmazing.com/milano-formals-b9000-ruched-sweetheart-sash-accented-gown/products/18366061,MILANO FORMALS - B9000 RUCHED SWEETHEART SASH ACCENTED GOWN,,198.00
https://www.lookmazing.com/milano-formals-embroidered-sweetheart-evening-gown-e2115/products/15855706,MILANO FORMALS - EMBROIDERED SWEETHEART EVENING GOWN E2115,,198.00
https://www.lookmazing.com/milano-formals-e2330-asymmetrical-beaded-lace-fitted-pantsuit/products/18439442,MILANO FORMALS - E2330 ASYMMETRICAL BEADED LACE FITTED PANTSUIT,,198.00
https://www.lookmazing.com/milano-formals-cap-sleeve-bateau-neck-multi-colored-floral-long-dress-e2162/products/15829002,MILANO FORMALS - CAP SLEEVE BATEAU NECK MULTI-COLORED FLORAL LONG DRESS E2162,,198.00
https://www.lookmazing.com/milano-formals-strapless-ruched-crisscross-long-gown-e1270/products/15828850,MILANO FORMALS - STRAPLESS RUCHED CRISSCROSS LONG GOWN E1270,,200.00
https://www.lookmazing.com/milano-formals-sparkling-midnight-jersey-tube-dress-e1778/products/15855728,MILANO FORMALS - SPARKLING MIDNIGHT JERSEY TUBE DRESS E1778,,218.00
https://www.lookmazing.com/milano-formals-e1713-prom-dresses/products/15679311,MILANO FORMALS - E1713 PROM DRESSES,,218.00
https://www.lookmazing.com/milano-formals-e1554-long-dresses/products/15679310,MILANO FORMALS - E1554 LONG DRESSES,,218.00
https://www.lookmazing.com/milano-formals-scooped-neck-beaded-laced-illusion-bodice-short-dress-e1844/products/15828930,MILANO FORMALS - SCOOPED NECK BEADED LACED ILLUSION BODICE SHORT DRESS E1844,,218.00
https://www.lookmazing.com/milano-formals-e1354-prom-dress/products/15679291,MILANO FORMALS - E1354 PROM DRESS,,236.00
https://www.lookmazing.com/milano-formals-e1359-prom-dress/products/17242448,MILANO FORMALS - E1359 PROM DRESS,,236.00
https://www.lookmazing.com/milano-formals-b8475-bridesmaid-dress/products/17242427,MILANO FORMALS - B8475 BRIDESMAID DRESS,,236.00
https://www.lookmazing.com/milano-formals-b8472-bridesmaid-dress/products/17242422,MILANO FORMALS - B8472 BRIDESMAID DRESS,,236.00
https://www.lookmazing.com/milano-formals-e1422-short-dress/products/17242449,MILANO FORMALS - E1422 SHORT DRESS,,236.00
https://www.lookmazing.com/milano-formals-b8407-bridesmaid-dress/products/17242440,MILANO FORMALS - B8407 BRIDESMAID DRESS,,236.00
https://www.lookmazing.com/milano-formals-e1405-short-dress/products/15679294,MILANO FORMALS - E1405 SHORT DRESS,,238.00
https://www.lookmazing.com/milano-formals-e1845-prom-dresses/products/15695044,MILANO FORMALS - E1845 PROM DRESSES,,238.00
https://www.lookmazing.com/milano-formals-off-shoulder-ruched-bodice-long-a-line-dress-e2046/products/15828947,MILANO FORMALS - OFF SHOULDER RUCHED BODICE LONG A-LINE DRESS E2046,,238.00
https://www.lookmazing.com/milano-formals-two-piece-sheer-crop-top-evening-gown-e2148/products/15855716,MILANO FORMALS - TWO-PIECE SHEER CROP TOP EVENING GOWN E2148,,248.00
https://www.lookmazing.com/milano-formals-full-laced-mint-cocktail-dress-e1983/products/15860245,MILANO FORMALS - FULL LACED MINT COCKTAIL DRESS E1983,,248.00
https://www.lookmazing.com/milano-formals-e2426-beaded-high-neck-mikado-mermaid-gown/products/18439425,MILANO FORMALS - E2426 BEADED HIGH NECK MIKADO MERMAID GOWN,,248.00
https://www.lookmazing.com/milano-formals-e2335-beaded-illusion-halter-slit-dress/products/18429897,MILANO FORMALS - E2335 BEADED ILLUSION HALTER SLIT DRESS,,248.00
https://www.lookmazing.com/milano-formals-e2254-sequined-illusion-bateau-sheath-dress/products/17437196,MILANO FORMALS - E2254 SEQUINED ILLUSION BATEAU SHEATH DRESS,,248.00
https://www.lookmazing.com/milano-formals-e2394-print-off-shoulder-a-line-dress/products/18418317,MILANO FORMALS - E2394 PRINT OFF SHOULDER A-LINE DRESS,,248.00
https://www.lookmazing.com/milano-formals-sleeveless-bejeweled-high-neck-cocktail-dress-e2037/products/15829052,MILANO FORMALS - SLEEVELESS BEJEWELED HIGH NECK COCKTAIL DRESS E2037,,248.00
https://www.lookmazing.com/milano-formals-e2269-sleeveless-sheer-beaded-short-dress/products/17437208,MILANO FORMALS - E2269 SLEEVELESS SHEER BEADED SHORT DRESS,,248.00
https://www.lookmazing.com/milano-formals-beaded-tiered-taffeta-short-cocktail-dress-e2000/products/15855684,MILANO FORMALS - BEADED TIERED TAFFETA SHORT COCKTAIL DRESS E2000,,248.00
https://www.lookmazing.com/milano-formals-beaded-halter-chiffon-cocktail-dress-e2077/products/15829120,MILANO FORMALS - BEADED HALTER CHIFFON COCKTAIL DRESS E2077,,248.00
https://www.lookmazing.com/milano-formals-e2252-beaded-illusion-jewel-sheath-dress/products/17437191,MILANO FORMALS - E2252 BEADED ILLUSION JEWEL SHEATH DRESS,,248.00
https://www.lookmazing.com/milano-formals-e2345-beaded-v-neck-draped-evening-dress/products/18429901,MILANO FORMALS - E2345 BEADED V-NECK DRAPED EVENING DRESS,,248.00
https://www.lookmazing.com/milano-formals-bejeweled-taffeta-illusion-cocktail-dress-e2027/products/15829024,MILANO FORMALS - BEJEWELED TAFFETA ILLUSION COCKTAIL DRESS E2027,,248.00
https://www.lookmazing.com/milano-formals-sequined-sleeveless-bateau-neck-illusion-bodice-cocktail-dress-e2030/products/15828976,MILANO FORMALS - SEQUINED SLEEVELESS BATEAU NECK ILLUSION BODICE COCKTAIL DRESS E2030,,248.00
https://www.lookmazing.com/milano-formals-decorative-mesh-evening-gown-e2072/products/15829109,MILANO FORMALS - DECORATIVE MESH EVENING GOWN E2072,,248.00
https://www.lookmazing.com/milano-formals-e2398-bedazzled-v-neck-sheath-dress/products/18418318,MILANO FORMALS - E2398 BEDAZZLED V-NECK SHEATH DRESS,,248.00
https://www.lookmazing.com/milano-formals-e2431-halter-neck-sequined-sheath-gown/products/18439428,MILANO FORMALS - E2431 HALTER NECK SEQUINED SHEATH GOWN,,248.00
https://www.lookmazing.com/milano-formals-graphic-rhinestone-embellished-cocktail-dress-e2050/products/15829075,MILANO FORMALS - GRAPHIC RHINESTONE EMBELLISHED COCKTAIL DRESS E2050,,248.00
https://www.lookmazing.com/milano-formals-e2430-sequin-off-shoulder-sheath-dress/products/18418321,MILANO FORMALS - E2430 SEQUIN OFF SHOULDER SHEATH DRESS,,248.00
https://www.lookmazing.com/milano-formals-e2213-sleeveless-embellished-sheer-lace-dress/products/18941758,MILANO FORMALS - E2213 SLEEVELESS EMBELLISHED SHEER LACE DRESS,,248.00
https://www.lookmazing.com/milano-formals-e2251-beaded-illusion-jewel-dress/products/17437188,MILANO FORMALS - E2251 BEADED ILLUSION JEWEL DRESS,,248.00
https://www.lookmazing.com/milano-formals-sleeveless-beaded-high-neck-cocktail-dress-e2036/products/15829048,MILANO FORMALS - SLEEVELESS BEADED HIGH NECK COCKTAIL DRESS E2036,,248.00
https://www.lookmazing.com/milano-formals-origami-mikado-evening-gown-e2018/products/15855690,MILANO FORMALS - ORIGAMI MIKADO EVENING GOWN E2018,,248.00
https://www.lookmazing.com/milano-formals-e2344-sequined-scoop-fitted-evening-dress/products/18429900,MILANO FORMALS - E2344 SEQUINED SCOOP FITTED EVENING DRESS,,248.00
https://www.lookmazing.com/milano-formals-e2210-beaded-illusion-panel-dress/products/17453200,MILANO FORMALS - E2210 BEADED ILLUSION PANEL DRESS,,248.00
https://www.lookmazing.com/milano-formals-cap-sleeve-jewel-neck-fit-and-flare-long-dress-e2109/products/15828989,MILANO FORMALS - CAP SLEEVE JEWEL NECK FIT AND FLARE LONG DRESS E2109,,248.00
https://www.lookmazing.com/milano-formals-e2448-embellished-high-halter-sheath-dress/products/18418323,MILANO FORMALS - E2448 EMBELLISHED HIGH HALTER SHEATH DRESS,,248.00
https://www.lookmazing.com/milano-formals-e2257-sequined-sweetheart-sheath-dress/products/17437201,MILANO FORMALS - E2257 SEQUINED SWEETHEART SHEATH DRESS,,248.00
https://www.lookmazing.com/milano-formals-e2256-sequined-illusion-jewel-sheath-cocktail-dress/products/17437200,MILANO FORMALS - E2256 SEQUINED ILLUSION JEWEL SHEATH COCKTAIL DRESS,,248.00
https://www.lookmazing.com/milano-formals-beaded-halter-satin-evening-gown-e2133/products/15855710,MILANO FORMALS - BEADED HALTER SATIN EVENING GOWN E2133,,248.00
https://www.lookmazing.com/milano-formals-two-piece-beaded-halter-chiffon-cocktail-dress-e2078/products/15829123,MILANO FORMALS - TWO-PIECE BEADED HALTER CHIFFON COCKTAIL DRESS E2078,,248.00
https://www.lookmazing.com/milano-formals-e2350-beaded-applique-halter-high-low-dress/products/18418311,MILANO FORMALS - E2350 BEADED APPLIQUE HALTER HIGH LOW DRESS,,248.00
https://www.lookmazing.com/milano-formals-two-piece-beaded-crop-top-cocktail-dress-e2075/products/15829116,MILANO FORMALS - TWO-PIECE BEADED CROP TOP COCKTAIL DRESS E2075,,248.00
https://www.lookmazing.com/milano-formals-contrast-halter-evening-gown-e2112/products/15855704,MILANO FORMALS - CONTRAST HALTER EVENING GOWN E2112,,248.00
https://www.lookmazing.com/milano-formals-e2258-sleeveless-scoop-fringed-dress/products/17437203,MILANO FORMALS - E2258 SLEEVELESS SCOOP FRINGED DRESS,,248.00
https://www.lookmazing.com/milano-formals-bedazzled-halter-neck-cutout-bodice-long-dress-e2107/products/15828960,MILANO FORMALS - BEDAZZLED HALTER NECK CUTOUT BODICE LONG DRESS E2107,,248.00
https://www.lookmazing.com/milano-formals-ornamented-halted-crop-top-cocktail-dress-e2011/products/15855688,MILANO FORMALS - ORNAMENTED HALTED CROP TOP COCKTAIL DRESS E2011,,248.00
https://www.lookmazing.com/milano-formals-e2405-sequin-high-halter-sheath-dress/products/18418319,MILANO FORMALS - E2405 SEQUIN HIGH HALTER SHEATH DRESS,,248.00
https://www.lookmazing.com/milano-formals-e2303-strapless-gilded-stripe-ornate-sheath-gown/products/18418307,MILANO FORMALS - E2303 STRAPLESS GILDED STRIPE ORNATE SHEATH GOWN,,248.00
https://www.lookmazing.com/milano-formals-e2432-sleeveless-sweetheart-trumpet-dress/products/18418322,MILANO FORMALS - E2432 SLEEVELESS SWEETHEART TRUMPET DRESS,,248.00
https://www.lookmazing.com/milano-formals-aa9270-satin-a-line-sleeveless-wedding-dress/products/19528296,MILANO FORMALS - AA9270 SATIN A-LINE SLEEVELESS WEDDING DRESS,,248.00
https://www.lookmazing.com/milano-formals-embellished-sheer-satin-evening-gown-e2134/products/15855711,MILANO FORMALS - EMBELLISHED SHEER SATIN EVENING GOWN E2134,,248.00
https://www.lookmazing.com/milano-formals-quirky-cutout-cocktail-dress-e1986/products/15860254,MILANO FORMALS - QUIRKY CUTOUT COCKTAIL DRESS E1986,,248.00
https://www.lookmazing.com/milano-formals-e2227-beaded-sweetheart-sheath-dress/products/17423440,MILANO FORMALS - E2227 BEADED SWEETHEART SHEATH DRESS,,248.00
https://www.lookmazing.com/milano-formals-sleeveless-scoop-neck-laced-embellished-fit-and-flare-long-dess-e2042/products/15829065,MILANO FORMALS - SLEEVELESS SCOOP NECK LACED EMBELLISHED FIT AND FLARE LONG DESS E2042,,248.00
https://www.lookmazing.com/milano-formals-bead-trimmed-bodice-long-evening-gown-e2098/products/15855698,MILANO FORMALS - BEAD-TRIMMED BODICE LONG EVENING GOWN E2098,,248.00
https://www.lookmazing.com/milano-formals-high-neck-bedazzled-and-laced-embellished-two-piece-dress-e2089/products/15828953,MILANO FORMALS - HIGH NECK BEDAZZLED AND LACED EMBELLISHED TWO PIECE DRESS E2089,,248.00
https://www.lookmazing.com/milano-formals-e2255-sleeveless-beaded-halter-a-line-cocktail-dress/products/17437198,MILANO FORMALS - E2255 SLEEVELESS BEADED HALTER A-LINE COCKTAIL DRESS,,248.00
https://www.lookmazing.com/milano-formals-e2276-sleeveless-gilded-beaded-short-dress/products/17437213,MILANO FORMALS - E2276 SLEEVELESS GILDED BEADED SHORT DRESS,,248.00
https://www.lookmazing.com/milano-formals-e2296-embellished-off-shoulder-tiered-ballgown/products/18418329,MILANO FORMALS - E2296 EMBELLISHED OFF-SHOULDER TIERED BALLGOWN,,248.00
https://www.lookmazing.com/milano-formals-e2342-sheer-illusion-halter-floral-evening-gown/products/18439446,MILANO FORMALS - E2342 SHEER ILLUSION HALTER FLORAL EVENING GOWN,,248.00
https://www.lookmazing.com/milano-formals-e2428-beaded-high-neck-two-piece-sheath-gown/products/18439427,MILANO FORMALS - E2428 BEADED HIGH NECK TWO-PIECE SHEATH GOWN,,248.00
https://www.lookmazing.com/milano-formals-e2427-sequin-halter-sheath-dress/products/18418320,MILANO FORMALS - E2427 SEQUIN HALTER SHEATH DRESS,,248.00
https://www.lookmazing.com/milano-formals-e2340-sleeveless-floral-tea-length-cocktail-dress/products/18439449,MILANO FORMALS - E2340 SLEEVELESS FLORAL TEA LENGTH COCKTAIL DRESS,,248.00
https://www.lookmazing.com/milano-formals-e2478-two-piece-high-halter-sheath-dress/products/18418324,MILANO FORMALS - E2478 TWO PIECE HIGH HALTER SHEATH DRESS,,248.00
https://www.lookmazing.com/milano-formals-sequined-sweetheart-lace-embellished-fit-and-flare-long-dress-e2025/products/15828943,MILANO FORMALS - SEQUINED SWEETHEART LACE EMBELLISHED FIT AND FLARE LONG DRESS E2025,,248.00
https://www.lookmazing.com/milano-formals-lace-appliqued-illusion-evening-gown-e2048/products/15829070,MILANO FORMALS - LACE APPLIQUED ILLUSION EVENING GOWN E2048,,248.00
https://www.lookmazing.com/milano-formals-e2376-embellished-sheer-high-neck-long-sleeves-dress/products/18418314,MILANO FORMALS - E2376 EMBELLISHED SHEER HIGH NECK LONG SLEEVES DRESS,,248.00
https://www.lookmazing.com/milano-formals-e2460-sleeveless-ombre-sequined-two-piece-gown/products/18439435,MILANO FORMALS - E2460 SLEEVELESS OMBRE SEQUINED TWO PIECE GOWN,,248.00
https://www.lookmazing.com/milano-formals-rhinestone-embellished-cap-sleeved-evening-gown-e2071/products/15829106,MILANO FORMALS - RHINESTONE EMBELLISHED CAP SLEEVED EVENING GOWN E2071,,248.00
https://www.lookmazing.com/milano-formals-e2410-beaded-jewel-sheath-dress/products/18408179,MILANO FORMALS - E2410 BEADED JEWEL SHEATH DRESS,,248.00
https://www.lookmazing.com/milano-formals-two-piece-beaded-high-neck-cocktail-dress-e2039/products/15829059,MILANO FORMALS - TWO-PIECE BEADED HIGH NECK COCKTAIL DRESS E2039,,248.00
https://www.lookmazing.com/milano-formals-embellished-corset-floral-print-cocktail-dress-e2067/products/15829097,MILANO FORMALS - EMBELLISHED CORSET FLORAL PRINT COCKTAIL DRESS E2067,,248.00
https://www.lookmazing.com/milano-formals-e2259-two-piece-lace-sheath-dress/products/17437205,MILANO FORMALS - E2259 TWO PIECE LACE SHEATH DRESS,,248.00
https://www.lookmazing.com/milano-formals-beaded-cap-sleeve-high-neck-cocktail-dress-e2038/products/15829055,MILANO FORMALS - BEADED CAP SLEEVE HIGH NECK COCKTAIL DRESS E2038,,248.00
https://www.lookmazing.com/milano-formals-e2229-beaded-sheer-illusion-jersey-prom-dress/products/18439436,MILANO FORMALS - E2229 BEADED SHEER ILLUSION JERSEY PROM DRESS,,248.00
https://www.lookmazing.com/milano-formals-sequined-sleeveless-high-neck-two-piece-cocktail-dress-e2035/products/15829046,MILANO FORMALS - SEQUINED SLEEVELESS HIGH NECK TWO-PIECE COCKTAIL DRESS E2035,,248.00
https://www.lookmazing.com/milano-formals-e2253-beaded-halter-sheath-dress/products/17437193,MILANO FORMALS - E2253 BEADED HALTER SHEATH DRESS,,248.00
https://www.lookmazing.com/milano-formals-sleeveless-high-neck-lace-embellished-fit-and-flare-long-dress-e2043/products/15829066,MILANO FORMALS - SLEEVELESS HIGH NECK LACE EMBELLISHED FIT AND FLARE LONG DRESS E2043,,248.00
https://www.lookmazing.com/milano-formals-e2267-beaded-high-halter-a-line-dress/products/17437207,MILANO FORMALS - E2267 BEADED HIGH HALTER A-LINE DRESS,,248.00
https://www.lookmazing.com/milano-formals-sleeveless-beaded-high-neck-two-piece-cocktail-dress-e2034/products/15829042,MILANO FORMALS - SLEEVELESS BEADED HIGH NECK TWO-PIECE COCKTAIL DRESS E2034,,248.00
https://www.lookmazing.com/milano-formals-sheer-bodice-long-sleeved-illusion-evening-gown-e2100/products/15855699,MILANO FORMALS - SHEER BODICE LONG-SLEEVED ILLUSION EVENING GOWN E2100,,248.00
https://www.lookmazing.com/milano-formals-e2247-embellished-jewel-a-line-dress/products/18418325,MILANO FORMALS - E2247 EMBELLISHED JEWEL A-LINE DRESS,,248.00
https://www.lookmazing.com/milano-formals-e2317-two-piece-bejeweled-off-shoulder-fitted-gown/products/18439439,MILANO FORMALS - E2317 TWO PIECE BEJEWELED OFF SHOULDER FITTED GOWN,,248.00
https://www.lookmazing.com/milano-formals-e1028-strapless-ballgown/products/19484098,MILANO FORMALS - E1028 STRAPLESS BALLGOWN,,258.00
https://www.lookmazing.com/milano-formals-strapless-bejeweled-sweetheart-ruched-ball-gown-e21811/products/15829020,MILANO FORMALS - STRAPLESS BEJEWELED SWEETHEART RUCHED BALL GOWN E21811,,258.00
https://www.lookmazing.com/milano-formals-strapless-sweetheart-rhinestone-embellished-ball-gown-e1715/products/15828902,MILANO FORMALS - STRAPLESS SWEETHEART RHINESTONE EMBELLISHED BALL GOWN E1715,,258.00
https://www.lookmazing.com/milano-formals-sizzling-red-two-piece-mermaid-gown-e1922/products/15855733,MILANO FORMALS - SIZZLING RED TWO-PIECE MERMAID GOWN E1922,,258.00
https://www.lookmazing.com/milano-formals-floral-beaded-bodice-with-illusion-back-long-jersey-gown-e1637/products/15828884,MILANO FORMALS - FLORAL BEADED BODICE WITH ILLUSION BACK LONG JERSEY GOWN E1637,,258.00
https://www.lookmazing.com/milano-formals-e1028-quinceanera-dress/products/15695005,MILANO FORMALS - E1028 QUINCEANERA DRESS,,258.00
https://www.lookmazing.com/milano-formals-e1635-long-dresses/products/15695009,MILANO FORMALS - E1635 LONG DRESSES,,258.00
https://www.lookmazing.com/milano-formals-e1475-evening-dress/products/15679301,MILANO FORMALS - E1475 EVENING DRESS,,258.00
https://www.lookmazing.com/milano-formals-strapless-bejeweled-sweetheart-prom-dress-e1619/products/15828971,MILANO FORMALS - STRAPLESS BEJEWELED SWEETHEART PROM DRESS E1619,,258.00
https://www.lookmazing.com/milano-formals-bedazzled-strapless-sweetheart-ball-gown-e1974/products/15828910,MILANO FORMALS - BEDAZZLED STRAPLESS SWEETHEART BALL GOWN E1974,,258.00
https://www.lookmazing.com/milano-formals-e1733-long-dresses/products/15695074,MILANO FORMALS - E1733 LONG DRESSES,,258.00
https://www.lookmazing.com/milano-formals-e1745-short-dresses/products/15695058,MILANO FORMALS - E1745 SHORT DRESSES,,258.00
https://www.lookmazing.com/milano-formals-sleeveless-halter-neck-beaded-two-piece-long-dress-e1923/products/15828934,MILANO FORMALS - SLEEVELESS HALTER NECK BEADED TWO PIECE LONG DRESS E1923,,258.00
https://www.lookmazing.com/milano-formals-e1410-short-dress/products/15679299,MILANO FORMALS - E1410 SHORT DRESS,,272.00
https://www.lookmazing.com/milano-formals-strapless-sweetheart-all-over-lace-long-gown-e1796/products/17242453,MILANO FORMALS - STRAPLESS SWEETHEART ALL OVER LACE LONG GOWN E1796,,276.00
https://www.lookmazing.com/milano-formals-b8328-bridesmaid-dress/products/17242423,MILANO FORMALS - B8328 BRIDESMAID DRESS,,276.00
https://www.lookmazing.com/milano-formals-e1356-short-dress/products/17242439,MILANO FORMALS - E1356 SHORT DRESS,,276.00
https://www.lookmazing.com/milano-formals-b8416-ball-gown/products/17242438,MILANO FORMALS - B8416 BALL GOWN,,276.00
https://www.lookmazing.com/milano-formals-lace-embellished-fit-and-flare-dress-e1838/products/17242456,MILANO FORMALS - LACE EMBELLISHED FIT AND FLARE DRESS E1838,,276.00
https://www.lookmazing.com/milano-formals-b8199-gown/products/17242436,MILANO FORMALS - B8199 GOWN,,276.00
https://www.lookmazing.com/milano-formals-strapless-ruched-sweetheart-bedazzled-laced-a-line-dress-e1824/products/15828904,MILANO FORMALS - STRAPLESS RUCHED SWEETHEART BEDAZZLED LACED A-LINE DRESS E1824,,276.00
https://www.lookmazing.com/milano-formals-b8896-bridesmaid-dress/products/15679285,MILANO FORMALS - B8896 BRIDESMAID DRESS,,276.00
https://www.lookmazing.com/milano-formals-b8588-bridesmaid-dress/products/15679296,MILANO FORMALS - B8588 BRIDESMAID DRESS,,276.00
https://www.lookmazing.com/milano-formals-sweetheart-ruched-a-line-long-dress-e1852/products/17242457,MILANO FORMALS - SWEETHEART RUCHED A-LINE LONG DRESS E1852,,276.00
https://www.lookmazing.com/milano-formals-e1071-quinceanera-dress/products/17242435,MILANO FORMALS - E1071 QUINCEANERA DRESS,,276.00
https://www.lookmazing.com/milano-formals-strapless-lace-embellished-fit-and-flare-dress-e1822/products/17242455,MILANO FORMALS - STRAPLESS LACE EMBELLISHED FIT AND FLARE DRESS E1822,,276.00
https://www.lookmazing.com/milano-formals-ruched-sweetheart-bejeweled-a-line-dress-e1774/products/15828900,MILANO FORMALS - RUCHED SWEETHEART BEJEWELED A-LINE DRESS E1774,,278.00
https://www.lookmazing.com/milano-formals-glorious-two-piece-ruffled-mermaid-gown-e1988/products/15860258,MILANO FORMALS - GLORIOUS TWO-PIECE RUFFLED MERMAID GOWN E1988,,298.00
https://www.lookmazing.com/milano-formals-bejewled-high-neck-lace-and-bead-embellished-fit-and-flare-long-dress-e2113/products/15828963,MILANO FORMALS - BEJEWLED HIGH NECK LACE AND BEAD EMBELLISHED FIT AND FLARE LONG DRESS E2113,,298.00
https://www.lookmazing.com/milano-formals-e2287-beaded-off-shoulder-neck-ballgown/products/18418327,MILANO FORMALS - E2287 BEADED OFF-SHOULDER NECK BALLGOWN,,298.00
https://www.lookmazing.com/milano-formals-e2233-embellished-illusion-gossamer-paneled-gown/products/18418306,MILANO FORMALS - E2233 EMBELLISHED ILLUSION GOSSAMER PANELED GOWN,,298.00
https://www.lookmazing.com/milano-formals-high-neck-illusion-evening-gown-e2118/products/15855708,MILANO FORMALS - HIGH NECK ILLUSION EVENING GOWN E2118,,298.00
https://www.lookmazing.com/milano-formals-embellished-v-neck-chiffon-evening-gown-e2173/products/15855720,MILANO FORMALS - EMBELLISHED V-NECK CHIFFON EVENING GOWN E2173,,298.00
https://www.lookmazing.com/milano-formals-beaded-satin-evening-gown-e2143/products/15855713,MILANO FORMALS - BEADED SATIN EVENING GOWN E2143,,298.00
https://www.lookmazing.com/milano-formals-sleeveless-deep-v-neck-bedazzled-long-a-line-dress-e2165/products/15829004,MILANO FORMALS - SLEEVELESS DEEP V-NECK BEDAZZLED LONG A-LINE DRESS E2165,,298.00
https://www.lookmazing.com/milano-formals-sophisticated-two-piece-black-jersey-dress-e1981/products/15860239,MILANO FORMALS - SOPHISTICATED TWO-PIECE BLACK JERSEY DRESS E1981,,298.00
https://www.lookmazing.com/milano-formals-e2388-cap-sleeves-beaded-chiffon-ballgown/products/18418351,MILANO FORMALS - E2388 CAP SLEEVES BEADED CHIFFON BALLGOWN,,298.00
https://www.lookmazing.com/milano-formals-halter-neck-beaded-fit-and-flare-long-dress-e2090/products/15828925,MILANO FORMALS - HALTER NECK BEADED FIT AND FLARE LONG DRESS E2090,,298.00
https://www.lookmazing.com/milano-formals-embellished-black-v-neck-gown-e1869/products/15855729,MILANO FORMALS - EMBELLISHED BLACK V-NECK GOWN E1869,,298.00
https://www.lookmazing.com/milano-formals-embellished-black-fitted-evening-gown-e2064/products/15829090,MILANO FORMALS - EMBELLISHED BLACK FITTED EVENING GOWN E2064,,298.00
https://www.lookmazing.com/milano-formals-gorgeous-fit-and-flare-gown-with-gold-and-copper-appliques-e1989/products/15860261,MILANO FORMALS - GORGEOUS FIT AND FLARE GOWN WITH GOLD AND COPPER APPLIQUES E1989,,298.00
https://www.lookmazing.com/milano-formals-contemporary-two-piece-jersey-dress-e1996/products/15860266,MILANO FORMALS - CONTEMPORARY TWO-PIECE JERSEY DRESS E1996,,298.00
https://www.lookmazing.com/milano-formals-sleeveless-bead-embellished-bodice-two-piece-fit-and-flare-long-dress-e2021/products/15855680,MILANO FORMALS - SLEEVELESS BEAD EMBELLISHED BODICE TWO-PIECE FIT AND FLARE LONG DRESS E2021,,298.00
https://www.lookmazing.com/milano-formals-embellished-high-neck-evening-gown-e2119/products/15855709,MILANO FORMALS - EMBELLISHED HIGH NECK EVENING GOWN E2119,,298.00
https://www.lookmazing.com/milano-formals-e1770-ball-gown/products/15679302,MILANO FORMALS - E1770 BALL GOWN,,298.00
https://www.lookmazing.com/milano-formals-strapless-sweetheart-beading-waist-mermaid-dress-e2016/products/15828913,MILANO FORMALS - STRAPLESS SWEETHEART BEADING WAIST MERMAID DRESS E2016,,298.00
https://www.lookmazing.com/milano-formals-beaded-taffeta-evening-gown-e2103/products/15855702,MILANO FORMALS - BEADED TAFFETA EVENING GOWN E2103,,298.00
https://www.lookmazing.com/milano-formals-e2324-halter-embellished-tiered-ruffle-mermaid-gown/products/18439441,MILANO FORMALS - E2324 HALTER EMBELLISHED TIERED RUFFLE MERMAID GOWN,,298.00
https://www.lookmazing.com/milano-formals-two-piece-lace-crop-top-evening-dress-e2192/products/15855723,MILANO FORMALS - TWO-PIECE LACE CROP TOP EVENING DRESS E2192,,298.00
https://www.lookmazing.com/milano-formals-glittering-white-and-gold-strapless-trumpet-gown-e1738/products/15855727,MILANO FORMALS - GLITTERING WHITE AND GOLD STRAPLESS TRUMPET GOWN E1738,,298.00
https://www.lookmazing.com/milano-formals-sleeveless-bejeweled-high-neck-long-a-line-dress-e2180/products/15829013,MILANO FORMALS - SLEEVELESS BEJEWELED HIGH NECK LONG A-LINE DRESS E2180,,298.00
https://www.lookmazing.com/milano-formals-embellished-cap-sleeved-evening-gown-e2182/products/15855722,MILANO FORMALS - EMBELLISHED CAP-SLEEVED EVENING GOWN E2182,,298.00
https://www.lookmazing.com/milano-formals-contrast-beading-satin-evening-gown-e2060/products/15829083,MILANO FORMALS - CONTRAST BEADING SATIN EVENING GOWN E2060,,298.00
https://www.lookmazing.com/milano-formals-glistening-halter-jersey-gown-e1979/products/15860237,MILANO FORMALS - GLISTENING HALTER JERSEY GOWN E1979,,298.00
https://www.lookmazing.com/milano-formals-e2449-sleek-v-neck-floral-organza-ballgown/products/18408177,MILANO FORMALS - E2449 SLEEK V-NECK FLORAL ORGANZA BALLGOWN,,298.00
https://www.lookmazing.com/milano-formals-bell-sleeves-deep-v-neck-sequined-long-dress-with-thigh-high-slit-e2110/products/15828992,MILANO FORMALS - BELL SLEEVES DEEP V-NECK SEQUINED LONG DRESS WITH THIGH-HIGH SLIT E2110,,298.00
https://www.lookmazing.com/milano-formals-black-strapless-mermaid-gown-with-ruffled-skirt-e1984/products/15860248,MILANO FORMALS - BLACK STRAPLESS MERMAID GOWN WITH RUFFLED SKIRT E1984,,298.00
https://www.lookmazing.com/milano-formals-e2341-beaded-floral-print-two-piece-gown/products/18418344,MILANO FORMALS - E2341 BEADED FLORAL PRINT TWO PIECE GOWN,,298.00
https://www.lookmazing.com/milano-formals-lace-appliqued-satin-evening-gown-e2017/products/15855689,MILANO FORMALS - LACE APPLIQUED SATIN EVENING GOWN E2017,,298.00
https://www.lookmazing.com/milano-formals-beaded-contrast-cap-sleeved-evening-gown-e2096/products/15855697,MILANO FORMALS - BEADED CONTRAST CAP-SLEEVED EVENING GOWN E2096,,298.00
https://www.lookmazing.com/milano-formals-sleeveless-high-neck-bedazzled-ball-gown-e1949/products/15855679,MILANO FORMALS - SLEEVELESS HIGH NECK BEDAZZLED BALL GOWN E1949,,298.00
https://www.lookmazing.com/milano-formals-e2322-bedazzled-scoop-neck-ballgown/products/18418337,MILANO FORMALS - E2322 BEDAZZLED SCOOP NECK BALLGOWN,,298.00
https://www.lookmazing.com/milano-formals-floral-beaded-high-neck-crop-top-with-keyhole-fit-and-flare-two-piece-long-dress-e2116/products/15828964,MILANO FORMALS - FLORAL BEADED HIGH NECK CROP TOP WITH KEYHOLE FIT AND FLARE TWO PIECE LONG DRESS E2116,,298.00
https://www.lookmazing.com/milano-formals-gold-embroidered-evening-gown-e2045/products/15829067,MILANO FORMALS - GOLD EMBROIDERED EVENING GOWN E2045,,298.00
https://www.lookmazing.com/milano-formals-two-piece-textured-crop-top-evening-gown-e2095/products/15855696,MILANO FORMALS - TWO-PIECE TEXTURED CROP TOP EVENING GOWN E2095,,298.00
https://www.lookmazing.com/milano-formals-ravishing-two-piece-a-line-gown-e1940/products/15860214,MILANO FORMALS - RAVISHING TWO-PIECE A-LINE GOWN E1940,,298.00
https://www.lookmazing.com/milano-formals-bedazzled-jewel-neck-two-piece-a-line-long-dress-e2097/products/15828957,MILANO FORMALS - BEDAZZLED JEWEL NECK TWO PIECE A-LINE LONG DRESS E2097,,298.00
https://www.lookmazing.com/milano-formals-scorching-red-trumpet-gown-e1980/products/15860250,MILANO FORMALS - SCORCHING RED TRUMPET GOWN E1980,,298.00
https://www.lookmazing.com/milano-formals-e1882-prom-dresses/products/15695048,MILANO FORMALS - E1882 PROM DRESSES,,298.00
https://www.lookmazing.com/milano-formals-embellished-sheer-jersey-evening-gown-e2009/products/15855686,MILANO FORMALS - EMBELLISHED SHEER JERSEY EVENING GOWN E2009,,298.00
https://www.lookmazing.com/milano-formals-immaculate-two-piece-a-line-dress-e1955/products/15860218,MILANO FORMALS - IMMACULATE TWO-PIECE A-LINE DRESS E1955,,298.00
https://www.lookmazing.com/milano-formals-magnificent-two-piece-a-line-dress-e1965/products/15860220,MILANO FORMALS - MAGNIFICENT TWO-PIECE A-LINE DRESS E1965,,298.00
https://www.lookmazing.com/milano-formals-embellished-sheer-a-line-ball-gown-e2057/products/15829078,MILANO FORMALS - EMBELLISHED SHEER A-LINE BALL GOWN E2057,,298.00
https://www.lookmazing.com/milano-formals-glamourous-fully-embroidered-black-assymetrical-gown-e1929/products/15860211,MILANO FORMALS - GLAMOUROUS FULLY EMBROIDERED BLACK ASSYMETRICAL GOWN E1929,,298.00
https://www.lookmazing.com/milano-formals-embellished-mikado-sheer-evening-gown-e2008/products/15855685,MILANO FORMALS - EMBELLISHED MIKADO SHEER EVENING GOWN E2008,,298.00
https://www.lookmazing.com/milano-formals-e2319-beaded-scoop-neck-ballgown/products/18418333,MILANO FORMALS - E2319 BEADED SCOOP NECK BALLGOWN,,298.00
https://www.lookmazing.com/milano-formals-e2331-two-piece-embellished-printed-ballgown/products/18418342,MILANO FORMALS - E2331 TWO PIECE EMBELLISHED PRINTED BALLGOWN,,298.00
https://www.lookmazing.com/milano-formals-e2329-embellished-off-shoulder-ballgown/products/18941790,MILANO FORMALS - E2329 EMBELLISHED OFF-SHOULDER BALLGOWN,,298.00
https://www.lookmazing.com/milano-formals-sleeveless-beaded-high-neckline-floor-length-dress-e2032/products/15829039,MILANO FORMALS - SLEEVELESS BEADED HIGH NECKLINE FLOOR LENGTH DRESS E2032,,298.00
https://www.lookmazing.com/milano-formals-e2320-multi-colored-beaded-v-neck-ballgown/products/18418335,MILANO FORMALS - E2320 MULTI-COLORED BEADED V-NECK BALLGOWN,,298.00
https://www.lookmazing.com/milano-formals-e2379-sleeveless-encrusted-lace-ballgown/products/18418349,MILANO FORMALS - E2379 SLEEVELESS ENCRUSTED LACE BALLGOWN,,298.00
https://www.lookmazing.com/milano-formals-e2395-beaded-strapless-organza-ballgown/products/18418353,MILANO FORMALS - E2395 BEADED STRAPLESS ORGANZA BALLGOWN,,298.00
https://www.lookmazing.com/milano-formals-e2326-bead-embellished-illusion-bateau-ballgown/products/18418339,MILANO FORMALS - E2326 BEAD EMBELLISHED ILLUSION BATEAU BALLGOWN,,298.00
https://www.lookmazing.com/milano-formals-sparkling-beaded-cocktail-dress-e2049/products/15829072,MILANO FORMALS - SPARKLING BEADED COCKTAIL DRESS E2049,,298.00
https://www.lookmazing.com/milano-formals-e1767-prom-dresses/products/15679306,MILANO FORMALS - E1767 PROM DRESSES,,298.00
https://www.lookmazing.com/milano-formals-embellished-high-low-evening-gown-e2152/products/15855718,MILANO FORMALS - EMBELLISHED HIGH LOW EVENING GOWN E2152,,298.00
https://www.lookmazing.com/milano-formals-embellished-off-shoulder-chiffon-evening-gown-e2094/products/15829148,MILANO FORMALS - EMBELLISHED OFF-SHOULDER CHIFFON EVENING GOWN E2094,,298.00
https://www.lookmazing.com/milano-formals-sleeveles-bateau-neck-lace-embellished-mermaid-dress-w1931/products/15828937,MILANO FORMALS - SLEEVELES BATEAU NECK LACE EMBELLISHED MERMAID DRESS W1931,,298.00
https://www.lookmazing.com/milano-formals-two-piece-beaded-crop-top-evening-gown-e2144/products/15855714,MILANO FORMALS - TWO PIECE BEADED CROP TOP EVENING GOWN E2144,,298.00
https://www.lookmazing.com/milano-formals-beaded-cut-out-evening-gown-e2171/products/15855719,MILANO FORMALS - BEADED CUT OUT EVENING GOWN E2171,,298.00
https://www.lookmazing.com/milano-formals-two-piece-beaded-chiffon-dress-e2178/products/15855724,MILANO FORMALS - TWO-PIECE BEADED CHIFFON DRESS E2178,,298.00
https://www.lookmazing.com/milano-formals-e2318-embellished-bateau-tulle-ballgown/products/18418331,MILANO FORMALS - E2318 EMBELLISHED BATEAU TULLE BALLGOWN,,298.00
https://www.lookmazing.com/milano-formals-sleeveless-illusion-neck-bejeweled-ball-gown-e1917/products/15855678,MILANO FORMALS - SLEEVELESS ILLUSION NECK BEJEWELED BALL GOWN E1917,,298.00
https://www.lookmazing.com/milano-formals-beaded-halter-illusion-evening-gown-e2174/products/15855721,MILANO FORMALS - BEADED HALTER ILLUSION EVENING GOWN E2174,,298.00
https://www.lookmazing.com/milano-formals-two-piece-beaded-tulle-dress-e2092/products/15855725,MILANO FORMALS - TWO-PIECE BEADED TULLE DRESS E2092,,298.00
https://www.lookmazing.com/milano-formals-e2378-multicolored-floral-appliqued-off-shoulder-gown/products/18439448,MILANO FORMALS - E2378 MULTICOLORED FLORAL APPLIQUED OFF SHOULDER GOWN,,298.00
https://www.lookmazing.com/milano-formals-embellished-taffeta-short-cocktail-dress-e1999/products/15855683,MILANO FORMALS - EMBELLISHED TAFFETA SHORT COCKTAIL DRESS E1999,,298.00
https://www.lookmazing.com/milano-formals-strapless-ruched-lace-embelisshed-a-line-prom-dress-e1259/products/15828896,MILANO FORMALS - STRAPLESS RUCHED LACE EMBELISSHED A-LINE PROM DRESS E1259,,298.00
https://www.lookmazing.com/milano-formals-v-neckline-fitted-evening-gown-2114/products/15855705,MILANO FORMALS - V-NECKLINE FITTED EVENING GOWN 2114,,298.00
https://www.lookmazing.com/milano-formals-fully-embroidered-black-long-sleeve-dress-e1883/products/15855730,MILANO FORMALS - FULLY EMBROIDERED BLACK LONG SLEEVE DRESS E1883,,298.00
https://www.lookmazing.com/milano-formals-embellished-halter-evening-gown-e2104/products/15855703,MILANO FORMALS - EMBELLISHED HALTER EVENING GOWN E2104,,298.00
https://www.lookmazing.com/milano-formals-e2289-beaded-illusion-high-halter-ballgown/products/18418328,MILANO FORMALS - E2289 BEADED ILLUSION HIGH HALTER BALLGOWN,,298.00
https://www.lookmazing.com/milano-formals-beaded-two-piece-chiffon-cocktail-dress-e2020/products/15855692,MILANO FORMALS - BEADED TWO-PIECE CHIFFON COCKTAIL DRESS E2020,,298.00
https://www.lookmazing.com/milano-formals-beaded-mesh-evening-gown-e2140/products/15855712,MILANO FORMALS - BEADED MESH EVENING GOWN E2140,,298.00
https://www.lookmazing.com/milano-formals-beaded-wide-strap-black-evening-gown-e2065/products/15829094,MILANO FORMALS - BEADED WIDE STRAP BLACK EVENING GOWN E2065,,298.00
https://www.lookmazing.com/milano-formals-e2285-beaded-off-shoulder-ballgown/products/18418326,MILANO FORMALS - E2285 BEADED OFF-SHOULDER BALLGOWN,,298.00
https://www.lookmazing.com/milano-formals-sleeveless-bejeweled-halter-neck-floor-length-gown-e2031/products/15829036,MILANO FORMALS - SLEEVELESS BEJEWELED HALTER NECK FLOOR LENGTH GOWN E2031,,298.00
https://www.lookmazing.com/milano-formals-lovely-floral-mermaid-gown-e1982/products/15860242,MILANO FORMALS - LOVELY FLORAL MERMAID GOWN E1982,,298.00
https://www.lookmazing.com/milano-formals-gold-high-neck-cocktail-dress-e1977/products/15860231,MILANO FORMALS - GOLD HIGH NECK COCKTAIL DRESS E1977,,298.00
https://www.lookmazing.com/milano-formals-aa227-embellished-strapless-sweetheart-wedding-gown/products/19528359,MILANO FORMALS - AA227 EMBELLISHED STRAPLESS SWEETHEART WEDDING GOWN,,310.00
https://www.lookmazing.com/milano-formals-aa226-lace-off-shoulder-fitted-wedding-gown/products/19528358,MILANO FORMALS - AA226 LACE OFF-SHOULDER FITTED WEDDING GOWN,,310.00
https://www.lookmazing.com/milano-formals-aa225-lace-embellished-semi-sweetheart-wedding-gown/products/19528357,MILANO FORMALS - AA225 LACE EMBELLISHED SEMI-SWEETHEART WEDDING GOWN,,310.00
https://www.lookmazing.com/milano-formals-b8408-prom-dress/products/17242434,MILANO FORMALS - B8408 PROM DRESS,,316.00
https://www.lookmazing.com/milano-formals-e1265-prom-dress/products/17242445,MILANO FORMALS - E1265 PROM DRESS,,316.00
https://www.lookmazing.com/milano-formals-e1220-quinceanera-dress/products/15694992,MILANO FORMALS - E1220 QUINCEANERA DRESS,,316.00
https://www.lookmazing.com/milano-formals-teal-tulle-a-line-gown-e1967/products/15860223,MILANO FORMALS - TEAL TULLE A-LINE GOWN E1967,,318.00
https://www.lookmazing.com/milano-formals-sequined-jewel-neck-illusion-bodice-prom-dress-e1887/products/15828974,MILANO FORMALS - SEQUINED JEWEL NECK ILLUSION BODICE PROM DRESS E1887,,318.00
https://www.lookmazing.com/milano-formals-e1784-short-dresses/products/15695060,MILANO FORMALS - E1784 SHORT DRESSES,,318.00
https://www.lookmazing.com/milano-formals-stunning-trumpet-gown-with-beads-and-sheers-e1907/products/15855731,MILANO FORMALS - STUNNING TRUMPET GOWN WITH BEADS AND SHEERS E1907,,318.00
https://www.lookmazing.com/milano-formals-e1779-prom-dresses/products/15695040,MILANO FORMALS - E1779 PROM DRESSES,,318.00
https://www.lookmazing.com/milano-formals-e1110-quinceanera-dress/products/17242446,MILANO FORMALS - E1110 QUINCEANERA DRESS,,322.00
https://www.lookmazing.com/milano-formals-e1116-quinceanera-dress/products/17242441,MILANO FORMALS - E1116 QUINCEANERA DRESS,,322.00
https://www.lookmazing.com/milano-formals-aa9336-strapless-straight-across-sheath-wedding-gown/products/19528352,MILANO FORMALS - AA9336 STRAPLESS STRAIGHT ACROSS SHEATH WEDDING GOWN,,323.00
https://www.lookmazing.com/milano-formals-strapless-sweetheart-bejeweled-long-a-line-dress-e2169/products/15829008,MILANO FORMALS - STRAPLESS SWEETHEART BEJEWELED LONG A-LINE DRESS E2169,,328.00
https://www.lookmazing.com/milano-formals-sleeveless-sequined-high-neck-long-a-line-dress-e2069/products/15855681,MILANO FORMALS - SLEEVELESS SEQUINED HIGH NECK LONG A-LINE DRESS E2069,,328.00
https://www.lookmazing.com/milano-formals-bead-encrusted-halter-evening-gown-e2068/products/15829100,MILANO FORMALS - BEAD-ENCRUSTED HALTER EVENING GOWN E2068,,328.00
https://www.lookmazing.com/milano-formals-strapless-sweetheart-embroidered-a-line-long-dress-e2163/products/15828922,MILANO FORMALS - STRAPLESS SWEETHEART EMBROIDERED A-LINE LONG DRESS E2163,,338.00
https://www.lookmazing.com/milano-formals-e1268-ball-gown/products/15922433,MILANO FORMALS - E1268 BALL GOWN,,338.00
https://www.lookmazing.com/milano-formals-sleeveless-sequined-high-neck-long-a-line-dress-e2150/products/15855682,MILANO FORMALS - SLEEVELESS SEQUINED HIGH NECK LONG A-LINE DRESS E2150,,338.00
https://www.lookmazing.com/milano-formals-aa9254-strapless-draped-empire-satin-a-line-gown/products/19528311,MILANO FORMALS - AA9254 STRAPLESS DRAPED EMPIRE SATIN A-LINE GOWN,,348.00
https://www.lookmazing.com/milano-formals-beaded-sheer-jersey-evening-gown-e2010/products/15855687,MILANO FORMALS - BEADED SHEER JERSEY EVENING GOWN E2010,,348.00
https://www.lookmazing.com/milano-formals-chic-black-and-pink-strapless-trumpet-gown-e1976/products/15860227,MILANO FORMALS - CHIC BLACK AND PINK STRAPLESS TRUMPET GOWN E1976,,348.00
https://www.lookmazing.com/milano-formals-lace-illusion-halter-evening-gown-e2070/products/15829103,MILANO FORMALS - LACE ILLUSION HALTER EVENING GOWN E2070,,348.00
https://www.lookmazing.com/milano-formals-long-sleeved-sparkling-evening-gown-e2074/products/15829113,MILANO FORMALS - LONG-SLEEVED SPARKLING EVENING GOWN E2074,,348.00
https://www.lookmazing.com/milano-formals-b8183-prom-dress/products/17242432,MILANO FORMALS - B8183 PROM DRESS,,356.00
https://www.lookmazing.com/milano-formals-b8503-prom-dress/products/15679307,MILANO FORMALS - B8503 PROM DRESS,,356.00
https://www.lookmazing.com/milano-formals-deep-v-neck-ruched-bodice-fit-and-flare-long-dress-with-side-thigh-high-slit-e2125/products/15828967,MILANO FORMALS - DEEP V-NECK RUCHED BODICE FIT AND FLARE LONG DRESS WITH SIDE THIGH-HIGH SLIT E2125,,356.00
https://www.lookmazing.com/milano-formals-e1431-ball-gown/products/15695031,MILANO FORMALS - E1431 BALL GOWN,,358.00
https://www.lookmazing.com/milano-formals-e1479-ball-gown/products/15679305,MILANO FORMALS - E1479 BALL GOWN,,358.00
https://www.lookmazing.com/milano-formals-shimmering-black-trumpet-gown-e1736/products/15855726,MILANO FORMALS - SHIMMERING BLACK TRUMPET GOWN E1736,,368.00
https://www.lookmazing.com/milano-formals-bejeweled-mermaid-evening-gown-e2022/products/15855693,MILANO FORMALS - BEJEWELED MERMAID EVENING GOWN E2022,,368.00
https://www.lookmazing.com/milano-formals-bejeweled-high-halter-cocktail-dress-e2019/products/15855691,MILANO FORMALS - BEJEWELED HIGH HALTER COCKTAIL DRESS E2019,,388.00
https://www.lookmazing.com/milano-formals-bejeweled-keyhole-cocktail-dress-e2023/products/15855694,MILANO FORMALS - BEJEWELED KEYHOLE COCKTAIL DRESS E2023,,388.00
https://www.lookmazing.com/milano-formals-jewelled-halter-cocktail-dress-e1978/products/15860233,MILANO FORMALS - JEWELLED HALTER COCKTAIL DRESS E1978,,388.00
https://www.lookmazing.com/milano-formals-b8721-prom-dress/products/15695002,MILANO FORMALS - B8721 PROM DRESS,,396.00
https://www.lookmazing.com/milano-formals-b8505-prom-dress/products/15695087,MILANO FORMALS - B8505 PROM DRESS,,396.00
https://www.lookmazing.com/milano-formals-sleeveless-jewel-neckline-lace-embellished-a-line-long-dress-with-cape-e2158/products/15828920,MILANO FORMALS - SLEEVELESS JEWEL NECKLINE LACE EMBELLISHED A-LINE LONG DRESS WITH CAPE E2158,,398.00
https://www.lookmazing.com/milano-formals-shimmering-sweetheart-embelished-long-gown-e2047/products/15829068,MILANO FORMALS - SHIMMERING SWEETHEART EMBELISHED LONG GOWN E2047,,398.00
https://www.lookmazing.com/milano-formals-embellished-halter-cut-out-evening-gown-e2145/products/15855715,MILANO FORMALS - EMBELLISHED HALTER CUT OUT EVENING GOWN E2145,,398.00
https://www.lookmazing.com/milano-formals-splendid-ombre-fit-and-flare-gown-e1991/products/15860263,MILANO FORMALS - SPLENDID OMBRE FIT AND FLARE GOWN E1991,,448.00
https://www.lookmazing.com/milano-formals-e1833-ball-gown/products/15679303,MILANO FORMALS - E1833 BALL GOWN,,497.00
https://www.lookmazing.com/milano-formals-aa9325-embellished-lace-long-sleeve-wedding-gown/products/19528338,MILANO FORMALS - AA9325 EMBELLISHED LACE LONG SLEEVE WEDDING GOWN,,498.00
https://www.lookmazing.com/milano-formals-jewel-neck-bedazzled-prom-dress-e1971/products/15828939,MILANO FORMALS - JEWEL NECK BEDAZZLED PROM DRESS E1971,,498.00
https://www.lookmazing.com/milano-formals-dazzling-patterned-haltered-gown-e1921/products/15855732,MILANO FORMALS - DAZZLING PATTERNED HALTERED GOWN E1921,,498.00
https://www.lookmazing.com/milano-formals-aa9324-lace-illusion-bateau-a-line-wedding-gown/products/19528336,MILANO FORMALS - AA9324 LACE ILLUSION BATEAU A-LINE WEDDING GOWN,,560.00
https://www.lookmazing.com/milano-formals-aa9327-embellished-lace-bateau-wedding-gown/products/19528343,MILANO FORMALS - AA9327 EMBELLISHED LACE BATEAU WEDDING GOWN,,560.00
https://www.lookmazing.com/milano-formals-aa9328-embellished-sweetheart-organza-wedding-gown/products/19528345,MILANO FORMALS - AA9328 EMBELLISHED SWEETHEART ORGANZA WEDDING GOWN,,560.00
https://www.lookmazing.com/brooks-brothers-milano-fit-one-button-shawl-collar-dinner-jacket/products/17548558,BROOKS BROTHERS MILANO FIT ONE-BUTTON SHAWL COLLAR DINNER JACKET,,598.00
https://www.lookmazing.com/milano-formals-aa9335-ruched-off-shoulder-wedding-dress/products/19528312,MILANO FORMALS - AA9335 RUCHED OFF SHOULDER WEDDING DRESS,,623.00
https://www.lookmazing.com/milano-formals-aa9329-strapless-embellished-sweetheart-wedding-gown/products/19528348,MILANO FORMALS - AA9329 STRAPLESS EMBELLISHED SWEETHEART WEDDING GOWN,,623.00
https://www.lookmazing.com/milano-formals-aa9338-embellished-two-piece-mermaid-wedding-gown/products/19528354,MILANO FORMALS - AA9338 EMBELLISHED TWO PIECE MERMAID WEDDING GOWN,,623.00
https://www.lookmazing.com/milano-formals-aa9331-embellished-wide-v-neck-satin-wedding-gown/products/19528350,MILANO FORMALS - AA9331 EMBELLISHED WIDE V-NECK SATIN WEDDING GOWN,,623.00
https://www.lookmazing.com/ermenegildo-zegna-milano-single-breasted-tweed-blazer/products/11213336,ERMENEGILDO ZEGNA MILANO SINGLE-BREASTED TWEED BLAZER,718.00,1797.00
https://www.lookmazing.com/milano-formals-aa9257-strapless-ruffled-wedding-gown/products/19528300,MILANO FORMALS - AA9257 STRAPLESS RUFFLED WEDDING GOWN,,723.00
https://www.lookmazing.com/milano-formals-aa9314-crystal-ornate-a-line-wedding-dress/products/19528297,MILANO FORMALS - AA9314 CRYSTAL ORNATE A-LINE WEDDING DRESS,,723.00
https://www.lookmazing.com/milano-formals-aa9256-strapless-ballgown-wedding-dress/products/19528298,MILANO FORMALS - AA9256 STRAPLESS BALLGOWN WEDDING DRESS,,723.00
https://www.lookmazing.com/milano-formals-aa9321-strapless-lace-embellished-wedding-gown/products/19528331,MILANO FORMALS - AA9321 STRAPLESS LACE EMBELLISHED WEDDING GOWN,,748.00
https://www.lookmazing.com/milano-formals-aa9306-embellished-v-neck-trumpet-wedding-gown/products/19528355,MILANO FORMALS - AA9306 EMBELLISHED V-NECK TRUMPET WEDDING GOWN,,748.00
https://www.lookmazing.com/milano-formals-aa9326-two-piece-lace-high-halter-wedding-gown/products/19528341,MILANO FORMALS - AA9326 TWO PIECE LACE HIGH HALTER WEDDING GOWN,,748.00
https://www.lookmazing.com/milano-formals-aa9322-embellished-strapless-sweetheart-wedding-gown/products/19528334,MILANO FORMALS - AA9322 EMBELLISHED STRAPLESS SWEETHEART WEDDING GOWN,,748.00
https://www.lookmazing.com/milano-formals-aa9332-embellished-long-sleeve-wedding-ballgown/products/19528304,MILANO FORMALS - AA9332 EMBELLISHED LONG SLEEVE WEDDING BALLGOWN,,810.00
https://www.lookmazing.com/milano-formals-aa9298-strapless-fitted-wedding-dress/products/19528313,MILANO FORMALS - AA9298 STRAPLESS FITTED WEDDING DRESS,,823.00
https://www.lookmazing.com/milano-formals-aa9319-beaded-floral-appliqued-illusion-sheath-gown/products/19528310,MILANO FORMALS - AA9319 BEADED FLORAL APPLIQUED ILLUSION SHEATH GOWN,,873.00
https://www.lookmazing.com/milano-formals-aa9318-lace-scalloped-off-shoulder-wedding-gown/products/19528356,MILANO FORMALS - AA9318 LACE SCALLOPED OFF-SHOULDER WEDDING GOWN,,873.00
https://www.lookmazing.com/milano-formals-aa9313-jewel-accented-strapless-trumpet-gown/products/19528308,MILANO FORMALS - AA9313 JEWEL ACCENTED STRAPLESS TRUMPET GOWN,,873.00
https://www.lookmazing.com/milano-formals-aa9330-embellished-illusion-off-shoulder-wedding-gown/products/19528303,MILANO FORMALS - AA9330 EMBELLISHED ILLUSION OFF-SHOULDER WEDDING GOWN,,873.00
https://www.lookmazing.com/milano-formals-aa9308-embellished-strapless-sweetheart-wedding-gown/products/19528301,MILANO FORMALS - AA9308 EMBELLISHED STRAPLESS SWEETHEART WEDDING GOWN,,873.00
https://www.lookmazing.com/milano-formals-aa9315-bedazzled-sweetheart-wedding-gown/products/19528302,MILANO FORMALS - AA9315 BEDAZZLED SWEETHEART WEDDING GOWN,,873.00
https://www.lookmazing.com/milano-formals-aa9310-illusion-cap-sleeve-jeweled-garland-long-gown/products/19528307,MILANO FORMALS - AA9310 ILLUSION CAP SLEEVE JEWELED GARLAND LONG GOWN,,873.00
https://www.lookmazing.com/milano-formals-aa9304-floral-appliqued-mermaid-wedding-gown/products/19528316,MILANO FORMALS - AA9304 FLORAL APPLIQUED MERMAID WEDDING GOWN,,873.00
https://www.lookmazing.com/milano-formals-aa9312-jeweled-garland-ornate-strapless-trumpet-gown/products/19528306,MILANO FORMALS - AA9312 JEWELED GARLAND ORNATE STRAPLESS TRUMPET GOWN,,873.00
https://www.lookmazing.com/milano-formals-aa9320-strapless-sweetheart-jeweled-applique-gown/products/19528305,MILANO FORMALS - AA9320 STRAPLESS SWEETHEART JEWELED APPLIQUE GOWN,,923.00
https://www.lookmazing.com/milano-formals-aa9317-bead-crusted-cap-sleeve-scoop-back-gown/products/19528309,MILANO FORMALS - AA9317 BEAD CRUSTED CAP SLEEVE SCOOP BACK GOWN,,923.00
https://www.lookmazing.com/milano-formals-aa9301-embellished-trumpet-wedding-dress/products/19528315,MILANO FORMALS - AA9301 EMBELLISHED TRUMPET WEDDING DRESS,,973.00
https://www.lookmazing.com/milano-formals-aa9309-appliqued-v-neck-wedding-gown/products/19528319,MILANO FORMALS - AA9309 APPLIQUED V NECK WEDDING GOWN,,998.00
https://www.lookmazing.com/milano-formals-aa9311-beaded-sleeveless-wedding-gown/products/19528321,MILANO FORMALS - AA9311 BEADED SLEEVELESS WEDDING GOWN,,1248.00
https://www.lookmazing.com/ermenegildo-zegna-milano-formal-suit/products/14372996,ERMENEGILDO ZEGNA 'MILANO' FORMAL SUIT,,2566.16
