product link,title,Discounted price,Original price,code
https://www.lookmazing.com/milano-formals-e1940-illusion-halter-two-piece-gown-in-gun-metal/products/17847305,MILANO FORMALS - E1940 ILLUSION HALTER TWO-PIECE GOWN IN GUN METAL,89.0,298.0,E1940
https://www.lookmazing.com/milano-formals-strapless-pleated-bodice-corset-long-dress-e1420/products/15828863,MILANO FORMALS - STRAPLESS PLEATED BODICE CORSET LONG DRESS E1420,,118.0,E1420
https://www.lookmazing.com/milano-formals-sleeveless-sweetheart-neckline-with-one-shoulder-strap-gown-e1502/products/15828866,MILANO FORMALS - SLEEVELESS SWEETHEART NECKLINE WITH ONE SHOULDER STRAP GOWN E1502,,118.0,E1502
https://www.lookmazing.com/milano-formals-strapless-sweetheart-long-gown-with-vertical-ruched-bust-e1696/products/15828890,MILANO FORMALS - STRAPLESS SWEETHEART LONG GOWN WITH VERTICAL RUCHED BUST E1696,,118.0,E1696
https://www.lookmazing.com/milano-formals-strapless-pleated-bodice-corset-long-dress-e1421/products/19426182,MILANO FORMALS - STRAPLESS PLEATED BODICE CORSET LONG DRESS E1421,,118.0,E1421
https://www.lookmazing.com/milano-formals-strapless-sweetheart-ruched-bodice-a-line-chiffon-long-gown-e1582/products/15828881,MILANO FORMALS - STRAPLESS SWEETHEART RUCHED BODICE A-LINE CHIFFON LONG GOWN E1582,,118.0,E1582
https://www.lookmazing.com/milano-formals-e1452-homecoming-dress/products/15695035,MILANO FORMALS - E1452 HOMECOMING DRESS,,118.0,E1452
https://www.lookmazing.com/milano-formals-one-shoulder-shirred-chiffon-goddess-long-dress-e1420/products/15828861,MILANO FORMALS - ONE SHOULDER SHIRRED CHIFFON GODDESS LONG DRESS E1420,,118.0,E1420
https://www.lookmazing.com/milano-formals-e1436-bridesmaid-dress/products/15679288,MILANO FORMALS - E1436 BRIDESMAID DRESS,,120.0,E1436
https://www.lookmazing.com/milano-formals-strapless-sweetheart-laced-short-dress-e2076/products/15828950,MILANO FORMALS - STRAPLESS SWEETHEART LACED SHORT DRESS E2076,,128.0,E2076
https://www.lookmazing.com/milano-formals-ruched-fitted-cocktail-dress-e2081/products/15829133,MILANO FORMALS - RUCHED FITTED COCKTAIL DRESS E2081,,128.0,E2081
https://www.lookmazing.com/milano-formals-one-shoulder-asymmetrical-ruched-chiffon-bodice-long-gown-e1729/products/15828892,MILANO FORMALS - ONE SHOULDER ASYMMETRICAL RUCHED CHIFFON BODICE LONG GOWN E1729,,138.0,E1729
https://www.lookmazing.com/milano-formals-e2231-floral-print-a-line-party-dress/products/17437227,MILANO FORMALS - E2231 FLORAL PRINT A-LINE PARTY DRESS,,138.0,E2231
https://www.lookmazing.com/milano-formals-elegant-scoop-neck-a-line-dress-e1827/products/15828907,MILANO FORMALS - ELEGANT SCOOP NECK A-LINE DRESS E1827,,138.0,E1827
https://www.lookmazing.com/milano-formals-e2282-two-piece-printed-party-dress/products/17437218,MILANO FORMALS - E2282 TWO-PIECE PRINTED PARTY DRESS,,148.0,E2282
https://www.lookmazing.com/milano-formals-lace-mesh-sleeved-gown-dress-e2084/products/15829142,MILANO FORMALS - LACE MESH Â¾ SLEEVED GOWN DRESS E2084,,148.0,E2084
https://www.lookmazing.com/milano-formals-floral-mikado-cocktail-dress-e2028/products/15829029,MILANO FORMALS - FLORAL MIKADO COCKTAIL DRESS E2028,,148.0,E2028
https://www.lookmazing.com/milano-formals-three-quarter-sleeves-illusion-satin-cocktail-dress-e2088/products/15855695,MILANO FORMALS - THREE-QUARTER SLEEVES ILLUSION SATIN COCKTAIL DRESS E2088,,148.0,E2088
https://www.lookmazing.com/milano-formals-e2281-two-piece-strapless-party-dress/products/17437216,MILANO FORMALS - E2281 TWO-PIECE STRAPLESS PARTY DRESS,,148.0,E2281
https://www.lookmazing.com/milano-formals-e2225-sleeveless-v-neck-bare-midriff-cocktail-dress/products/18941760,MILANO FORMALS - E2225 SLEEVELESS V-NECK BARE MIDRIFF COCKTAIL DRESS,,148.0,E2225
https://www.lookmazing.com/milano-formals-sleeveless-scoop-neck-beaded-cocktail-dress-e2040/products/15829062,MILANO FORMALS - SLEEVELESS SCOOP NECK BEADED COCKTAIL DRESS E2040,,148.0,E2040
https://www.lookmazing.com/milano-formals-e2243-printed-deep-v-neck-a-line-dress/products/17423441,MILANO FORMALS - E2243 PRINTED DEEP V-NECK A-LINE DRESS,,148.0,E2243
https://www.lookmazing.com/milano-formals-e1940-two-piece-embellished-a-line-gown/products/17507542,MILANO FORMALS - E1940 TWO-PIECE EMBELLISHED A-LINE GOWN,209.0,298.0,E1940
https://www.lookmazing.com/milano-formals-e1412-bridesmaid-dress/products/15679286,MILANO FORMALS - E1412 BRIDESMAID DRESS,,150.0,E1412
https://www.lookmazing.com/milano-formals-strapless-chiffon-short-dress-with-flower-accent-e1379/products/15828852,MILANO FORMALS - STRAPLESS CHIFFON SHORT DRESS WITH FLOWER ACCENT E1379,,156.0,E1379
https://www.lookmazing.com/milano-formals-long-empire-waist-spaghetti-strap-gown-f1116/products/15828826,MILANO FORMALS - LONG EMPIRE WAIST SPAGHETTI STRAP GOWN F1116,,156.0,F1116
https://www.lookmazing.com/milano-formals-e1385-bridesmaid-dress/products/15694996,MILANO FORMALS - E1385 BRIDESMAID DRESS,,156.0,E1385
https://www.lookmazing.com/milano-formals-e1391-bridesmaid-dress/products/15695000,MILANO FORMALS - E1391 BRIDESMAID DRESS,,156.0,E1391
https://www.lookmazing.com/milano-formals-e1371-short-dress/products/17242443,MILANO FORMALS - E1371 SHORT DRESS,,156.0,E1371
https://www.lookmazing.com/milano-formals-strapless-pleated-long-satin-a-line-gown-b8865/products/15828829,MILANO FORMALS - STRAPLESS PLEATED LONG SATIN A-LINE GOWN B8865,,156.0,B8865
https://www.lookmazing.com/milano-formals-off-shoulder-ruched-a-line-chiffon-gown-e1260/products/15828855,MILANO FORMALS - OFF-SHOULDER RUCHED A LINE CHIFFON GOWN E1260,,156.0,E1260
https://www.lookmazing.com/milano-formals-strapless-sweetheart-pleated-bodice-short-dress-e1264/products/15828834,MILANO FORMALS - STRAPLESS SWEETHEART PLEATED BODICE SHORT DRESS E1264,,156.0,E1264
https://www.lookmazing.com/milano-formals-e1386-bridesmaid-dress/products/17242428,MILANO FORMALS - E1386 BRIDESMAID DRESS,,156.0,E1386
https://www.lookmazing.com/milano-formals-ribbon-applique-semi-sweetheart-satin-dress-e1285/products/15828858,MILANO FORMALS - RIBBON APPLIQUE SEMI-SWEETHEART SATIN DRESS E1285,,156.0,E1285
https://www.lookmazing.com/milano-formals-spaghetti-strap-chiffon-long-gown-f570/products/15828823,MILANO FORMALS - SPAGHETTI STRAP CHIFFON LONG GOWN F570,,156.0,F570
https://www.lookmazing.com/milano-formals-strapless-sweetheart-neckline-pleated-chiffon-cocktail-dress-e1573/products/15828876,MILANO FORMALS - STRAPLESS SWEETHEART NECKLINE PLEATED CHIFFON COCKTAIL DRESS E1573,,156.0,E1573
https://www.lookmazing.com/milano-formals-b8808-strapless-embroidered-a-line-gown/products/18366059,MILANO FORMALS - B8808 STRAPLESS EMBROIDERED A-LINE GOWN,,158.0,B8808
https://www.lookmazing.com/milano-formals-e1381-prom-dress/products/15679293,MILANO FORMALS - E1381 PROM DRESS,,158.0,E1381
https://www.lookmazing.com/milano-formals-strapless-sweetheart-ruched-chiffon-dress-e1531/products/15828870,MILANO FORMALS - STRAPLESS SWEETHEART RUCHED CHIFFON DRESS E1531,,158.0,E1531
https://www.lookmazing.com/milano-formals-e1347-strapless-pleated-starburst-short-dress/products/18366064,MILANO FORMALS - E1347 STRAPLESS PLEATED STARBURST SHORT DRESS,,158.0,E1347
https://www.lookmazing.com/milano-formals-strapless-sweetheart-neckline-twisted-ruched-body-long-dress-e1657/products/15828886,MILANO FORMALS - STRAPLESS SWEETHEART NECKLINE TWISTED RUCHED BODY LONG DRESS E1657,,158.0,E1657
https://www.lookmazing.com/milano-formals-e1342-prom-dress/products/15679298,MILANO FORMALS - E1342 PROM DRESS,,158.0,E1342
https://www.lookmazing.com/milano-formals-aa222-off-shoulder-chiffon-a-line-wedding-gown/products/19528327,MILANO FORMALS - AA222 OFF-SHOULDER CHIFFON A-LINE WEDDING GOWN,,173.0,AA222
https://www.lookmazing.com/milano-formals-aa221-rosette-one-shoulder-strap-ruched-dress/products/19528314,MILANO FORMALS - AA221 ROSETTE ONE SHOULDER STRAP RUCHED DRESS,,173.0,AA221
https://www.lookmazing.com/milano-formals-aa219-strapless-straight-across-chiffon-wedding-gown/products/19528324,MILANO FORMALS - AA219 STRAPLESS STRAIGHT ACROSS CHIFFON WEDDING GOWN,,173.0,AA219
https://www.lookmazing.com/milano-formals-e1472-short-dress/products/15695024,MILANO FORMALS - E1472 SHORT DRESS,,178.0,E1472
https://www.lookmazing.com/milano-formals-sleeveless-high-neck-ruched-bodice-long-dress-e2086/products/15828982,MILANO FORMALS - SLEEVELESS HIGH NECK RUCHED BODICE LONG DRESS E2086,,178.0,E2086
https://www.lookmazing.com/milano-formals-lace-illusion-evening-dress-e2079/products/15829127,MILANO FORMALS - LACE ILLUSION EVENING DRESS E2079,,178.0,E2079
https://www.lookmazing.com/milano-formals-e1322-prom-dress/products/15695054,MILANO FORMALS - E1322 PROM DRESS,,178.0,E1322
https://www.lookmazing.com/milano-formals-lace-sweetheart-long-evening-gown-e2085/products/15829145,MILANO FORMALS - LACE SWEETHEART LONG EVENING GOWN E2085,,178.0,E2085
https://www.lookmazing.com/milano-formals-e1344-prom-dress/products/15679308,MILANO FORMALS - E1344 PROM DRESS,,178.0,E1344
https://www.lookmazing.com/milano-formals-sleeveless-lace-embellished-scoop-neck-long-a-line-dress-e2053/products/15828915,MILANO FORMALS - SLEEVELESS LACE EMBELLISHED SCOOP NECK LONG A-LINE DRESS E2053,,178.0,E2053
https://www.lookmazing.com/milano-formals-e1396-prom-dress/products/15679309,MILANO FORMALS - E1396 PROM DRESS,,178.0,E1396
https://www.lookmazing.com/milano-formals-e1327-prom-dress/products/15695078,MILANO FORMALS - E1327 PROM DRESS,,178.0,E1327
https://www.lookmazing.com/milano-formals-black-halter-evening-gown-dress-e2082/products/15829137,MILANO FORMALS - BLACK HALTER EVENING GOWN DRESS E2082,,178.0,E2082
https://www.lookmazing.com/milano-formals-e1448-prom-dress/products/15679290,MILANO FORMALS - E1448 PROM DRESS,,178.0,E1448
https://www.lookmazing.com/milano-formals-e1333-prom-dress/products/15695066,MILANO FORMALS - E1333 PROM DRESS,,178.0,E1333
https://www.lookmazing.com/milano-formals-sleeveless-bateau-neck-laced-embellished-bodice-long-dress-e2087/products/15828986,MILANO FORMALS - SLEEVELESS BATEAU NECK LACED EMBELLISHED BODICE LONG DRESS E2087,,178.0,E2087
https://www.lookmazing.com/milano-formals-sleeveless-v-neckline-wrap-mini-dress-with-ruffles-e1663/products/15828888,MILANO FORMALS - SLEEVELESS V NECKLINE WRAP MINI DRESS WITH RUFFLES E1663,,196.0,E1663
https://www.lookmazing.com/milano-formals-halter-straps-shirred-long-gown-e1168/products/15828846,MILANO FORMALS - HALTER STRAPS SHIRRED LONG GOWN E1168,,196.0,E1168
https://www.lookmazing.com/milano-formals-sleeveless-sweetheart-pleated-chiffon-mini-dress-e1544/products/15828873,MILANO FORMALS - SLEEVELESS SWEETHEART PLEATED CHIFFON MINI DRESS E1544,,196.0,E1544
https://www.lookmazing.com/milano-formals-b8608-bridesmaid-dress/products/17242442,MILANO FORMALS - B8608 BRIDESMAID DRESS,,196.0,B8608
https://www.lookmazing.com/milano-formals-strapless-sweetheart-neckline-ruched-mini-dress-e1546/products/15828875,MILANO FORMALS - STRAPLESS SWEETHEART NECKLINE RUCHED MINI DRESS E1546,,196.0,E1546
https://www.lookmazing.com/milano-formals-one-shoulder-asymmetrical-ruched-chiffon-bodice-cocktail-dress-e1730/products/17242451,MILANO FORMALS - ONE SHOULDER ASYMMETRICAL RUCHED CHIFFON BODICE COCKTAIL DRESS E1730,,196.0,E1730
https://www.lookmazing.com/milano-formals-floral-strap-asymmetrical-long-gown-e1340/products/15828842,MILANO FORMALS - FLORAL STRAP ASYMMETRICAL LONG GOWN E1340,,196.0,E1340
https://www.lookmazing.com/milano-formals-b8621-bridesmaid-dress/products/15679297,MILANO FORMALS - B8621 BRIDESMAID DRESS,,196.0,B8621
https://www.lookmazing.com/milano-formals-strapless-wrapped-bejeweled-long-gown-e1799/products/15828893,MILANO FORMALS - STRAPLESS WRAPPED BEJEWELED LONG GOWN E1799,,196.0,E1799
https://www.lookmazing.com/milano-formals-strapless-semi-sweetheart-ruched-beaded-long-dress-e1295/products/15828898,MILANO FORMALS - STRAPLESS SEMI SWEETHEART RUCHED BEADED LONG DRESS E1295,,196.0,E1295
https://www.lookmazing.com/milano-formals-e1387-bridesmaid-dress/products/17242429,MILANO FORMALS - E1387 BRIDESMAID DRESS,,196.0,E1387
https://www.lookmazing.com/milano-formals-spaghetti-straps-ruched-glossy-satin-long-dress-e1013/products/15828854,MILANO FORMALS - SPAGHETTI STRAPS RUCHED GLOSSY SATIN LONG DRESS E1013,,196.0,E1013
https://www.lookmazing.com/milano-formals-e1348-prom-dress/products/15695069,MILANO FORMALS - E1348 PROM DRESS,,196.0,E1348
https://www.lookmazing.com/milano-formals-one-shoulder-asymmetric-chiffon-mini-dress-e1581/products/15828878,MILANO FORMALS - ONE-SHOULDER ASYMMETRIC CHIFFON MINI DRESS E1581,,196.0,E1581
https://www.lookmazing.com/milano-formals-empire-waist-strappy-long-gown-b8998/products/15828837,MILANO FORMALS - EMPIRE WAIST STRAPPY LONG GOWN B8998,,196.0,B8998
https://www.lookmazing.com/milano-formals-sleeveless-cowl-neck-flare-short-dress-e1520/products/15828867,MILANO FORMALS - SLEEVELESS COWL NECK FLARE SHORT DRESS E1520,,196.0,E1520
https://www.lookmazing.com/milano-formals-e1439-bridesmaid-dress/products/17242431,MILANO FORMALS - E1439 BRIDESMAID DRESS,,196.0,E1439
https://www.lookmazing.com/milano-formals-e2204-strapless-floral-appliqued-dress/products/17437180,MILANO FORMALS - E2204 STRAPLESS FLORAL APPLIQUED DRESS,,198.0,E2204
https://www.lookmazing.com/milano-formals-e2434-high-halter-neck-floral-a-line-gown/products/18439430,MILANO FORMALS - E2434 HIGH HALTER NECK FLORAL A-LINE GOWN,,198.0,E2434
https://www.lookmazing.com/milano-formals-e2244-embroidered-deep-v-neck-a-line-dress/products/17423443,MILANO FORMALS - E2244 EMBROIDERED DEEP V-NECK A-LINE DRESS,,198.0,E2244
https://www.lookmazing.com/milano-formals-e2262-beaded-scoop-neck-sheath-dress/products/17437206,MILANO FORMALS - E2262 BEADED SCOOP NECK SHEATH DRESS,,198.0,E2262
https://www.lookmazing.com/milano-formals-fitted-jersey-sheath-evening-gown-e2101/products/15855700,MILANO FORMALS - FITTED JERSEY SHEATH EVENING GOWN E2101,,198.0,E2101
https://www.lookmazing.com/milano-formals-e2389-embellished-deep-v-neck-sheath-dress/products/18418316,MILANO FORMALS - E2389 EMBELLISHED DEEP V-NECK SHEATH DRESS,,198.0,E2389
https://www.lookmazing.com/milano-formals-embellished-cut-out-evening-dress-e2080/products/15829130,MILANO FORMALS - EMBELLISHED CUT OUT EVENING DRESS E2080,,198.0,E2080
https://www.lookmazing.com/milano-formals-e1510-asymmetric-bejeweled-cocktail-dress/products/18941772,MILANO FORMALS - E1510 ASYMMETRIC BEJEWELED COCKTAIL DRESS,,198.0,E1510
https://www.lookmazing.com/milano-formals-e2334-halter-glitter-printed-open-back-evening-gown/products/18439444,MILANO FORMALS - E2334 HALTER GLITTER PRINTED OPEN BACK EVENING GOWN,,198.0,E2334
https://www.lookmazing.com/milano-formals-e2328-off-shoulder-sheer-striped-overskirt-jumpsuit/products/18418309,MILANO FORMALS - E2328 OFF SHOULDER SHEER STRIPED OVERSKIRT JUMPSUIT,,198.0,E2328
https://www.lookmazing.com/milano-formals-e1319-prom-dress/products/15695051,MILANO FORMALS - E1319 PROM DRESS,,198.0,E1319
https://www.lookmazing.com/milano-formals-e2106-one-shoulder-beaded-dress-with-tulle-overlay/products/18185788,MILANO FORMALS - E2106 ONE SHOULDER BEADED DRESS WITH TULLE OVERLAY,,198.0,E2106
https://www.lookmazing.com/milano-formals-lace-crop-top-black-cocktail-dress-e2061/products/15829087,MILANO FORMALS - LACE CROP TOP BLACK COCKTAIL DRESS E2061,,198.0,E2061
https://www.lookmazing.com/milano-formals-e2327-beaded-illusion-panel-shimmer-sheath-gown/products/18418308,MILANO FORMALS - E2327 BEADED ILLUSION PANEL SHIMMER SHEATH GOWN,,198.0,E2327
https://www.lookmazing.com/milano-formals-e1538-strapless-beaded-empire-evening-gown/products/18366063,MILANO FORMALS - E1538 STRAPLESS BEADED EMPIRE EVENING GOWN,,198.0,E1538
https://www.lookmazing.com/milano-formals-e1424-cocktail-dress/products/15679295,MILANO FORMALS - E1424 COCKTAIL DRESS,,198.0,E1424
https://www.lookmazing.com/milano-formals-e1438-short-dress/products/15679300,MILANO FORMALS - E1438 SHORT DRESS,,198.0,E1438
https://www.lookmazing.com/milano-formals-sleeveless-beaded-scoop-neck-cocktail-dress-e2041/products/15829064,MILANO FORMALS - SLEEVELESS BEADED SCOOP NECK COCKTAIL DRESS E2041,,198.0,E2041
https://www.lookmazing.com/milano-formals-e2245-beaded-deep-v-neck-dress/products/17437185,MILANO FORMALS - E2245 BEADED DEEP V-NECK DRESS,,198.0,E2245
https://www.lookmazing.com/milano-formals-e2280-scoop-neck-floral-beaded-short-dress/products/18941761,MILANO FORMALS - E2280 SCOOP NECK FLORAL BEADED SHORT DRESS,,198.0,E2280
https://www.lookmazing.com/milano-formals-e1428-prom-dress/products/15679289,MILANO FORMALS - E1428 PROM DRESS,,198.0,E1428
https://www.lookmazing.com/milano-formals-e2356-beaded-floral-printed-evening-dress/products/18418312,MILANO FORMALS - E2356 BEADED FLORAL PRINTED EVENING DRESS,,198.0,E2356
https://www.lookmazing.com/milano-formals-e2366-sleeveless-scoop-cutout-net-a-line-dress/products/18439447,MILANO FORMALS - E2366 SLEEVELESS SCOOP CUTOUT NET A-LINE DRESS,,198.0,E2366
https://www.lookmazing.com/milano-formals-e2279-strappy-cutout-glitter-prom-dress/products/18439438,MILANO FORMALS - E2279 STRAPPY CUTOUT GLITTER PROM DRESS,,198.0,E2279
https://www.lookmazing.com/milano-formals-e2385-fitted-jewel-chiffon-evening-dress/products/18418315,MILANO FORMALS - E2385 FITTED JEWEL CHIFFON EVENING DRESS,,198.0,E2385
https://www.lookmazing.com/milano-formals-e2336-sequined-off-shoulder-fitted-gown/products/18429898,MILANO FORMALS - E2336 SEQUINED OFF SHOULDER FITTED GOWN,,198.0,E2336
https://www.lookmazing.com/milano-formals-e2241-floral-high-halter-sheer-overskirt-lace-gown/products/18408178,MILANO FORMALS - E2241 FLORAL HIGH HALTER SHEER OVERSKIRT LACE GOWN,,198.0,E2241
https://www.lookmazing.com/milano-formals-e2292-spaghetti-strap-jacquard-short-dress/products/17437223,MILANO FORMALS - E2292 SPAGHETTI STRAP JACQUARD SHORT DRESS,,198.0,E2292
https://www.lookmazing.com/milano-formals-strapless-sweetheart-evening-gown-e2102/products/15855701,MILANO FORMALS - STRAPLESS SWEETHEART EVENING GOWN E2102,,198.0,E2102
https://www.lookmazing.com/milano-formals-sleeveless-deep-v-neck-floral-printed-long-a-line-dress-e2160/products/15828998,MILANO FORMALS - SLEEVELESS DEEP V-NECK FLORAL PRINTED LONG A-LINE DRESS E2160,,198.0,E2160
https://www.lookmazing.com/milano-formals-e2436-off-shoulder-floral-print-a-line-gown/products/18439432,MILANO FORMALS - E2436 OFF-SHOULDER FLORAL PRINT A-LINE GOWN,,198.0,E2436
https://www.lookmazing.com/milano-formals-e1579-long-dresses/products/15695071,MILANO FORMALS - E1579 LONG DRESSES,,198.0,E1579
https://www.lookmazing.com/milano-formals-bateau-neck-capped-sleeves-fit-and-flare-side-slit-long-dress-e2136/products/15828919,MILANO FORMALS - BATEAU NECK CAPPED SLEEVES FIT AND FLARE SIDE SLIT LONG DRESS E2136,,198.0,E2136
https://www.lookmazing.com/milano-formals-e1378-cocktail-dress/products/15679292,MILANO FORMALS - E1378 COCKTAIL DRESS,,198.0,E1378
https://www.lookmazing.com/milano-formals-e2360-floral-printed-off-shoulder-evening-dress/products/18418313,MILANO FORMALS - E2360 FLORAL PRINTED OFF SHOULDER EVENING DRESS,,198.0,E2360
https://www.lookmazing.com/milano-formals-e2291-sleeveless-gilded-cocktail-dress/products/17437220,MILANO FORMALS - E2291 SLEEVELESS GILDED COCKTAIL DRESS,,198.0,E2291
https://www.lookmazing.com/milano-formals-sleeveless-halter-neck-long-floral-a-line-dress-e2161/products/15829017,MILANO FORMALS - SLEEVELESS HALTER NECK LONG FLORAL A-LINE DRESS E2161,,198.0,E2161
https://www.lookmazing.com/milano-formals-e2437-off-shoulder-two-piece-mermaid-gown/products/18439433,MILANO FORMALS - E2437 OFF-SHOULDER TWO-PIECE MERMAID GOWN,,198.0,E2437
https://www.lookmazing.com/milano-formals-embroidered-cut-out-a-line-cocktail-dress-e2059/products/15829080,MILANO FORMALS - EMBROIDERED CUT OUT A-LINE COCKTAIL DRESS E2059,,198.0,E2059
https://www.lookmazing.com/milano-formals-e2346-lace-appliqued-mermaid-gown/products/18429902,MILANO FORMALS - E2346 LACE APPLIQUED MERMAID GOWN,,198.0,E2346
https://www.lookmazing.com/milano-formals-e2433-high-halter-neck-floral-mermaid-gown/products/18439429,MILANO FORMALS - E2433 HIGH HALTER NECK FLORAL MERMAID GOWN,,198.0,E2433
https://www.lookmazing.com/milano-formals-e2333-fitted-plunging-slit-dress/products/18418310,MILANO FORMALS - E2333 FITTED PLUNGING SLIT DRESS,,198.0,E2333
https://www.lookmazing.com/milano-formals-sleeveless-high-neck-lace-embellished-bodice-fit-and-flare-long-dress-e2121/products/15828917,MILANO FORMALS - SLEEVELESS HIGH NECK LACE EMBELLISHED BODICE FIT AND FLARE LONG DRESS E2121,,198.0,E2121
https://www.lookmazing.com/milano-formals-b9000-ruched-sweetheart-sash-accented-gown/products/18366061,MILANO FORMALS - B9000 RUCHED SWEETHEART SASH ACCENTED GOWN,,198.0,B9000
https://www.lookmazing.com/milano-formals-cap-sleeve-bateau-neck-multi-colored-floral-long-dress-e2162/products/15829002,MILANO FORMALS - CAP SLEEVE BATEAU NECK MULTI-COLORED FLORAL LONG DRESS E2162,,198.0,E2162
https://www.lookmazing.com/milano-formals-strapless-ruched-crisscross-long-gown-e1270/products/15828850,MILANO FORMALS - STRAPLESS RUCHED CRISSCROSS LONG GOWN E1270,,200.0,E1270
https://www.lookmazing.com/milano-formals-sparkling-midnight-jersey-tube-dress-e1778/products/15855728,MILANO FORMALS - SPARKLING MIDNIGHT JERSEY TUBE DRESS E1778,,218.0,E1778
https://www.lookmazing.com/milano-formals-scooped-neck-beaded-laced-illusion-bodice-short-dress-e1844/products/15828930,MILANO FORMALS - SCOOPED NECK BEADED LACED ILLUSION BODICE SHORT DRESS E1844,,218.0,E1844
https://www.lookmazing.com/milano-formals-e1354-prom-dress/products/15679291,MILANO FORMALS - E1354 PROM DRESS,,236.0,E1354
https://www.lookmazing.com/milano-formals-b8472-bridesmaid-dress/products/17242422,MILANO FORMALS - B8472 BRIDESMAID DRESS,,236.0,B8472
https://www.lookmazing.com/milano-formals-e1422-short-dress/products/17242449,MILANO FORMALS - E1422 SHORT DRESS,,236.0,E1422
https://www.lookmazing.com/milano-formals-off-shoulder-ruched-bodice-long-a-line-dress-e2046/products/15828947,MILANO FORMALS - OFF SHOULDER RUCHED BODICE LONG A-LINE DRESS E2046,,238.0,E2046
https://www.lookmazing.com/milano-formals-two-piece-sheer-crop-top-evening-gown-e2148/products/15855716,MILANO FORMALS - TWO-PIECE SHEER CROP TOP EVENING GOWN E2148,,248.0,E2148
https://www.lookmazing.com/milano-formals-full-laced-mint-cocktail-dress-e1983/products/15860245,MILANO FORMALS - FULL LACED MINT COCKTAIL DRESS E1983,,248.0,E1983
https://www.lookmazing.com/milano-formals-e2426-beaded-high-neck-mikado-mermaid-gown/products/18439425,MILANO FORMALS - E2426 BEADED HIGH NECK MIKADO MERMAID GOWN,,248.0,E2426
https://www.lookmazing.com/milano-formals-e2335-beaded-illusion-halter-slit-dress/products/18429897,MILANO FORMALS - E2335 BEADED ILLUSION HALTER SLIT DRESS,,248.0,E2335
https://www.lookmazing.com/milano-formals-e2254-sequined-illusion-bateau-sheath-dress/products/17437196,MILANO FORMALS - E2254 SEQUINED ILLUSION BATEAU SHEATH DRESS,,248.0,E2254
https://www.lookmazing.com/milano-formals-e2394-print-off-shoulder-a-line-dress/products/18418317,MILANO FORMALS - E2394 PRINT OFF SHOULDER A-LINE DRESS,,248.0,E2394
https://www.lookmazing.com/milano-formals-e2269-sleeveless-sheer-beaded-short-dress/products/17437208,MILANO FORMALS - E2269 SLEEVELESS SHEER BEADED SHORT DRESS,,248.0,E2269
https://www.lookmazing.com/milano-formals-e2252-beaded-illusion-jewel-sheath-dress/products/17437191,MILANO FORMALS - E2252 BEADED ILLUSION JEWEL SHEATH DRESS,,248.0,E2252
https://www.lookmazing.com/milano-formals-bejeweled-taffeta-illusion-cocktail-dress-e2027/products/15829024,MILANO FORMALS - BEJEWELED TAFFETA ILLUSION COCKTAIL DRESS E2027,,248.0,E2027
https://www.lookmazing.com/milano-formals-sequined-sleeveless-bateau-neck-illusion-bodice-cocktail-dress-e2030/products/15828976,MILANO FORMALS - SEQUINED SLEEVELESS BATEAU NECK ILLUSION BODICE COCKTAIL DRESS E2030,,248.0,E2030
https://www.lookmazing.com/milano-formals-decorative-mesh-evening-gown-e2072/products/15829109,MILANO FORMALS - DECORATIVE MESH EVENING GOWN E2072,,248.0,E2072
https://www.lookmazing.com/milano-formals-e2431-halter-neck-sequined-sheath-gown/products/18439428,MILANO FORMALS - E2431 HALTER NECK SEQUINED SHEATH GOWN,,248.0,E2431
https://www.lookmazing.com/milano-formals-graphic-rhinestone-embellished-cocktail-dress-e2050/products/15829075,MILANO FORMALS - GRAPHIC RHINESTONE EMBELLISHED COCKTAIL DRESS E2050,,248.0,E2050
https://www.lookmazing.com/milano-formals-e2430-sequin-off-shoulder-sheath-dress/products/18418321,MILANO FORMALS - E2430 SEQUIN OFF SHOULDER SHEATH DRESS,,248.0,E2430
https://www.lookmazing.com/milano-formals-e2213-sleeveless-embellished-sheer-lace-dress/products/18941758,MILANO FORMALS - E2213 SLEEVELESS EMBELLISHED SHEER LACE DRESS,,248.0,E2213
https://www.lookmazing.com/milano-formals-e2251-beaded-illusion-jewel-dress/products/17437188,MILANO FORMALS - E2251 BEADED ILLUSION JEWEL DRESS,,248.0,E2251
https://www.lookmazing.com/milano-formals-sleeveless-beaded-high-neck-cocktail-dress-e2036/products/15829048,MILANO FORMALS - SLEEVELESS BEADED HIGH NECK COCKTAIL DRESS E2036,,248.0,E2036
https://www.lookmazing.com/milano-formals-origami-mikado-evening-gown-e2018/products/15855690,MILANO FORMALS - ORIGAMI MIKADO EVENING GOWN E2018,,248.0,E2018
https://www.lookmazing.com/milano-formals-e2344-sequined-scoop-fitted-evening-dress/products/18429900,MILANO FORMALS - E2344 SEQUINED SCOOP FITTED EVENING DRESS,,248.0,E2344
https://www.lookmazing.com/milano-formals-e2210-beaded-illusion-panel-dress/products/17453200,MILANO FORMALS - E2210 BEADED ILLUSION PANEL DRESS,,248.0,E2210
https://www.lookmazing.com/milano-formals-cap-sleeve-jewel-neck-fit-and-flare-long-dress-e2109/products/15828989,MILANO FORMALS - CAP SLEEVE JEWEL NECK FIT AND FLARE LONG DRESS E2109,,248.0,E2109
https://www.lookmazing.com/milano-formals-e2448-embellished-high-halter-sheath-dress/products/18418323,MILANO FORMALS - E2448 EMBELLISHED HIGH HALTER SHEATH DRESS,,248.0,E2448
https://www.lookmazing.com/milano-formals-e2257-sequined-sweetheart-sheath-dress/products/17437201,MILANO FORMALS - E2257 SEQUINED SWEETHEART SHEATH DRESS,,248.0,E2257
https://www.lookmazing.com/milano-formals-e2256-sequined-illusion-jewel-sheath-cocktail-dress/products/17437200,MILANO FORMALS - E2256 SEQUINED ILLUSION JEWEL SHEATH COCKTAIL DRESS,,248.0,E2256
https://www.lookmazing.com/milano-formals-two-piece-beaded-halter-chiffon-cocktail-dress-e2078/products/15829123,MILANO FORMALS - TWO-PIECE BEADED HALTER CHIFFON COCKTAIL DRESS E2078,,248.0,E2078
https://www.lookmazing.com/milano-formals-two-piece-beaded-crop-top-cocktail-dress-e2075/products/15829116,MILANO FORMALS - TWO-PIECE BEADED CROP TOP COCKTAIL DRESS E2075,,248.0,E2075
https://www.lookmazing.com/milano-formals-e2258-sleeveless-scoop-fringed-dress/products/17437203,MILANO FORMALS - E2258 SLEEVELESS SCOOP FRINGED DRESS,,248.0,E2258
https://www.lookmazing.com/milano-formals-bedazzled-halter-neck-cutout-bodice-long-dress-e2107/products/15828960,MILANO FORMALS - BEDAZZLED HALTER NECK CUTOUT BODICE LONG DRESS E2107,,248.0,E2107
https://www.lookmazing.com/milano-formals-e2405-sequin-high-halter-sheath-dress/products/18418319,MILANO FORMALS - E2405 SEQUIN HIGH HALTER SHEATH DRESS,,248.0,E2405
https://www.lookmazing.com/milano-formals-aa9270-satin-a-line-sleeveless-wedding-dress/products/19528296,MILANO FORMALS - AA9270 SATIN A-LINE SLEEVELESS WEDDING DRESS,,248.0,AA9270
https://www.lookmazing.com/milano-formals-quirky-cutout-cocktail-dress-e1986/products/15860254,MILANO FORMALS - QUIRKY CUTOUT COCKTAIL DRESS E1986,,248.0,E1986
https://www.lookmazing.com/milano-formals-e2227-beaded-sweetheart-sheath-dress/products/17423440,MILANO FORMALS - E2227 BEADED SWEETHEART SHEATH DRESS,,248.0,E2227
https://www.lookmazing.com/milano-formals-sleeveless-scoop-neck-laced-embellished-fit-and-flare-long-dess-e2042/products/15829065,MILANO FORMALS - SLEEVELESS SCOOP NECK LACED EMBELLISHED FIT AND FLARE LONG DESS E2042,,248.0,E2042
https://www.lookmazing.com/milano-formals-e2255-sleeveless-beaded-halter-a-line-cocktail-dress/products/17437198,MILANO FORMALS - E2255 SLEEVELESS BEADED HALTER A-LINE COCKTAIL DRESS,,248.0,E2255
https://www.lookmazing.com/milano-formals-e2276-sleeveless-gilded-beaded-short-dress/products/17437213,MILANO FORMALS - E2276 SLEEVELESS GILDED BEADED SHORT DRESS,,248.0,E2276
https://www.lookmazing.com/milano-formals-e2296-embellished-off-shoulder-tiered-ballgown/products/18418329,MILANO FORMALS - E2296 EMBELLISHED OFF-SHOULDER TIERED BALLGOWN,,248.0,E2296
https://www.lookmazing.com/milano-formals-e2428-beaded-high-neck-two-piece-sheath-gown/products/18439427,MILANO FORMALS - E2428 BEADED HIGH NECK TWO-PIECE SHEATH GOWN,,248.0,E2428
https://www.lookmazing.com/milano-formals-e2340-sleeveless-floral-tea-length-cocktail-dress/products/18439449,MILANO FORMALS - E2340 SLEEVELESS FLORAL TEA LENGTH COCKTAIL DRESS,,248.0,E2340
https://www.lookmazing.com/milano-formals-sequined-sweetheart-lace-embellished-fit-and-flare-long-dress-e2025/products/15828943,MILANO FORMALS - SEQUINED SWEETHEART LACE EMBELLISHED FIT AND FLARE LONG DRESS E2025,,248.0,E2025
https://www.lookmazing.com/milano-formals-lace-appliqued-illusion-evening-gown-e2048/products/15829070,MILANO FORMALS - LACE APPLIQUED ILLUSION EVENING GOWN E2048,,248.0,E2048
https://www.lookmazing.com/milano-formals-e2460-sleeveless-ombre-sequined-two-piece-gown/products/18439435,MILANO FORMALS - E2460 SLEEVELESS OMBRE SEQUINED TWO PIECE GOWN,,248.0,E2460
https://www.lookmazing.com/milano-formals-e2410-beaded-jewel-sheath-dress/products/18408179,MILANO FORMALS - E2410 BEADED JEWEL SHEATH DRESS,,248.0,E2410
https://www.lookmazing.com/milano-formals-two-piece-beaded-high-neck-cocktail-dress-e2039/products/15829059,MILANO FORMALS - TWO-PIECE BEADED HIGH NECK COCKTAIL DRESS E2039,,248.0,E2039
https://www.lookmazing.com/milano-formals-embellished-corset-floral-print-cocktail-dress-e2067/products/15829097,MILANO FORMALS - EMBELLISHED CORSET FLORAL PRINT COCKTAIL DRESS E2067,,248.0,E2067
https://www.lookmazing.com/milano-formals-e2259-two-piece-lace-sheath-dress/products/17437205,MILANO FORMALS - E2259 TWO PIECE LACE SHEATH DRESS,,248.0,E2259
https://www.lookmazing.com/milano-formals-e2229-beaded-sheer-illusion-jersey-prom-dress/products/18439436,MILANO FORMALS - E2229 BEADED SHEER ILLUSION JERSEY PROM DRESS,,248.0,E2229
https://www.lookmazing.com/milano-formals-sequined-sleeveless-high-neck-two-piece-cocktail-dress-e2035/products/15829046,MILANO FORMALS - SEQUINED SLEEVELESS HIGH NECK TWO-PIECE COCKTAIL DRESS E2035,,248.0,E2035
https://www.lookmazing.com/milano-formals-e2253-beaded-halter-sheath-dress/products/17437193,MILANO FORMALS - E2253 BEADED HALTER SHEATH DRESS,,248.0,E2253
https://www.lookmazing.com/milano-formals-sleeveless-high-neck-lace-embellished-fit-and-flare-long-dress-e2043/products/15829066,MILANO FORMALS - SLEEVELESS HIGH NECK LACE EMBELLISHED FIT AND FLARE LONG DRESS E2043,,248.0,E2043
https://www.lookmazing.com/milano-formals-e2267-beaded-high-halter-a-line-dress/products/17437207,MILANO FORMALS - E2267 BEADED HIGH HALTER A-LINE DRESS,,248.0,E2267
https://www.lookmazing.com/milano-formals-sleeveless-beaded-high-neck-two-piece-cocktail-dress-e2034/products/15829042,MILANO FORMALS - SLEEVELESS BEADED HIGH NECK TWO-PIECE COCKTAIL DRESS E2034,,248.0,E2034
https://www.lookmazing.com/milano-formals-sheer-bodice-long-sleeved-illusion-evening-gown-e2100/products/15855699,MILANO FORMALS - SHEER BODICE LONG-SLEEVED ILLUSION EVENING GOWN E2100,,248.0,E2100
https://www.lookmazing.com/milano-formals-e2317-two-piece-bejeweled-off-shoulder-fitted-gown/products/18439439,MILANO FORMALS - E2317 TWO PIECE BEJEWELED OFF SHOULDER FITTED GOWN,,248.0,E2317
https://www.lookmazing.com/milano-formals-e1028-strapless-ballgown/products/19484098,MILANO FORMALS - E1028 STRAPLESS BALLGOWN,,258.0,E1028
https://www.lookmazing.com/milano-formals-strapless-sweetheart-rhinestone-embellished-ball-gown-e1715/products/15828902,MILANO FORMALS - STRAPLESS SWEETHEART RHINESTONE EMBELLISHED BALL GOWN E1715,,258.0,E1715
https://www.lookmazing.com/milano-formals-floral-beaded-bodice-with-illusion-back-long-jersey-gown-e1637/products/15828884,MILANO FORMALS - FLORAL BEADED BODICE WITH ILLUSION BACK LONG JERSEY GOWN E1637,,258.0,E1637
https://www.lookmazing.com/milano-formals-e1028-quinceanera-dress/products/15695005,MILANO FORMALS - E1028 QUINCEANERA DRESS,,258.0,E1028
https://www.lookmazing.com/milano-formals-bedazzled-strapless-sweetheart-ball-gown-e1974/products/15828910,MILANO FORMALS - BEDAZZLED STRAPLESS SWEETHEART BALL GOWN E1974,,258.0,E1974
https://www.lookmazing.com/milano-formals-e1745-short-dresses/products/15695058,MILANO FORMALS - E1745 SHORT DRESSES,,258.0,E1745
https://www.lookmazing.com/milano-formals-sleeveless-halter-neck-beaded-two-piece-long-dress-e1923/products/15828934,MILANO FORMALS - SLEEVELESS HALTER NECK BEADED TWO PIECE LONG DRESS E1923,,258.0,E1923
https://www.lookmazing.com/milano-formals-strapless-sweetheart-all-over-lace-long-gown-e1796/products/17242453,MILANO FORMALS - STRAPLESS SWEETHEART ALL OVER LACE LONG GOWN E1796,,276.0,E1796
https://www.lookmazing.com/milano-formals-e1356-short-dress/products/17242439,MILANO FORMALS - E1356 SHORT DRESS,,276.0,E1356
https://www.lookmazing.com/milano-formals-lace-embellished-fit-and-flare-dress-e1838/products/17242456,MILANO FORMALS - LACE EMBELLISHED FIT AND FLARE DRESS E1838,,276.0,E1838
https://www.lookmazing.com/milano-formals-strapless-ruched-sweetheart-bedazzled-laced-a-line-dress-e1824/products/15828904,MILANO FORMALS - STRAPLESS RUCHED SWEETHEART BEDAZZLED LACED A-LINE DRESS E1824,,276.0,E1824
https://www.lookmazing.com/milano-formals-b8896-bridesmaid-dress/products/15679285,MILANO FORMALS - B8896 BRIDESMAID DRESS,,276.0,B8896
https://www.lookmazing.com/milano-formals-b8588-bridesmaid-dress/products/15679296,MILANO FORMALS - B8588 BRIDESMAID DRESS,,276.0,B8588
https://www.lookmazing.com/milano-formals-sweetheart-ruched-a-line-long-dress-e1852/products/17242457,MILANO FORMALS - SWEETHEART RUCHED A-LINE LONG DRESS E1852,,276.0,E1852
https://www.lookmazing.com/milano-formals-e1071-quinceanera-dress/products/17242435,MILANO FORMALS - E1071 QUINCEANERA DRESS,,276.0,E1071
https://www.lookmazing.com/milano-formals-strapless-lace-embellished-fit-and-flare-dress-e1822/products/17242455,MILANO FORMALS - STRAPLESS LACE EMBELLISHED FIT AND FLARE DRESS E1822,,276.0,E1822
https://www.lookmazing.com/milano-formals-ruched-sweetheart-bejeweled-a-line-dress-e1774/products/15828900,MILANO FORMALS - RUCHED SWEETHEART BEJEWELED A-LINE DRESS E1774,,278.0,E1774
https://www.lookmazing.com/milano-formals-glorious-two-piece-ruffled-mermaid-gown-e1988/products/15860258,MILANO FORMALS - GLORIOUS TWO-PIECE RUFFLED MERMAID GOWN E1988,,298.0,E1988
https://www.lookmazing.com/milano-formals-e2287-beaded-off-shoulder-neck-ballgown/products/18418327,MILANO FORMALS - E2287 BEADED OFF-SHOULDER NECK BALLGOWN,,298.0,E2287
https://www.lookmazing.com/milano-formals-e2233-embellished-illusion-gossamer-paneled-gown/products/18418306,MILANO FORMALS - E2233 EMBELLISHED ILLUSION GOSSAMER PANELED GOWN,,298.0,E2233
https://www.lookmazing.com/milano-formals-high-neck-illusion-evening-gown-e2118/products/15855708,MILANO FORMALS - HIGH NECK ILLUSION EVENING GOWN E2118,,298.0,E2118
https://www.lookmazing.com/milano-formals-sleeveless-deep-v-neck-bedazzled-long-a-line-dress-e2165/products/15829004,MILANO FORMALS - SLEEVELESS DEEP V-NECK BEDAZZLED LONG A-LINE DRESS E2165,,298.0,E2165
https://www.lookmazing.com/milano-formals-sophisticated-two-piece-black-jersey-dress-e1981/products/15860239,MILANO FORMALS - SOPHISTICATED TWO-PIECE BLACK JERSEY DRESS E1981,,298.0,E1981
https://www.lookmazing.com/milano-formals-e2388-cap-sleeves-beaded-chiffon-ballgown/products/18418351,MILANO FORMALS - E2388 CAP SLEEVES BEADED CHIFFON BALLGOWN,,298.0,E2388
https://www.lookmazing.com/milano-formals-sleeveless-bead-embellished-bodice-two-piece-fit-and-flare-long-dress-e2021/products/15855680,MILANO FORMALS - SLEEVELESS BEAD EMBELLISHED BODICE TWO-PIECE FIT AND FLARE LONG DRESS E2021,,298.0,E2021
https://www.lookmazing.com/milano-formals-strapless-sweetheart-beading-waist-mermaid-dress-e2016/products/15828913,MILANO FORMALS - STRAPLESS SWEETHEART BEADING WAIST MERMAID DRESS E2016,,298.0,E2016
https://www.lookmazing.com/milano-formals-e2324-halter-embellished-tiered-ruffle-mermaid-gown/products/18439441,MILANO FORMALS - E2324 HALTER EMBELLISHED TIERED RUFFLE MERMAID GOWN,,298.0,E2324
https://www.lookmazing.com/milano-formals-sleeveless-bejeweled-high-neck-long-a-line-dress-e2180/products/15829013,MILANO FORMALS - SLEEVELESS BEJEWELED HIGH NECK LONG A-LINE DRESS E2180,,298.0,E2180
https://www.lookmazing.com/milano-formals-embellished-cap-sleeved-evening-gown-e2182/products/15855722,MILANO FORMALS - EMBELLISHED CAP-SLEEVED EVENING GOWN E2182,,298.0,E2182
https://www.lookmazing.com/milano-formals-contrast-beading-satin-evening-gown-e2060/products/15829083,MILANO FORMALS - CONTRAST BEADING SATIN EVENING GOWN E2060,,298.0,E2060
https://www.lookmazing.com/milano-formals-glistening-halter-jersey-gown-e1979/products/15860237,MILANO FORMALS - GLISTENING HALTER JERSEY GOWN E1979,,298.0,E1979
https://www.lookmazing.com/milano-formals-e2449-sleek-v-neck-floral-organza-ballgown/products/18408177,MILANO FORMALS - E2449 SLEEK V-NECK FLORAL ORGANZA BALLGOWN,,298.0,E2449
https://www.lookmazing.com/milano-formals-bell-sleeves-deep-v-neck-sequined-long-dress-with-thigh-high-slit-e2110/products/15828992,MILANO FORMALS - BELL SLEEVES DEEP V-NECK SEQUINED LONG DRESS WITH THIGH-HIGH SLIT E2110,,298.0,E2110
https://www.lookmazing.com/milano-formals-black-strapless-mermaid-gown-with-ruffled-skirt-e1984/products/15860248,MILANO FORMALS - BLACK STRAPLESS MERMAID GOWN WITH RUFFLED SKIRT E1984,,298.0,E1984
https://www.lookmazing.com/milano-formals-beaded-contrast-cap-sleeved-evening-gown-e2096/products/15855697,MILANO FORMALS - BEADED CONTRAST CAP-SLEEVED EVENING GOWN E2096,,298.0,E2096
https://www.lookmazing.com/milano-formals-e2322-bedazzled-scoop-neck-ballgown/products/18418337,MILANO FORMALS - E2322 BEDAZZLED SCOOP NECK BALLGOWN,,298.0,E2322
https://www.lookmazing.com/milano-formals-ravishing-two-piece-a-line-gown-e1940/products/15860214,MILANO FORMALS - RAVISHING TWO-PIECE A-LINE GOWN E1940,,298.0,E1940
https://www.lookmazing.com/milano-formals-bedazzled-jewel-neck-two-piece-a-line-long-dress-e2097/products/15828957,MILANO FORMALS - BEDAZZLED JEWEL NECK TWO PIECE A-LINE LONG DRESS E2097,,298.0,E2097
https://www.lookmazing.com/milano-formals-e1882-prom-dresses/products/15695048,MILANO FORMALS - E1882 PROM DRESSES,,298.0,E1882
https://www.lookmazing.com/milano-formals-magnificent-two-piece-a-line-dress-e1965/products/15860220,MILANO FORMALS - MAGNIFICENT TWO-PIECE A-LINE DRESS E1965,,298.0,E1965
https://www.lookmazing.com/milano-formals-embellished-sheer-a-line-ball-gown-e2057/products/15829078,MILANO FORMALS - EMBELLISHED SHEER A-LINE BALL GOWN E2057,,298.0,E2057
https://www.lookmazing.com/milano-formals-e2331-two-piece-embellished-printed-ballgown/products/18418342,MILANO FORMALS - E2331 TWO PIECE EMBELLISHED PRINTED BALLGOWN,,298.0,E2331
https://www.lookmazing.com/milano-formals-e2329-embellished-off-shoulder-ballgown/products/18941790,MILANO FORMALS - E2329 EMBELLISHED OFF-SHOULDER BALLGOWN,,298.0,E2329
https://www.lookmazing.com/milano-formals-sleeveless-beaded-high-neckline-floor-length-dress-e2032/products/15829039,MILANO FORMALS - SLEEVELESS BEADED HIGH NECKLINE FLOOR LENGTH DRESS E2032,,298.0,E2032
https://www.lookmazing.com/milano-formals-e2320-multi-colored-beaded-v-neck-ballgown/products/18418335,MILANO FORMALS - E2320 MULTI-COLORED BEADED V-NECK BALLGOWN,,298.0,E2320
https://www.lookmazing.com/milano-formals-e2395-beaded-strapless-organza-ballgown/products/18418353,MILANO FORMALS - E2395 BEADED STRAPLESS ORGANZA BALLGOWN,,298.0,E2395
https://www.lookmazing.com/milano-formals-e2326-bead-embellished-illusion-bateau-ballgown/products/18418339,MILANO FORMALS - E2326 BEAD EMBELLISHED ILLUSION BATEAU BALLGOWN,,298.0,E2326
https://www.lookmazing.com/milano-formals-sparkling-beaded-cocktail-dress-e2049/products/15829072,MILANO FORMALS - SPARKLING BEADED COCKTAIL DRESS E2049,,298.0,E2049
https://www.lookmazing.com/milano-formals-e1767-prom-dresses/products/15679306,MILANO FORMALS - E1767 PROM DRESSES,,298.0,E1767
https://www.lookmazing.com/milano-formals-embellished-high-low-evening-gown-e2152/products/15855718,MILANO FORMALS - EMBELLISHED HIGH LOW EVENING GOWN E2152,,298.0,E2152
https://www.lookmazing.com/milano-formals-two-piece-beaded-crop-top-evening-gown-e2144/products/15855714,MILANO FORMALS - TWO PIECE BEADED CROP TOP EVENING GOWN E2144,,298.0,E2144
https://www.lookmazing.com/milano-formals-beaded-cut-out-evening-gown-e2171/products/15855719,MILANO FORMALS - BEADED CUT OUT EVENING GOWN E2171,,298.0,E2171
https://www.lookmazing.com/milano-formals-e2318-embellished-bateau-tulle-ballgown/products/18418331,MILANO FORMALS - E2318 EMBELLISHED BATEAU TULLE BALLGOWN,,298.0,E2318
https://www.lookmazing.com/milano-formals-strapless-ruched-lace-embelisshed-a-line-prom-dress-e1259/products/15828896,MILANO FORMALS - STRAPLESS RUCHED LACE EMBELISSHED A-LINE PROM DRESS E1259,,298.0,E1259
https://www.lookmazing.com/milano-formals-embellished-halter-evening-gown-e2104/products/15855703,MILANO FORMALS - EMBELLISHED HALTER EVENING GOWN E2104,,298.0,E2104
https://www.lookmazing.com/milano-formals-e2289-beaded-illusion-high-halter-ballgown/products/18418328,MILANO FORMALS - E2289 BEADED ILLUSION HIGH HALTER BALLGOWN,,298.0,E2289
https://www.lookmazing.com/milano-formals-beaded-two-piece-chiffon-cocktail-dress-e2020/products/15855692,MILANO FORMALS - BEADED TWO-PIECE CHIFFON COCKTAIL DRESS E2020,,298.0,E2020
https://www.lookmazing.com/milano-formals-sleeveless-bejeweled-halter-neck-floor-length-gown-e2031/products/15829036,MILANO FORMALS - SLEEVELESS BEJEWELED HALTER NECK FLOOR LENGTH GOWN E2031,,298.0,E2031
https://www.lookmazing.com/milano-formals-lovely-floral-mermaid-gown-e1982/products/15860242,MILANO FORMALS - LOVELY FLORAL MERMAID GOWN E1982,,298.0,E1982
https://www.lookmazing.com/milano-formals-aa226-lace-off-shoulder-fitted-wedding-gown/products/19528358,MILANO FORMALS - AA226 LACE OFF-SHOULDER FITTED WEDDING GOWN,,310.0,AA226
https://www.lookmazing.com/milano-formals-e1265-prom-dress/products/17242445,MILANO FORMALS - E1265 PROM DRESS,,316.0,E1265
https://www.lookmazing.com/milano-formals-teal-tulle-a-line-gown-e1967/products/15860223,MILANO FORMALS - TEAL TULLE A-LINE GOWN E1967,,318.0,E1967
https://www.lookmazing.com/milano-formals-stunning-trumpet-gown-with-beads-and-sheers-e1907/products/15855731,MILANO FORMALS - STUNNING TRUMPET GOWN WITH BEADS AND SHEERS E1907,,318.0,E1907
https://www.lookmazing.com/milano-formals-aa9336-strapless-straight-across-sheath-wedding-gown/products/19528352,MILANO FORMALS - AA9336 STRAPLESS STRAIGHT ACROSS SHEATH WEDDING GOWN,,323.0,AA9336
https://www.lookmazing.com/milano-formals-sleeveless-sequined-high-neck-long-a-line-dress-e2069/products/15855681,MILANO FORMALS - SLEEVELESS SEQUINED HIGH NECK LONG A-LINE DRESS E2069,,328.0,E2069
https://www.lookmazing.com/milano-formals-bead-encrusted-halter-evening-gown-e2068/products/15829100,MILANO FORMALS - BEAD-ENCRUSTED HALTER EVENING GOWN E2068,,328.0,E2068
https://www.lookmazing.com/milano-formals-sleeveless-sequined-high-neck-long-a-line-dress-e2150/products/15855682,MILANO FORMALS - SLEEVELESS SEQUINED HIGH NECK LONG A-LINE DRESS E2150,,338.0,E2150
https://www.lookmazing.com/milano-formals-aa9254-strapless-draped-empire-satin-a-line-gown/products/19528311,MILANO FORMALS - AA9254 STRAPLESS DRAPED EMPIRE SATIN A-LINE GOWN,,348.0,AA9254
https://www.lookmazing.com/milano-formals-lace-illusion-halter-evening-gown-e2070/products/15829103,MILANO FORMALS - LACE ILLUSION HALTER EVENING GOWN E2070,,348.0,E2070
https://www.lookmazing.com/milano-formals-long-sleeved-sparkling-evening-gown-e2074/products/15829113,MILANO FORMALS - LONG-SLEEVED SPARKLING EVENING GOWN E2074,,348.0,E2074
https://www.lookmazing.com/milano-formals-deep-v-neck-ruched-bodice-fit-and-flare-long-dress-with-side-thigh-high-slit-e2125/products/15828967,MILANO FORMALS - DEEP V-NECK RUCHED BODICE FIT AND FLARE LONG DRESS WITH SIDE THIGH-HIGH SLIT E2125,,356.0,E2125
https://www.lookmazing.com/milano-formals-e1431-ball-gown/products/15695031,MILANO FORMALS - E1431 BALL GOWN,,358.0,E1431
https://www.lookmazing.com/milano-formals-bejeweled-high-halter-cocktail-dress-e2019/products/15855691,MILANO FORMALS - BEJEWELED HIGH HALTER COCKTAIL DRESS E2019,,388.0,E2019
https://www.lookmazing.com/milano-formals-bejeweled-keyhole-cocktail-dress-e2023/products/15855694,MILANO FORMALS - BEJEWELED KEYHOLE COCKTAIL DRESS E2023,,388.0,E2023
https://www.lookmazing.com/milano-formals-jewelled-halter-cocktail-dress-e1978/products/15860233,MILANO FORMALS - JEWELLED HALTER COCKTAIL DRESS E1978,,388.0,E1978
https://www.lookmazing.com/milano-formals-sleeveless-jewel-neckline-lace-embellished-a-line-long-dress-with-cape-e2158/products/15828920,MILANO FORMALS - SLEEVELESS JEWEL NECKLINE LACE EMBELLISHED A-LINE LONG DRESS WITH CAPE E2158,,398.0,E2158
https://www.lookmazing.com/milano-formals-e1833-ball-gown/products/15679303,MILANO FORMALS - E1833 BALL GOWN,,497.0,E1833
https://www.lookmazing.com/milano-formals-aa9325-embellished-lace-long-sleeve-wedding-gown/products/19528338,MILANO FORMALS - AA9325 EMBELLISHED LACE LONG SLEEVE WEDDING GOWN,,498.0,AA932
https://www.lookmazing.com/milano-formals-aa9324-lace-illusion-bateau-a-line-wedding-gown/products/19528336,MILANO FORMALS - AA9324 LACE ILLUSION BATEAU A-LINE WEDDING GOWN,,560.0,AA932
https://www.lookmazing.com/milano-formals-aa9327-embellished-lace-bateau-wedding-gown/products/19528343,MILANO FORMALS - AA9327 EMBELLISHED LACE BATEAU WEDDING GOWN,,560.0,AA932
https://www.lookmazing.com/milano-formals-aa9328-embellished-sweetheart-organza-wedding-gown/products/19528345,MILANO FORMALS - AA9328 EMBELLISHED SWEETHEART ORGANZA WEDDING GOWN,,560.0,AA932
https://www.lookmazing.com/milano-formals-aa9335-ruched-off-shoulder-wedding-dress/products/19528312,MILANO FORMALS - AA9335 RUCHED OFF SHOULDER WEDDING DRESS,,623.0,AA9335
https://www.lookmazing.com/milano-formals-aa9329-strapless-embellished-sweetheart-wedding-gown/products/19528348,MILANO FORMALS - AA9329 STRAPLESS EMBELLISHED SWEETHEART WEDDING GOWN,,623.0,AA932
https://www.lookmazing.com/milano-formals-aa9331-embellished-wide-v-neck-satin-wedding-gown/products/19528350,MILANO FORMALS - AA9331 EMBELLISHED WIDE V-NECK SATIN WEDDING GOWN,,623.0,AA9331
https://www.lookmazing.com/milano-formals-aa9257-strapless-ruffled-wedding-gown/products/19528300,MILANO FORMALS - AA9257 STRAPLESS RUFFLED WEDDING GOWN,,723.0,AA9257
https://www.lookmazing.com/milano-formals-aa9314-crystal-ornate-a-line-wedding-dress/products/19528297,MILANO FORMALS - AA9314 CRYSTAL ORNATE A-LINE WEDDING DRESS,,723.0,AA9314
https://www.lookmazing.com/milano-formals-aa9256-strapless-ballgown-wedding-dress/products/19528298,MILANO FORMALS - AA9256 STRAPLESS BALLGOWN WEDDING DRESS,,723.0,AA9256
https://www.lookmazing.com/milano-formals-aa9321-strapless-lace-embellished-wedding-gown/products/19528331,MILANO FORMALS - AA9321 STRAPLESS LACE EMBELLISHED WEDDING GOWN,,748.0,AA932
https://www.lookmazing.com/milano-formals-aa9306-embellished-v-neck-trumpet-wedding-gown/products/19528355,MILANO FORMALS - AA9306 EMBELLISHED V-NECK TRUMPET WEDDING GOWN,,748.0,AA9306
https://www.lookmazing.com/milano-formals-aa9326-two-piece-lace-high-halter-wedding-gown/products/19528341,MILANO FORMALS - AA9326 TWO PIECE LACE HIGH HALTER WEDDING GOWN,,748.0,AA932
https://www.lookmazing.com/milano-formals-aa9322-embellished-strapless-sweetheart-wedding-gown/products/19528334,MILANO FORMALS - AA9322 EMBELLISHED STRAPLESS SWEETHEART WEDDING GOWN,,748.0,AA932
https://www.lookmazing.com/milano-formals-aa9332-embellished-long-sleeve-wedding-ballgown/products/19528304,MILANO FORMALS - AA9332 EMBELLISHED LONG SLEEVE WEDDING BALLGOWN,,810.0,AA9332
https://www.lookmazing.com/milano-formals-aa9298-strapless-fitted-wedding-dress/products/19528313,MILANO FORMALS - AA9298 STRAPLESS FITTED WEDDING DRESS,,823.0,AA9298
https://www.lookmazing.com/milano-formals-aa9319-beaded-floral-appliqued-illusion-sheath-gown/products/19528310,MILANO FORMALS - AA9319 BEADED FLORAL APPLIQUED ILLUSION SHEATH GOWN,,873.0,AA9319
https://www.lookmazing.com/milano-formals-aa9318-lace-scalloped-off-shoulder-wedding-gown/products/19528356,MILANO FORMALS - AA9318 LACE SCALLOPED OFF-SHOULDER WEDDING GOWN,,873.0,AA9318
https://www.lookmazing.com/milano-formals-aa9313-jewel-accented-strapless-trumpet-gown/products/19528308,MILANO FORMALS - AA9313 JEWEL ACCENTED STRAPLESS TRUMPET GOWN,,873.0,AA9313
https://www.lookmazing.com/milano-formals-aa9330-embellished-illusion-off-shoulder-wedding-gown/products/19528303,MILANO FORMALS - AA9330 EMBELLISHED ILLUSION OFF-SHOULDER WEDDING GOWN,,873.0,AA9330
https://www.lookmazing.com/milano-formals-aa9308-embellished-strapless-sweetheart-wedding-gown/products/19528301,MILANO FORMALS - AA9308 EMBELLISHED STRAPLESS SWEETHEART WEDDING GOWN,,873.0,AA9308
https://www.lookmazing.com/milano-formals-aa9315-bedazzled-sweetheart-wedding-gown/products/19528302,MILANO FORMALS - AA9315 BEDAZZLED SWEETHEART WEDDING GOWN,,873.0,AA9315
https://www.lookmazing.com/milano-formals-aa9310-illusion-cap-sleeve-jeweled-garland-long-gown/products/19528307,MILANO FORMALS - AA9310 ILLUSION CAP SLEEVE JEWELED GARLAND LONG GOWN,,873.0,AA9310
https://www.lookmazing.com/milano-formals-aa9304-floral-appliqued-mermaid-wedding-gown/products/19528316,MILANO FORMALS - AA9304 FLORAL APPLIQUED MERMAID WEDDING GOWN,,873.0,AA9304
https://www.lookmazing.com/milano-formals-aa9312-jeweled-garland-ornate-strapless-trumpet-gown/products/19528306,MILANO FORMALS - AA9312 JEWELED GARLAND ORNATE STRAPLESS TRUMPET GOWN,,873.0,AA9312
https://www.lookmazing.com/milano-formals-aa9320-strapless-sweetheart-jeweled-applique-gown/products/19528305,MILANO FORMALS - AA9320 STRAPLESS SWEETHEART JEWELED APPLIQUE GOWN,,923.0,AA932
https://www.lookmazing.com/milano-formals-aa9317-bead-crusted-cap-sleeve-scoop-back-gown/products/19528309,MILANO FORMALS - AA9317 BEAD CRUSTED CAP SLEEVE SCOOP BACK GOWN,,923.0,AA9317
https://www.lookmazing.com/milano-formals-aa9301-embellished-trumpet-wedding-dress/products/19528315,MILANO FORMALS - AA9301 EMBELLISHED TRUMPET WEDDING DRESS,,973.0,AA9301
https://www.lookmazing.com/milano-formals-aa9309-appliqued-v-neck-wedding-gown/products/19528319,MILANO FORMALS - AA9309 APPLIQUED V NECK WEDDING GOWN,,998.0,AA9309
