product_name,Product Code,url
AA219_White-Ivory_1.jpg,AA219,https://ecomm-milano-images.s3.amazonaws.com/AA219_White-Ivory_1.jpg
AA219_White-Ivory_3.jpg,AA219,https://ecomm-milano-images.s3.amazonaws.com/AA219_White-Ivory_3.jpg
AA219_White-Ivory_4.jpg,AA219,https://ecomm-milano-images.s3.amazonaws.com/AA219_White-Ivory_4.jpg
AA219_White-Ivory_5.jpg,AA219,https://ecomm-milano-images.s3.amazonaws.com/AA219_White-Ivory_5.jpg
AA221_White-Ivory_1.jpg,AA221,https://ecomm-milano-images.s3.amazonaws.com/AA221_White-Ivory_1.jpg
AA221_White-Ivory_2.jpg,AA221,https://ecomm-milano-images.s3.amazonaws.com/AA221_White-Ivory_2.jpg
AA221_White-Ivory_3.jpg,AA221,https://ecomm-milano-images.s3.amazonaws.com/AA221_White-Ivory_3.jpg
AA221_White-Ivory_4.jpg,AA221,https://ecomm-milano-images.s3.amazonaws.com/AA221_White-Ivory_4.jpg
AA222_White-Ivory_1.jpg,AA222,https://ecomm-milano-images.s3.amazonaws.com/AA222_White-Ivory_1.jpg
AA222_White-Ivory_2.jpg,AA222,https://ecomm-milano-images.s3.amazonaws.com/AA222_White-Ivory_2.jpg
AA222_White-Ivory_3.jpg,AA222,https://ecomm-milano-images.s3.amazonaws.com/AA222_White-Ivory_3.jpg
AA222_White-Ivory_4.jpg,AA222,https://ecomm-milano-images.s3.amazonaws.com/AA222_White-Ivory_4.jpg
AA226_Ivory_1.jpg,AA226,https://ecomm-milano-images.s3.amazonaws.com/AA226_Ivory_1.jpg
AA226_Ivory_2.jpg,AA226,https://ecomm-milano-images.s3.amazonaws.com/AA226_Ivory_2.jpg
AA226_Ivory_3.jpg,AA226,https://ecomm-milano-images.s3.amazonaws.com/AA226_Ivory_3.jpg
AA226_Ivory_4.jpg,AA226,https://ecomm-milano-images.s3.amazonaws.com/AA226_Ivory_4.jpg
AA226_Ivory_5.jpg,AA226,https://ecomm-milano-images.s3.amazonaws.com/AA226_Ivory_5.jpg
AA229_Ivory_1.jpg,AA229,https://ecomm-milano-images.s3.amazonaws.com/AA229_Ivory_1.jpg
AA229_Ivory_2.jpg,AA229,https://ecomm-milano-images.s3.amazonaws.com/AA229_Ivory_2.jpg
AA233_Ivory_1.jpg,AA233,https://ecomm-milano-images.s3.amazonaws.com/AA233_Ivory_1.jpg
AA233_Ivory_2.jpg,AA233,https://ecomm-milano-images.s3.amazonaws.com/AA233_Ivory_2.jpg
AA9254_White-Ivory_1.jpg,AA9254,https://ecomm-milano-images.s3.amazonaws.com/AA9254_White-Ivory_1.jpg
AA9254_White-Ivory_2.jpg,AA9254,https://ecomm-milano-images.s3.amazonaws.com/AA9254_White-Ivory_2.jpg
AA9254_White-Ivory_3.jpg,AA9254,https://ecomm-milano-images.s3.amazonaws.com/AA9254_White-Ivory_3.jpg
AA9254_White-Ivory_4.jpg,AA9254,https://ecomm-milano-images.s3.amazonaws.com/AA9254_White-Ivory_4.jpg
AA9256_White-Ivory_1.jpg,AA9256,https://ecomm-milano-images.s3.amazonaws.com/AA9256_White-Ivory_1.jpg
AA9256_White-Ivory_2.jpg,AA9256,https://ecomm-milano-images.s3.amazonaws.com/AA9256_White-Ivory_2.jpg
AA9256_White-Ivory_3.jpg,AA9256,https://ecomm-milano-images.s3.amazonaws.com/AA9256_White-Ivory_3.jpg
AA9256_White-Ivory_4.jpg,AA9256,https://ecomm-milano-images.s3.amazonaws.com/AA9256_White-Ivory_4.jpg
AA9257_White_1.jpg,AA9257,https://ecomm-milano-images.s3.amazonaws.com/AA9257_White_1.jpg
AA9270_White-Ivory_1.jpg,AA9270,https://ecomm-milano-images.s3.amazonaws.com/AA9270_White-Ivory_1.jpg
AA9270_White-Ivory_2.jpg,AA9270,https://ecomm-milano-images.s3.amazonaws.com/AA9270_White-Ivory_2.jpg
AA9270_White-Ivory_3.jpg,AA9270,https://ecomm-milano-images.s3.amazonaws.com/AA9270_White-Ivory_3.jpg
AA9270_White-Ivory_4.jpg,AA9270,https://ecomm-milano-images.s3.amazonaws.com/AA9270_White-Ivory_4.jpg
AA9298_White-Ivory_1.jpg,AA9298,https://ecomm-milano-images.s3.amazonaws.com/AA9298_White-Ivory_1.jpg
AA9298_White-Ivory_2.jpg,AA9298,https://ecomm-milano-images.s3.amazonaws.com/AA9298_White-Ivory_2.jpg
AA9298_White-Ivory_3.jpg,AA9298,https://ecomm-milano-images.s3.amazonaws.com/AA9298_White-Ivory_3.jpg
AA9298_White-Ivory_4.jpg,AA9298,https://ecomm-milano-images.s3.amazonaws.com/AA9298_White-Ivory_4.jpg
AA9301_White-Ivory_1.jpg,AA9301,https://ecomm-milano-images.s3.amazonaws.com/AA9301_White-Ivory_1.jpg
AA9301_White-Ivory_2.jpg,AA9301,https://ecomm-milano-images.s3.amazonaws.com/AA9301_White-Ivory_2.jpg
AA9301_White-Ivory_3.jpg,AA9301,https://ecomm-milano-images.s3.amazonaws.com/AA9301_White-Ivory_3.jpg
AA9301_White-Ivory_4.jpg,AA9301,https://ecomm-milano-images.s3.amazonaws.com/AA9301_White-Ivory_4.jpg
AA9304_White-Ivory_1.jpg,AA9304,https://ecomm-milano-images.s3.amazonaws.com/AA9304_White-Ivory_1.jpg
AA9304_White-Ivory_2.jpg,AA9304,https://ecomm-milano-images.s3.amazonaws.com/AA9304_White-Ivory_2.jpg
AA9304_White-Ivory_3.jpg,AA9304,https://ecomm-milano-images.s3.amazonaws.com/AA9304_White-Ivory_3.jpg
AA9304_White-Ivory_4.jpg,AA9304,https://ecomm-milano-images.s3.amazonaws.com/AA9304_White-Ivory_4.jpg
AA9306_White-Ivory_1.jpg,AA9306,https://ecomm-milano-images.s3.amazonaws.com/AA9306_White-Ivory_1.jpg
AA9306_White-Ivory_2.jpg,AA9306,https://ecomm-milano-images.s3.amazonaws.com/AA9306_White-Ivory_2.jpg
AA9306_White-Ivory_3.jpg,AA9306,https://ecomm-milano-images.s3.amazonaws.com/AA9306_White-Ivory_3.jpg
AA9306_White-Ivory_4.jpg,AA9306,https://ecomm-milano-images.s3.amazonaws.com/AA9306_White-Ivory_4.jpg
AA9308_White-Ivory_1.jpg,AA9308,https://ecomm-milano-images.s3.amazonaws.com/AA9308_White-Ivory_1.jpg
AA9308_White-Ivory_2.jpg,AA9308,https://ecomm-milano-images.s3.amazonaws.com/AA9308_White-Ivory_2.jpg
AA9309_White-Ivory_1.jpg,AA9309,https://ecomm-milano-images.s3.amazonaws.com/AA9309_White-Ivory_1.jpg
AA9309_White-Ivory_2.jpg,AA9309,https://ecomm-milano-images.s3.amazonaws.com/AA9309_White-Ivory_2.jpg
AA9309_White-Ivory_3.jpg,AA9309,https://ecomm-milano-images.s3.amazonaws.com/AA9309_White-Ivory_3.jpg
AA9309_White-Ivory_4.jpg,AA9309,https://ecomm-milano-images.s3.amazonaws.com/AA9309_White-Ivory_4.jpg
AA9310_White-Ivory_1.jpg,AA9310,https://ecomm-milano-images.s3.amazonaws.com/AA9310_White-Ivory_1.jpg
AA9312_Ivory_1.jpg,AA9312,https://ecomm-milano-images.s3.amazonaws.com/AA9312_Ivory_1.jpg
AA9313_White-Ivory_1.jpg,AA9313,https://ecomm-milano-images.s3.amazonaws.com/AA9313_White-Ivory_1.jpg
AA9313_White-Ivory_2.jpg,AA9313,https://ecomm-milano-images.s3.amazonaws.com/AA9313_White-Ivory_2.jpg
AA9313_White-Ivory_3.jpg,AA9313,https://ecomm-milano-images.s3.amazonaws.com/AA9313_White-Ivory_3.jpg
AA9313_White-Ivory_4.jpg,AA9313,https://ecomm-milano-images.s3.amazonaws.com/AA9313_White-Ivory_4.jpg
AA9314_White-Ivory_1.jpg,AA9314,https://ecomm-milano-images.s3.amazonaws.com/AA9314_White-Ivory_1.jpg
AA9314_White-Ivory_2.jpg,AA9314,https://ecomm-milano-images.s3.amazonaws.com/AA9314_White-Ivory_2.jpg
AA9314_White-Ivory_3.jpg,AA9314,https://ecomm-milano-images.s3.amazonaws.com/AA9314_White-Ivory_3.jpg
AA9314_White-Ivory_4.jpg,AA9314,https://ecomm-milano-images.s3.amazonaws.com/AA9314_White-Ivory_4.jpg
AA9315_White-Ivory_1.jpg,AA9315,https://ecomm-milano-images.s3.amazonaws.com/AA9315_White-Ivory_1.jpg
AA9315_White-Ivory_2.jpg,AA9315,https://ecomm-milano-images.s3.amazonaws.com/AA9315_White-Ivory_2.jpg
AA9315_White-Ivory_3.jpg,AA9315,https://ecomm-milano-images.s3.amazonaws.com/AA9315_White-Ivory_3.jpg
AA9315_White-Ivory_4.jpg,AA9315,https://ecomm-milano-images.s3.amazonaws.com/AA9315_White-Ivory_4.jpg
AA9316_White-Ivory_1.jpg,AA9316,https://ecomm-milano-images.s3.amazonaws.com/AA9316_White-Ivory_1.jpg
AA9316_White-Ivory_2.jpg,AA9316,https://ecomm-milano-images.s3.amazonaws.com/AA9316_White-Ivory_2.jpg
AA9316_White-Ivory_3.jpg,AA9316,https://ecomm-milano-images.s3.amazonaws.com/AA9316_White-Ivory_3.jpg
AA9316_White-Ivory_4.jpg,AA9316,https://ecomm-milano-images.s3.amazonaws.com/AA9316_White-Ivory_4.jpg
AA9317_White-Ivory_1.jpg,AA9317,https://ecomm-milano-images.s3.amazonaws.com/AA9317_White-Ivory_1.jpg
AA9317_White-Ivory_2.jpg,AA9317,https://ecomm-milano-images.s3.amazonaws.com/AA9317_White-Ivory_2.jpg
AA9317_White-Ivory_3.jpg,AA9317,https://ecomm-milano-images.s3.amazonaws.com/AA9317_White-Ivory_3.jpg
AA9317_White-Ivory_4.jpg,AA9317,https://ecomm-milano-images.s3.amazonaws.com/AA9317_White-Ivory_4.jpg
AA9318_White-Ivory_1.jpg,AA9318,https://ecomm-milano-images.s3.amazonaws.com/AA9318_White-Ivory_1.jpg
AA9318_White-Ivory_2.jpg,AA9318,https://ecomm-milano-images.s3.amazonaws.com/AA9318_White-Ivory_2.jpg
AA9318_White-Ivory_3.jpg,AA9318,https://ecomm-milano-images.s3.amazonaws.com/AA9318_White-Ivory_3.jpg
AA9318_White-Ivory_4.jpg,AA9318,https://ecomm-milano-images.s3.amazonaws.com/AA9318_White-Ivory_4.jpg
AA9319_White-Ivory_1.jpg,AA9319,https://ecomm-milano-images.s3.amazonaws.com/AA9319_White-Ivory_1.jpg
AA9319_White-Ivory_2.jpg,AA9319,https://ecomm-milano-images.s3.amazonaws.com/AA9319_White-Ivory_2.jpg
AA9319_White-Ivory_3.jpg,AA9319,https://ecomm-milano-images.s3.amazonaws.com/AA9319_White-Ivory_3.jpg
AA9319_White-Ivory_4.jpg,AA9319,https://ecomm-milano-images.s3.amazonaws.com/AA9319_White-Ivory_4.jpg
AA9319_White-Ivory_5.jpg,AA9319,https://ecomm-milano-images.s3.amazonaws.com/AA9319_White-Ivory_5.jpg
AA9319_White-Ivory_6.jpg,AA9319,https://ecomm-milano-images.s3.amazonaws.com/AA9319_White-Ivory_6.jpg
AA9320_White_1.jpg,AA9320,https://ecomm-milano-images.s3.amazonaws.com/AA9320_White_1.jpg
AA9321_White-Ivory_1.jpg,AA9321,https://ecomm-milano-images.s3.amazonaws.com/AA9321_White-Ivory_1.jpg
AA9321_White-Ivory_2.jpg,AA9321,https://ecomm-milano-images.s3.amazonaws.com/AA9321_White-Ivory_2.jpg
AA9321_White-Ivory_3.jpg,AA9321,https://ecomm-milano-images.s3.amazonaws.com/AA9321_White-Ivory_3.jpg
AA9321_White-Ivory_4.jpg,AA9321,https://ecomm-milano-images.s3.amazonaws.com/AA9321_White-Ivory_4.jpg
AA9322_White-Ivory_1.jpg,AA9322,https://ecomm-milano-images.s3.amazonaws.com/AA9322_White-Ivory_1.jpg
AA9322_White-Ivory_2.jpg,AA9322,https://ecomm-milano-images.s3.amazonaws.com/AA9322_White-Ivory_2.jpg
AA9322_White-Ivory_3.jpg,AA9322,https://ecomm-milano-images.s3.amazonaws.com/AA9322_White-Ivory_3.jpg
AA9326_White-Ivory_1.jpg,AA9326,https://ecomm-milano-images.s3.amazonaws.com/AA9326_White-Ivory_1.jpg
AA9326_White-Ivory_2.jpg,AA9326,https://ecomm-milano-images.s3.amazonaws.com/AA9326_White-Ivory_2.jpg
AA9326_White-Ivory_3.jpg,AA9326,https://ecomm-milano-images.s3.amazonaws.com/AA9326_White-Ivory_3.jpg
AA9326_White-Ivory_4.jpg,AA9326,https://ecomm-milano-images.s3.amazonaws.com/AA9326_White-Ivory_4.jpg
AA9327_White-Ivory_1.jpg,AA9327,https://ecomm-milano-images.s3.amazonaws.com/AA9327_White-Ivory_1.jpg
AA9327_White-Ivory_2.jpg,AA9327,https://ecomm-milano-images.s3.amazonaws.com/AA9327_White-Ivory_2.jpg
AA9327_White-Ivory_3.jpg,AA9327,https://ecomm-milano-images.s3.amazonaws.com/AA9327_White-Ivory_3.jpg
AA9327_White-Ivory_4.jpg,AA9327,https://ecomm-milano-images.s3.amazonaws.com/AA9327_White-Ivory_4.jpg
AA9329_White-Ivory_1.jpg,AA9329,https://ecomm-milano-images.s3.amazonaws.com/AA9329_White-Ivory_1.jpg
AA9329_White-Ivory_2.jpg,AA9329,https://ecomm-milano-images.s3.amazonaws.com/AA9329_White-Ivory_2.jpg
AA9329_White-Ivory_3.jpg,AA9329,https://ecomm-milano-images.s3.amazonaws.com/AA9329_White-Ivory_3.jpg
AA9329_White-Ivory_4.jpg,AA9329,https://ecomm-milano-images.s3.amazonaws.com/AA9329_White-Ivory_4.jpg
AA9330_White-Ivory_1.jpg,AA9330,https://ecomm-milano-images.s3.amazonaws.com/AA9330_White-Ivory_1.jpg
AA9330_White-Ivory_2.jpg,AA9330,https://ecomm-milano-images.s3.amazonaws.com/AA9330_White-Ivory_2.jpg
AA9330_White-Ivory_3.jpg,AA9330,https://ecomm-milano-images.s3.amazonaws.com/AA9330_White-Ivory_3.jpg
AA9330_White-Ivory_4.jpg,AA9330,https://ecomm-milano-images.s3.amazonaws.com/AA9330_White-Ivory_4.jpg
AA9331_White-Ivory_1.jpg,AA9331,https://ecomm-milano-images.s3.amazonaws.com/AA9331_White-Ivory_1.jpg
AA9331_White-Ivory_2.jpg,AA9331,https://ecomm-milano-images.s3.amazonaws.com/AA9331_White-Ivory_2.jpg
AA9331_White-Ivory_3.jpg,AA9331,https://ecomm-milano-images.s3.amazonaws.com/AA9331_White-Ivory_3.jpg
AA9331_White-Ivory_4.jpg,AA9331,https://ecomm-milano-images.s3.amazonaws.com/AA9331_White-Ivory_4.jpg
AA9332_White-Ivory_1.jpg,AA9332,https://ecomm-milano-images.s3.amazonaws.com/AA9332_White-Ivory_1.jpg
AA9332_White-Ivory_2.jpg,AA9332,https://ecomm-milano-images.s3.amazonaws.com/AA9332_White-Ivory_2.jpg
AA9332_White-Ivory_3.jpg,AA9332,https://ecomm-milano-images.s3.amazonaws.com/AA9332_White-Ivory_3.jpg
AA9332_White-Ivory_4.jpg,AA9332,https://ecomm-milano-images.s3.amazonaws.com/AA9332_White-Ivory_4.jpg
AA9335_White-Ivory_1.jpg,AA9335,https://ecomm-milano-images.s3.amazonaws.com/AA9335_White-Ivory_1.jpg
AA9335_White-Ivory_2.jpg,AA9335,https://ecomm-milano-images.s3.amazonaws.com/AA9335_White-Ivory_2.jpg
AA9336_White-Ivory_1.jpg,AA9336,https://ecomm-milano-images.s3.amazonaws.com/AA9336_White-Ivory_1.jpg
AA9336_White-Ivory_2.jpg,AA9336,https://ecomm-milano-images.s3.amazonaws.com/AA9336_White-Ivory_2.jpg
AA9336_White-Ivory_3.jpg,AA9336,https://ecomm-milano-images.s3.amazonaws.com/AA9336_White-Ivory_3.jpg
AA9336_White-Ivory_4.jpg,AA9336,https://ecomm-milano-images.s3.amazonaws.com/AA9336_White-Ivory_4.jpg
AA9346_Ivory_1.jpg,AA9346,https://ecomm-milano-images.s3.amazonaws.com/AA9346_Ivory_1.jpg
AA9346_Ivory_2.jpg,AA9346,https://ecomm-milano-images.s3.amazonaws.com/AA9346_Ivory_2.jpg
AA9346_Ivory_3.jpg,AA9346,https://ecomm-milano-images.s3.amazonaws.com/AA9346_Ivory_3.jpg
AA9346_Ivory_4.jpg,AA9346,https://ecomm-milano-images.s3.amazonaws.com/AA9346_Ivory_4.jpg
AA9349_Ivory_1.jpg,AA9349,https://ecomm-milano-images.s3.amazonaws.com/AA9349_Ivory_1.jpg
AA9349_Ivory_2.jpg,AA9349,https://ecomm-milano-images.s3.amazonaws.com/AA9349_Ivory_2.jpg
B8588_Skyblue_1.jpg,B8588,https://ecomm-milano-images.s3.amazonaws.com/B8588_Skyblue_1.jpg
B8608_Lilac_1.jpg,B8608,https://ecomm-milano-images.s3.amazonaws.com/B8608_Lilac_1.jpg
B8808_White_1.jpg,B8808,https://ecomm-milano-images.s3.amazonaws.com/B8808_White_1.jpg
B8808_White_2.jpg,B8808,https://ecomm-milano-images.s3.amazonaws.com/B8808_White_2.jpg
B8808_White_3.jpg,B8808,https://ecomm-milano-images.s3.amazonaws.com/B8808_White_3.jpg
B8808_White_4.jpg,B8808,https://ecomm-milano-images.s3.amazonaws.com/B8808_White_4.jpg
B8865_Claret_1.jpg,B8865,https://ecomm-milano-images.s3.amazonaws.com/B8865_Claret_1.jpg
B8865_Claret_2.jpg,B8865,https://ecomm-milano-images.s3.amazonaws.com/B8865_Claret_2.jpg
B8865_Claret_3.jpg,B8865,https://ecomm-milano-images.s3.amazonaws.com/B8865_Claret_3.jpg
B8865_Purple_1.jpg,B8865,https://ecomm-milano-images.s3.amazonaws.com/B8865_Purple_1.jpg
B8865_Truffle_1.jpg,B8865,https://ecomm-milano-images.s3.amazonaws.com/B8865_Truffle_1.jpg
B8865_Truffle_2.jpg,B8865,https://ecomm-milano-images.s3.amazonaws.com/B8865_Truffle_2.jpg
B8998_Royal_1.jpg,B8998,https://ecomm-milano-images.s3.amazonaws.com/B8998_Royal_1.jpg
B8998_Royal_2.jpg,B8998,https://ecomm-milano-images.s3.amazonaws.com/B8998_Royal_2.jpg
B8998_Sangria_1.jpg,B8998,https://ecomm-milano-images.s3.amazonaws.com/B8998_Sangria_1.jpg
B8998_Sangria_2.jpg,B8998,https://ecomm-milano-images.s3.amazonaws.com/B8998_Sangria_2.jpg
B8998_Sangria_3.jpg,B8998,https://ecomm-milano-images.s3.amazonaws.com/B8998_Sangria_3.jpg
E1013_Lilac_1.jpg,E1013,https://ecomm-milano-images.s3.amazonaws.com/E1013_Lilac_1.jpg
E1013_Lilac_2.jpg,E1013,https://ecomm-milano-images.s3.amazonaws.com/E1013_Lilac_2.jpg
E1013_Sangria_1.jpg,E1013,https://ecomm-milano-images.s3.amazonaws.com/E1013_Sangria_1.jpg
E1013_Sangria_2.jpg,E1013,https://ecomm-milano-images.s3.amazonaws.com/E1013_Sangria_2.jpg
E1013_Sangria_3.jpg,E1013,https://ecomm-milano-images.s3.amazonaws.com/E1013_Sangria_3.jpg
E1022_Purple_1.jpg,E1022,https://ecomm-milano-images.s3.amazonaws.com/E1022_Purple_1.jpg
E1028_White_1.jpg,E1028,https://ecomm-milano-images.s3.amazonaws.com/E1028_White_1.jpg
E1028_White_2.jpg,E1028,https://ecomm-milano-images.s3.amazonaws.com/E1028_White_2.jpg
E1028_White_3.jpg,E1028,https://ecomm-milano-images.s3.amazonaws.com/E1028_White_3.jpg
E1028_White_4.jpg,E1028,https://ecomm-milano-images.s3.amazonaws.com/E1028_White_4.jpg
E1071_Truffle_1.jpg,E1071,https://ecomm-milano-images.s3.amazonaws.com/E1071_Truffle_1.jpg
E1168_Navy_1.jpg,E1168,https://ecomm-milano-images.s3.amazonaws.com/E1168_Navy_1.jpg
E1168_Navy_2.jpg,E1168,https://ecomm-milano-images.s3.amazonaws.com/E1168_Navy_2.jpg
E1259_Skyblue_1.jpg,E1259,https://ecomm-milano-images.s3.amazonaws.com/E1259_Skyblue_1.jpg
E1259_Skyblue_2.jpg,E1259,https://ecomm-milano-images.s3.amazonaws.com/E1259_Skyblue_2.jpg
E1259_Skyblue_3.jpg,E1259,https://ecomm-milano-images.s3.amazonaws.com/E1259_Skyblue_3.jpg
E1260_Claret_1.jpg,E1260,https://ecomm-milano-images.s3.amazonaws.com/E1260_Claret_1.jpg
E1260_Claret_2.jpg,E1260,https://ecomm-milano-images.s3.amazonaws.com/E1260_Claret_2.jpg
E1260_Truffle_1.jpg,E1260,https://ecomm-milano-images.s3.amazonaws.com/E1260_Truffle_1.jpg
E1264_Black_1.jpg,E1264,https://ecomm-milano-images.s3.amazonaws.com/E1264_Black_1.jpg
E1264_Black_2.jpg,E1264,https://ecomm-milano-images.s3.amazonaws.com/E1264_Black_2.jpg
E1264_Claret_1.jpg,E1264,https://ecomm-milano-images.s3.amazonaws.com/E1264_Claret_1.jpg
E1264_Claret_2.jpg,E1264,https://ecomm-milano-images.s3.amazonaws.com/E1264_Claret_2.jpg
E1264_Claret_3.jpg,E1264,https://ecomm-milano-images.s3.amazonaws.com/E1264_Claret_3.jpg
E1264_Claret_4.jpg,E1264,https://ecomm-milano-images.s3.amazonaws.com/E1264_Claret_4.jpg
E1264_Claret_5.jpg,E1264,https://ecomm-milano-images.s3.amazonaws.com/E1264_Claret_5.jpg
E1264_Claret_6.jpg,E1264,https://ecomm-milano-images.s3.amazonaws.com/E1264_Claret_6.jpg
E1264_Coral_1.jpg,E1264,https://ecomm-milano-images.s3.amazonaws.com/E1264_Coral_1.jpg
E1264_Coral_2.jpg,E1264,https://ecomm-milano-images.s3.amazonaws.com/E1264_Coral_2.jpg
E1264_Coral_3.jpg,E1264,https://ecomm-milano-images.s3.amazonaws.com/E1264_Coral_3.jpg
E1265_Green_1.jpg,E1265,https://ecomm-milano-images.s3.amazonaws.com/E1265_Green_1.jpg
E1270_Coral_1.jpg,E1270,https://ecomm-milano-images.s3.amazonaws.com/E1270_Coral_1.jpg
E1270_Coral_2.jpg,E1270,https://ecomm-milano-images.s3.amazonaws.com/E1270_Coral_2.jpg
E1270_Coral_3.jpg,E1270,https://ecomm-milano-images.s3.amazonaws.com/E1270_Coral_3.jpg
E1270_Teal_1.jpg,E1270,https://ecomm-milano-images.s3.amazonaws.com/E1270_Teal_1.jpg
E1275_Darklilac_1.jpg,E1275,https://ecomm-milano-images.s3.amazonaws.com/E1275_Darklilac_1.jpg
E1285_Cafe_1.jpg,E1285,https://ecomm-milano-images.s3.amazonaws.com/E1285_Cafe_1.jpg
E1285_Cafe_2.jpg,E1285,https://ecomm-milano-images.s3.amazonaws.com/E1285_Cafe_2.jpg
E1285_Fuschia_1.jpg,E1285,https://ecomm-milano-images.s3.amazonaws.com/E1285_Fuschia_1.jpg
E1285_Fuschia_2.jpg,E1285,https://ecomm-milano-images.s3.amazonaws.com/E1285_Fuschia_2.jpg
E1285_Fuschia_3.jpg,E1285,https://ecomm-milano-images.s3.amazonaws.com/E1285_Fuschia_3.jpg
E1285_Fuschia_4.jpg,E1285,https://ecomm-milano-images.s3.amazonaws.com/E1285_Fuschia_4.jpg
E1285_Lilac_1.jpg,E1285,https://ecomm-milano-images.s3.amazonaws.com/E1285_Lilac_1.jpg
E1285_Lilac_2.jpg,E1285,https://ecomm-milano-images.s3.amazonaws.com/E1285_Lilac_2.jpg
E1295_Fuschia_1.jpg,E1295,https://ecomm-milano-images.s3.amazonaws.com/E1295_Fuschia_1.jpg
E1295_Fuschia_2.jpg,E1295,https://ecomm-milano-images.s3.amazonaws.com/E1295_Fuschia_2.jpg
E1319_White Black_1.jpg,E1319,https://ecomm-milano-images.s3.amazonaws.com/E1319_White Black_1.jpg
E1322_Purple_1.jpg,E1322,https://ecomm-milano-images.s3.amazonaws.com/E1322_Purple_1.jpg
E1327_Black_1.jpg,E1327,https://ecomm-milano-images.s3.amazonaws.com/E1327_Black_1.jpg
E1336_Purple_1.jpg,E1336,https://ecomm-milano-images.s3.amazonaws.com/E1336_Purple_1.jpg
E1340_Coral_1.jpg,E1340,https://ecomm-milano-images.s3.amazonaws.com/E1340_Coral_1.jpg
E1342_Fuschia_1.jpg,E1342,https://ecomm-milano-images.s3.amazonaws.com/E1342_Fuschia_1.jpg
E1344_Yellow_1.jpg,E1344,https://ecomm-milano-images.s3.amazonaws.com/E1344_Yellow_1.jpg
E1347_Blue_1.jpg,E1347,https://ecomm-milano-images.s3.amazonaws.com/E1347_Blue_1.jpg
E1348_Platinum_1.jpg,E1348,https://ecomm-milano-images.s3.amazonaws.com/E1348_Platinum_1.jpg
E1354_Lilac_1.jpg,E1354,https://ecomm-milano-images.s3.amazonaws.com/E1354_Lilac_1.jpg
E1356_Truffle_1.jpg,E1356,https://ecomm-milano-images.s3.amazonaws.com/E1356_Truffle_1.jpg
E1378_Red_1.jpg,E1378,https://ecomm-milano-images.s3.amazonaws.com/E1378_Red_1.jpg
E1379_Coral_2.jpg,E1379,https://ecomm-milano-images.s3.amazonaws.com/E1379_Coral_2.jpg
E1379_Coral_3.jpg,E1379,https://ecomm-milano-images.s3.amazonaws.com/E1379_Coral_3.jpg
E1379_Truffle_1.jpg,E1379,https://ecomm-milano-images.s3.amazonaws.com/E1379_Truffle_1.jpg
E1379_Truffle_2.jpg,E1379,https://ecomm-milano-images.s3.amazonaws.com/E1379_Truffle_2.jpg
E1381_Purple_1.jpg,E1381,https://ecomm-milano-images.s3.amazonaws.com/E1381_Purple_1.jpg
E1396_Purple_1.jpg,E1396,https://ecomm-milano-images.s3.amazonaws.com/E1396_Purple_1.jpg
E1420_Champagne_1.jpg,E1420,https://ecomm-milano-images.s3.amazonaws.com/E1420_Champagne_1.jpg
E1421_Coral_1.jpg,E1421,https://ecomm-milano-images.s3.amazonaws.com/E1421_Coral_1.jpg
E1421_Coral_2.jpg,E1421,https://ecomm-milano-images.s3.amazonaws.com/E1421_Coral_2.jpg
E1421_Grey_1.jpg,E1421,https://ecomm-milano-images.s3.amazonaws.com/E1421_Grey_1.jpg
E1421_Grey_2.jpg,E1421,https://ecomm-milano-images.s3.amazonaws.com/E1421_Grey_2.jpg
E1421_Royal_1.jpg,E1421,https://ecomm-milano-images.s3.amazonaws.com/E1421_Royal_1.jpg
E1421_Royal_2.jpg,E1421,https://ecomm-milano-images.s3.amazonaws.com/E1421_Royal_2.jpg
E1421_Royal_3.jpg,E1421,https://ecomm-milano-images.s3.amazonaws.com/E1421_Royal_3.jpg
E1422_Purple_1.jpg,E1422,https://ecomm-milano-images.s3.amazonaws.com/E1422_Purple_1.jpg
E1424_Teal_1.jpg,E1424,https://ecomm-milano-images.s3.amazonaws.com/E1424_Teal_1.jpg
E1428_Purple_1.jpg,E1428,https://ecomm-milano-images.s3.amazonaws.com/E1428_Purple_1.jpg
E1438_Black_1.jpg,E1438,https://ecomm-milano-images.s3.amazonaws.com/E1438_Black_1.jpg
E1448_Purple-Black_1.jpg,E1448,https://ecomm-milano-images.s3.amazonaws.com/E1448_Purple-Black_1.jpg
E1452_Lilac_1.jpg,E1452,https://ecomm-milano-images.s3.amazonaws.com/E1452_Lilac_1.jpg
E1463_Coral_1.jpg,E1463,https://ecomm-milano-images.s3.amazonaws.com/E1463_Coral_1.jpg
E1463_Coral_2.jpg,E1463,https://ecomm-milano-images.s3.amazonaws.com/E1463_Coral_2.jpg
E1463_Teal_1.jpg,E1463,https://ecomm-milano-images.s3.amazonaws.com/E1463_Teal_1.jpg
E1463_Teal_2.jpg,E1463,https://ecomm-milano-images.s3.amazonaws.com/E1463_Teal_2.jpg
E1472_Royal_1.jpg,E1472,https://ecomm-milano-images.s3.amazonaws.com/E1472_Royal_1.jpg
E1502_Claret_1.jpg,E1502,https://ecomm-milano-images.s3.amazonaws.com/E1502_Claret_1.jpg
E1508_Nude_1.jpg,E1508,https://ecomm-milano-images.s3.amazonaws.com/E1508_Nude_1.jpg
E1510_White_1.jpg,E1510,https://ecomm-milano-images.s3.amazonaws.com/E1510_White_1.jpg
E1520_BurntOrange_1.jpg,E1520,https://ecomm-milano-images.s3.amazonaws.com/E1520_BurntOrange_1.jpg
E1520_BurntOrange_2.jpg,E1520,https://ecomm-milano-images.s3.amazonaws.com/E1520_BurntOrange_2.jpg
E1520_Sangria_1.jpg,E1520,https://ecomm-milano-images.s3.amazonaws.com/E1520_Sangria_1.jpg
E1520_Sangria_2.jpg,E1520,https://ecomm-milano-images.s3.amazonaws.com/E1520_Sangria_2.jpg
E1520_Sangria_3.jpg,E1520,https://ecomm-milano-images.s3.amazonaws.com/E1520_Sangria_3.jpg
E1520_Sangria_4.jpg,E1520,https://ecomm-milano-images.s3.amazonaws.com/E1520_Sangria_4.jpg
E1520_Sangria_5.jpg,E1520,https://ecomm-milano-images.s3.amazonaws.com/E1520_Sangria_5.jpg
E1531_Purple_1.jpg,E1531,https://ecomm-milano-images.s3.amazonaws.com/E1531_Purple_1.jpg
E1544_Black_1.jpg,E1544,https://ecomm-milano-images.s3.amazonaws.com/E1544_Black_1.jpg
E1544_Black_2.jpg,E1544,https://ecomm-milano-images.s3.amazonaws.com/E1544_Black_2.jpg
E1544_Black_3.jpg,E1544,https://ecomm-milano-images.s3.amazonaws.com/E1544_Black_3.jpg
E1544_Red_1.jpg,E1544,https://ecomm-milano-images.s3.amazonaws.com/E1544_Red_1.jpg
E1544_Red_2.jpg,E1544,https://ecomm-milano-images.s3.amazonaws.com/E1544_Red_2.jpg
E1544_Red_3.jpg,E1544,https://ecomm-milano-images.s3.amazonaws.com/E1544_Red_3.jpg
E1544_Red_4.jpg,E1544,https://ecomm-milano-images.s3.amazonaws.com/E1544_Red_4.jpg
E1546_Coral_1.jpg,E1546,https://ecomm-milano-images.s3.amazonaws.com/E1546_Coral_1.jpg
E1546_Purple_1.jpg,E1546,https://ecomm-milano-images.s3.amazonaws.com/E1546_Purple_1.jpg
E1546_Purple_2.jpg,E1546,https://ecomm-milano-images.s3.amazonaws.com/E1546_Purple_2.jpg
E1546_Purple_3.jpg,E1546,https://ecomm-milano-images.s3.amazonaws.com/E1546_Purple_3.jpg
E1546_Purple_4.jpg,E1546,https://ecomm-milano-images.s3.amazonaws.com/E1546_Purple_4.jpg
E1546_Purple_5.jpg,E1546,https://ecomm-milano-images.s3.amazonaws.com/E1546_Purple_5.jpg
E1573_Black_3.jpg,E1573,https://ecomm-milano-images.s3.amazonaws.com/E1573_Black_3.jpg
E1573_Peach_1.jpg,E1573,https://ecomm-milano-images.s3.amazonaws.com/E1573_Peach_1.jpg
E1573_Peach_2.jpg,E1573,https://ecomm-milano-images.s3.amazonaws.com/E1573_Peach_2.jpg
E1573_Peach_3.jpg,E1573,https://ecomm-milano-images.s3.amazonaws.com/E1573_Peach_3.jpg
E1573_Peach_4.jpg,E1573,https://ecomm-milano-images.s3.amazonaws.com/E1573_Peach_4.jpg
E1573_Purple_1.jpg,E1573,https://ecomm-milano-images.s3.amazonaws.com/E1573_Purple_1.jpg
E1573_Purple_2.jpg,E1573,https://ecomm-milano-images.s3.amazonaws.com/E1573_Purple_2.jpg
E1579_White_1.jpg,E1579,https://ecomm-milano-images.s3.amazonaws.com/E1579_White_1.jpg
E1581_Black_1.jpg,E1581,https://ecomm-milano-images.s3.amazonaws.com/E1581_Black_1.jpg
E1581_Black_2.jpg,E1581,https://ecomm-milano-images.s3.amazonaws.com/E1581_Black_2.jpg
E1581_Black_3.jpg,E1581,https://ecomm-milano-images.s3.amazonaws.com/E1581_Black_3.jpg
E1581_Black_4.jpg,E1581,https://ecomm-milano-images.s3.amazonaws.com/E1581_Black_4.jpg
E1581_Purple_1.jpg,E1581,https://ecomm-milano-images.s3.amazonaws.com/E1581_Purple_1.jpg
E1581_Purple_2.jpg,E1581,https://ecomm-milano-images.s3.amazonaws.com/E1581_Purple_2.jpg
E1581_Red_1.jpg,E1581,https://ecomm-milano-images.s3.amazonaws.com/E1581_Red_1.jpg
E1582_Fuschia_1.jpg,E1582,https://ecomm-milano-images.s3.amazonaws.com/E1582_Fuschia_1.jpg
E1582_Purple_1.jpg,E1582,https://ecomm-milano-images.s3.amazonaws.com/E1582_Purple_1.jpg
E1582_Purple_2.jpg,E1582,https://ecomm-milano-images.s3.amazonaws.com/E1582_Purple_2.jpg
E1582_Purple_3.jpg,E1582,https://ecomm-milano-images.s3.amazonaws.com/E1582_Purple_3.jpg
E1637_BlackNude_1.jpg,E1637,https://ecomm-milano-images.s3.amazonaws.com/E1637_BlackNude_1.jpg
E1637_BlackNude_2.jpg,E1637,https://ecomm-milano-images.s3.amazonaws.com/E1637_BlackNude_2.jpg
E1637_Black_1.jpg,E1637,https://ecomm-milano-images.s3.amazonaws.com/E1637_Black_1.jpg
E1637_Black_2.jpg,E1637,https://ecomm-milano-images.s3.amazonaws.com/E1637_Black_2.jpg
E1657_Black_1.jpg,E1657,https://ecomm-milano-images.s3.amazonaws.com/E1657_Black_1.jpg
E1663_Fuchsia_1.jpg,E1663,https://ecomm-milano-images.s3.amazonaws.com/E1663_Fuchsia_1.jpg
E1694_Teal_1.jpg,E1694,https://ecomm-milano-images.s3.amazonaws.com/E1694_Teal_1.jpg
E1696_Black_1.jpg,E1696,https://ecomm-milano-images.s3.amazonaws.com/E1696_Black_1.jpg
E1696_Black_2.jpg,E1696,https://ecomm-milano-images.s3.amazonaws.com/E1696_Black_2.jpg
E1696_Black_3.jpg,E1696,https://ecomm-milano-images.s3.amazonaws.com/E1696_Black_3.jpg
E1715_Sky Blue_1.jpg,E1715,https://ecomm-milano-images.s3.amazonaws.com/E1715_Sky Blue_1.jpg
E1715_Sky Blue_2.jpg,E1715,https://ecomm-milano-images.s3.amazonaws.com/E1715_Sky Blue_2.jpg
E1715_Sky Blue_3.jpg,E1715,https://ecomm-milano-images.s3.amazonaws.com/E1715_Sky Blue_3.jpg
E1729_Mint_1.jpg,E1729,https://ecomm-milano-images.s3.amazonaws.com/E1729_Mint_1.jpg
E1729_Mint_2.jpg,E1729,https://ecomm-milano-images.s3.amazonaws.com/E1729_Mint_2.jpg
E1729_Mint_3.jpg,E1729,https://ecomm-milano-images.s3.amazonaws.com/E1729_Mint_3.jpg
E1729_Mint_4.jpg,E1729,https://ecomm-milano-images.s3.amazonaws.com/E1729_Mint_4.jpg
E1730_BurntOrange_1.jpg,E1730,https://ecomm-milano-images.s3.amazonaws.com/E1730_BurntOrange_1.jpg
E1730_Royal_1.jpg,E1730,https://ecomm-milano-images.s3.amazonaws.com/E1730_Royal_1.jpg
E1730_Royal_2.jpg,E1730,https://ecomm-milano-images.s3.amazonaws.com/E1730_Royal_2.jpg
E1767_BlackSilver_1.jpg,E1767,https://ecomm-milano-images.s3.amazonaws.com/E1767_BlackSilver_1.jpg
E1774_Blush_1.jpg,E1774,https://ecomm-milano-images.s3.amazonaws.com/E1774_Blush_1.jpg
E1774_Blush_2.jpg,E1774,https://ecomm-milano-images.s3.amazonaws.com/E1774_Blush_2.jpg
E1774_Blush_3.jpg,E1774,https://ecomm-milano-images.s3.amazonaws.com/E1774_Blush_3.jpg
E1774_Powder Blue_2.jpg,E1774,https://ecomm-milano-images.s3.amazonaws.com/E1774_Powder Blue_2.jpg
E1774_Powder Blue_3.jpg,E1774,https://ecomm-milano-images.s3.amazonaws.com/E1774_Powder Blue_3.jpg
E1774_PowderBlue_1.jpg,E1774,https://ecomm-milano-images.s3.amazonaws.com/E1774_PowderBlue_1.jpg
E1778_Navy_1.jpg,E1778,https://ecomm-milano-images.s3.amazonaws.com/E1778_Navy_1.jpg
E1778_Navy_2.jpg,E1778,https://ecomm-milano-images.s3.amazonaws.com/E1778_Navy_2.jpg
E1796_Biscotti_1.jpg,E1796,https://ecomm-milano-images.s3.amazonaws.com/E1796_Biscotti_1.jpg
E1796_Biscotti_2.jpg,E1796,https://ecomm-milano-images.s3.amazonaws.com/E1796_Biscotti_2.jpg
E1796_Biscotti_3.jpg,E1796,https://ecomm-milano-images.s3.amazonaws.com/E1796_Biscotti_3.jpg
E1796_Biscotti_4.jpg,E1796,https://ecomm-milano-images.s3.amazonaws.com/E1796_Biscotti_4.jpg
E1796_Ivory_1.jpg,E1796,https://ecomm-milano-images.s3.amazonaws.com/E1796_Ivory_1.jpg
E1796_Navy_1.jpg,E1796,https://ecomm-milano-images.s3.amazonaws.com/E1796_Navy_1.jpg
E1796_Navy_2.jpg,E1796,https://ecomm-milano-images.s3.amazonaws.com/E1796_Navy_2.jpg
E1799_Fuschia_1.jpg,E1799,https://ecomm-milano-images.s3.amazonaws.com/E1799_Fuschia_1.jpg
E1799_Fuschia_2.jpg,E1799,https://ecomm-milano-images.s3.amazonaws.com/E1799_Fuschia_2.jpg
E1799_Fuschia_3.jpg,E1799,https://ecomm-milano-images.s3.amazonaws.com/E1799_Fuschia_3.jpg
E1799_Fuschia_4.jpg,E1799,https://ecomm-milano-images.s3.amazonaws.com/E1799_Fuschia_4.jpg
E1822_Ivory_1.jpg,E1822,https://ecomm-milano-images.s3.amazonaws.com/E1822_Ivory_1.jpg
E1822_Ivory_2.jpg,E1822,https://ecomm-milano-images.s3.amazonaws.com/E1822_Ivory_2.jpg
E1822_Ivory_3.jpg,E1822,https://ecomm-milano-images.s3.amazonaws.com/E1822_Ivory_3.jpg
E1822_Ivory_4.jpg,E1822,https://ecomm-milano-images.s3.amazonaws.com/E1822_Ivory_4.jpg
E1822_Ivory_5.jpg,E1822,https://ecomm-milano-images.s3.amazonaws.com/E1822_Ivory_5.jpg
E1822_Peach_1.jpg,E1822,https://ecomm-milano-images.s3.amazonaws.com/E1822_Peach_1.jpg
E1822_Peach_2.jpg,E1822,https://ecomm-milano-images.s3.amazonaws.com/E1822_Peach_2.jpg
E1824_Pool_1.jpg,E1824,https://ecomm-milano-images.s3.amazonaws.com/E1824_Pool_1.jpg
E1824_Pool_2.jpg,E1824,https://ecomm-milano-images.s3.amazonaws.com/E1824_Pool_2.jpg
E1824_Pool_3.jpg,E1824,https://ecomm-milano-images.s3.amazonaws.com/E1824_Pool_3.jpg
E1827_Black_1.jpg,E1827,https://ecomm-milano-images.s3.amazonaws.com/E1827_Black_1.jpg
E1827_Black_2.jpg,E1827,https://ecomm-milano-images.s3.amazonaws.com/E1827_Black_2.jpg
E1827_Black_3.jpg,E1827,https://ecomm-milano-images.s3.amazonaws.com/E1827_Black_3.jpg
E1833_PurpleGold_1.jpg,E1833,https://ecomm-milano-images.s3.amazonaws.com/E1833_PurpleGold_1.jpg
E1838_Teal_1.jpg,E1838,https://ecomm-milano-images.s3.amazonaws.com/E1838_Teal_1.jpg
E1838_Teal_2.jpg,E1838,https://ecomm-milano-images.s3.amazonaws.com/E1838_Teal_2.jpg
E1838_Teal_3.jpg,E1838,https://ecomm-milano-images.s3.amazonaws.com/E1838_Teal_3.jpg
E1838_Teal_4.jpg,E1838,https://ecomm-milano-images.s3.amazonaws.com/E1838_Teal_4.jpg
E1844_Mint_1.jpg,E1844,https://ecomm-milano-images.s3.amazonaws.com/E1844_Mint_1.jpg
E1844_Mint_2.jpg,E1844,https://ecomm-milano-images.s3.amazonaws.com/E1844_Mint_2.jpg
E1844_Mint_3.jpg,E1844,https://ecomm-milano-images.s3.amazonaws.com/E1844_Mint_3.jpg
E1844_Mint_4.jpg,E1844,https://ecomm-milano-images.s3.amazonaws.com/E1844_Mint_4.jpg
E1844_Mint_5.jpg,E1844,https://ecomm-milano-images.s3.amazonaws.com/E1844_Mint_5.jpg
E1844_Mint_6.jpg,E1844,https://ecomm-milano-images.s3.amazonaws.com/E1844_Mint_6.jpg
E1844_Mint_7.jpg,E1844,https://ecomm-milano-images.s3.amazonaws.com/E1844_Mint_7.jpg
E1852_Charcoal_1.jpg,E1852,https://ecomm-milano-images.s3.amazonaws.com/E1852_Charcoal_1.jpg
E1852_Charcoal_2.jpg,E1852,https://ecomm-milano-images.s3.amazonaws.com/E1852_Charcoal_2.jpg
E1852_Pink_1.jpg,E1852,https://ecomm-milano-images.s3.amazonaws.com/E1852_Pink_1.jpg
E1852_Pink_2.jpg,E1852,https://ecomm-milano-images.s3.amazonaws.com/E1852_Pink_2.jpg
E1868_Champagne_1.jpg,E1868,https://ecomm-milano-images.s3.amazonaws.com/E1868_Champagne_1.jpg
E1882_Royal_1.jpg,E1882,https://ecomm-milano-images.s3.amazonaws.com/E1882_Royal_1.jpg
E1890_Black_1.jpg,E1890,https://ecomm-milano-images.s3.amazonaws.com/E1890_Black_1.jpg
E1907_Charcoal_1.jpg,E1907,https://ecomm-milano-images.s3.amazonaws.com/E1907_Charcoal_1.jpg
E1923_Navy_1.jpg,E1923,https://ecomm-milano-images.s3.amazonaws.com/E1923_Navy_1.jpg
E1923_Navy_2.jpg,E1923,https://ecomm-milano-images.s3.amazonaws.com/E1923_Navy_2.jpg
E1923_Navy_3.jpg,E1923,https://ecomm-milano-images.s3.amazonaws.com/E1923_Navy_3.jpg
E1931_Navy_1.jpg,E1931,https://ecomm-milano-images.s3.amazonaws.com/E1931_Navy_1.jpg
E1937_Black_1.jpg,E1937,https://ecomm-milano-images.s3.amazonaws.com/E1937_Black_1.jpg
E1940_Gunmetal_1.jpg,E1940,https://ecomm-milano-images.s3.amazonaws.com/E1940_Gunmetal_1.jpg
E1940_Gunmetal_2.jpg,E1940,https://ecomm-milano-images.s3.amazonaws.com/E1940_Gunmetal_2.jpg
E1940_Gunmetal_3.jpg,E1940,https://ecomm-milano-images.s3.amazonaws.com/E1940_Gunmetal_3.jpg
E1940_Gunmetal_4.jpg,E1940,https://ecomm-milano-images.s3.amazonaws.com/E1940_Gunmetal_4.jpg
E1940_Gunmetal_5.jpg,E1940,https://ecomm-milano-images.s3.amazonaws.com/E1940_Gunmetal_5.jpg
E1940_Gunmetal_6.jpg,E1940,https://ecomm-milano-images.s3.amazonaws.com/E1940_Gunmetal_6.jpg
E1965_Sangria_1.jpg,E1965,https://ecomm-milano-images.s3.amazonaws.com/E1965_Sangria_1.jpg
E1967_Teal_1.jpg,E1967,https://ecomm-milano-images.s3.amazonaws.com/E1967_Teal_1.jpg
E1967_Teal_2.jpg,E1967,https://ecomm-milano-images.s3.amazonaws.com/E1967_Teal_2.jpg
E1974_Mint_1.jpg,E1974,https://ecomm-milano-images.s3.amazonaws.com/E1974_Mint_1.jpg
E1978_Gunmetal_1.jpg,E1978,https://ecomm-milano-images.s3.amazonaws.com/E1978_Gunmetal_1.jpg
E1978_Gunmetal_2.jpg,E1978,https://ecomm-milano-images.s3.amazonaws.com/E1978_Gunmetal_2.jpg
E1978_Gunmetal_3.jpg,E1978,https://ecomm-milano-images.s3.amazonaws.com/E1978_Gunmetal_3.jpg
E1978_Gunmetal_4.jpg,E1978,https://ecomm-milano-images.s3.amazonaws.com/E1978_Gunmetal_4.jpg
E1979_Midnight_1.jpg,E1979,https://ecomm-milano-images.s3.amazonaws.com/E1979_Midnight_1.jpg
E1979_Midnight_2.jpg,E1979,https://ecomm-milano-images.s3.amazonaws.com/E1979_Midnight_2.jpg
E1979_Midnight_3.jpg,E1979,https://ecomm-milano-images.s3.amazonaws.com/E1979_Midnight_3.jpg
E1981_Black_1.jpg,E1981,https://ecomm-milano-images.s3.amazonaws.com/E1981_Black_1.jpg
E1982_Charcoal_1.jpg,E1982,https://ecomm-milano-images.s3.amazonaws.com/E1982_Charcoal_1.jpg
E1983_Mint_1.jpg,E1983,https://ecomm-milano-images.s3.amazonaws.com/E1983_Mint_1.jpg
E1984_Black_1.jpg,E1984,https://ecomm-milano-images.s3.amazonaws.com/E1984_Black_1.jpg
E1984_Black_2.jpg,E1984,https://ecomm-milano-images.s3.amazonaws.com/E1984_Black_2.jpg
E1984_Black_3.jpg,E1984,https://ecomm-milano-images.s3.amazonaws.com/E1984_Black_3.jpg
E1986_Tiffany_1.jpg,E1986,https://ecomm-milano-images.s3.amazonaws.com/E1986_Tiffany_1.jpg
E1986_Tiffany_2.jpg,E1986,https://ecomm-milano-images.s3.amazonaws.com/E1986_Tiffany_2.jpg
E1986_Tiffany_3.jpg,E1986,https://ecomm-milano-images.s3.amazonaws.com/E1986_Tiffany_3.jpg
E1986_Tiffany_4.jpg,E1986,https://ecomm-milano-images.s3.amazonaws.com/E1986_Tiffany_4.jpg
E1986_Tiffany_5.jpg,E1986,https://ecomm-milano-images.s3.amazonaws.com/E1986_Tiffany_5.jpg
E1988_RoyalBlue_1.jpg,E1988,https://ecomm-milano-images.s3.amazonaws.com/E1988_RoyalBlue_1.jpg
E1988_RoyalBlue_2.jpg,E1988,https://ecomm-milano-images.s3.amazonaws.com/E1988_RoyalBlue_2.jpg
E1988_RoyalBlue_3.jpg,E1988,https://ecomm-milano-images.s3.amazonaws.com/E1988_RoyalBlue_3.jpg
E2016_Red_1.jpg,E2016,https://ecomm-milano-images.s3.amazonaws.com/E2016_Red_1.jpg
E2016_Royal_1.jpg,E2016,https://ecomm-milano-images.s3.amazonaws.com/E2016_Royal_1.jpg
E2016_Royal_2.jpg,E2016,https://ecomm-milano-images.s3.amazonaws.com/E2016_Royal_2.jpg
E2016_Royal_3.jpg,E2016,https://ecomm-milano-images.s3.amazonaws.com/E2016_Royal_3.jpg
E2016_Royal_4.jpg,E2016,https://ecomm-milano-images.s3.amazonaws.com/E2016_Royal_4.jpg
E2019_Blue_1.jpg,E2019,https://ecomm-milano-images.s3.amazonaws.com/E2019_Blue_1.jpg
E2020_Pool_1.jpg,E2020,https://ecomm-milano-images.s3.amazonaws.com/E2020_Pool_1.jpg
E2021_Wine_1.jpg,E2021,https://ecomm-milano-images.s3.amazonaws.com/E2021_Wine_1.jpg
E2023_Turquoise_1.jpg,E2023,https://ecomm-milano-images.s3.amazonaws.com/E2023_Turquoise_1.jpg
E2023_Turquoise_2.jpg,E2023,https://ecomm-milano-images.s3.amazonaws.com/E2023_Turquoise_2.jpg
E2023_Turquoise_3.jpg,E2023,https://ecomm-milano-images.s3.amazonaws.com/E2023_Turquoise_3.jpg
E2023_Turquoise_4.jpg,E2023,https://ecomm-milano-images.s3.amazonaws.com/E2023_Turquoise_4.jpg
E2023_Turquoise_5.jpg,E2023,https://ecomm-milano-images.s3.amazonaws.com/E2023_Turquoise_5.jpg
E2025_Wine_1.jpg,E2025,https://ecomm-milano-images.s3.amazonaws.com/E2025_Wine_1.jpg
E2025_Wine_2.jpg,E2025,https://ecomm-milano-images.s3.amazonaws.com/E2025_Wine_2.jpg
E2025_Wine_3.jpg,E2025,https://ecomm-milano-images.s3.amazonaws.com/E2025_Wine_3.jpg
E2025_Wine_4.jpg,E2025,https://ecomm-milano-images.s3.amazonaws.com/E2025_Wine_4.jpg
E2027_Wine_1.jpg,E2027,https://ecomm-milano-images.s3.amazonaws.com/E2027_Wine_1.jpg
E2028_Cobalt_1.jpg,E2028,https://ecomm-milano-images.s3.amazonaws.com/E2028_Cobalt_1.jpg
E2028_Cobalt_2.jpg,E2028,https://ecomm-milano-images.s3.amazonaws.com/E2028_Cobalt_2.jpg
E2028_Cobalt_3.jpg,E2028,https://ecomm-milano-images.s3.amazonaws.com/E2028_Cobalt_3.jpg
E2028_Cobalt_4.jpg,E2028,https://ecomm-milano-images.s3.amazonaws.com/E2028_Cobalt_4.jpg
E2028_Cobalt_5.jpg,E2028,https://ecomm-milano-images.s3.amazonaws.com/E2028_Cobalt_5.jpg
E2030_Fuchsia_1.jpg,E2030,https://ecomm-milano-images.s3.amazonaws.com/E2030_Fuchsia_1.jpg
E2031_Black_1.jpg,E2031,https://ecomm-milano-images.s3.amazonaws.com/E2031_Black_1.jpg
E2031_Black_2.jpg,E2031,https://ecomm-milano-images.s3.amazonaws.com/E2031_Black_2.jpg
E2032_Teal_1.jpg,E2032,https://ecomm-milano-images.s3.amazonaws.com/E2032_Teal_1.jpg
E2032_Teal_2.jpg,E2032,https://ecomm-milano-images.s3.amazonaws.com/E2032_Teal_2.jpg
E2032_Teal_3.jpg,E2032,https://ecomm-milano-images.s3.amazonaws.com/E2032_Teal_3.jpg
E2034_Berry_1.jpg,E2034,https://ecomm-milano-images.s3.amazonaws.com/E2034_Berry_1.jpg
E2035_Jet_1.jpg,E2035,https://ecomm-milano-images.s3.amazonaws.com/E2035_Jet_1.jpg
E2036_Green_1.jpg,E2036,https://ecomm-milano-images.s3.amazonaws.com/E2036_Green_1.jpg
E2036_Green_2.jpg,E2036,https://ecomm-milano-images.s3.amazonaws.com/E2036_Green_2.jpg
E2036_Green_3.jpg,E2036,https://ecomm-milano-images.s3.amazonaws.com/E2036_Green_3.jpg
E2036_Green_4.jpg,E2036,https://ecomm-milano-images.s3.amazonaws.com/E2036_Green_4.jpg
E2036_Green_5.jpg,E2036,https://ecomm-milano-images.s3.amazonaws.com/E2036_Green_5.jpg
E2036_Green_6.jpg,E2036,https://ecomm-milano-images.s3.amazonaws.com/E2036_Green_6.jpg
E2039_Powder-Blue_1.jpg,E2039,https://ecomm-milano-images.s3.amazonaws.com/E2039_Powder-Blue_1.jpg
E2040_Midnight_1.jpg,E2040,https://ecomm-milano-images.s3.amazonaws.com/E2040_Midnight_1.jpg
E2041_Ivory_1.jpg,E2041,https://ecomm-milano-images.s3.amazonaws.com/E2041_Ivory_1.jpg
E2041_Ivory_2.jpg,E2041,https://ecomm-milano-images.s3.amazonaws.com/E2041_Ivory_2.jpg
E2041_Ivory_3.jpg,E2041,https://ecomm-milano-images.s3.amazonaws.com/E2041_Ivory_3.jpg
E2041_Ivory_4.jpg,E2041,https://ecomm-milano-images.s3.amazonaws.com/E2041_Ivory_4.jpg
E2041_Ivory_5.jpg,E2041,https://ecomm-milano-images.s3.amazonaws.com/E2041_Ivory_5.jpg
E2041_Ivory_6.jpg,E2041,https://ecomm-milano-images.s3.amazonaws.com/E2041_Ivory_6.jpg
E2042_Wine_1.jpg,E2042,https://ecomm-milano-images.s3.amazonaws.com/E2042_Wine_1.jpg
E2043_Rose-Quartz_1.jpg,E2043,https://ecomm-milano-images.s3.amazonaws.com/E2043_Rose-Quartz_1.jpg
E2043_Rose-Quartz_2.jpg,E2043,https://ecomm-milano-images.s3.amazonaws.com/E2043_Rose-Quartz_2.jpg
E2043_Rose-Quartz_3.jpg,E2043,https://ecomm-milano-images.s3.amazonaws.com/E2043_Rose-Quartz_3.jpg
E2043_Rose-Quartz_4.jpg,E2043,https://ecomm-milano-images.s3.amazonaws.com/E2043_Rose-Quartz_4.jpg
E2049_Platinum_1.jpg,E2049,https://ecomm-milano-images.s3.amazonaws.com/E2049_Platinum_1.jpg
E2049_Platinum_2.jpg,E2049,https://ecomm-milano-images.s3.amazonaws.com/E2049_Platinum_2.jpg
E2049_Platinum_3.jpg,E2049,https://ecomm-milano-images.s3.amazonaws.com/E2049_Platinum_3.jpg
E2049_Platinum_4.jpg,E2049,https://ecomm-milano-images.s3.amazonaws.com/E2049_Platinum_4.jpg
E2049_Platinum_5.jpg,E2049,https://ecomm-milano-images.s3.amazonaws.com/E2049_Platinum_5.jpg
E2049_Platinum_6.jpg,E2049,https://ecomm-milano-images.s3.amazonaws.com/E2049_Platinum_6.jpg
E2050_Space_1.jpg,E2050,https://ecomm-milano-images.s3.amazonaws.com/E2050_Space_1.jpg
E2050_Space_2.jpg,E2050,https://ecomm-milano-images.s3.amazonaws.com/E2050_Space_2.jpg
E2050_Space_3.jpg,E2050,https://ecomm-milano-images.s3.amazonaws.com/E2050_Space_3.jpg
E2050_Space_4.jpg,E2050,https://ecomm-milano-images.s3.amazonaws.com/E2050_Space_4.jpg
E2050_Space_5.jpg,E2050,https://ecomm-milano-images.s3.amazonaws.com/E2050_Space_5.jpg
E2050_Space_6.jpg,E2050,https://ecomm-milano-images.s3.amazonaws.com/E2050_Space_6.jpg
E2050_Space_7.jpg,E2050,https://ecomm-milano-images.s3.amazonaws.com/E2050_Space_7.jpg
E2053_Peacock_1.jpg,E2053,https://ecomm-milano-images.s3.amazonaws.com/E2053_Peacock_1.jpg
E2053_Peacock_2.jpg,E2053,https://ecomm-milano-images.s3.amazonaws.com/E2053_Peacock_2.jpg
E2053_Peacock_3.jpg,E2053,https://ecomm-milano-images.s3.amazonaws.com/E2053_Peacock_3.jpg
E2053_Teal_1.jpg,E2053,https://ecomm-milano-images.s3.amazonaws.com/E2053_Teal_1.jpg
E2053_Teal_2.jpg,E2053,https://ecomm-milano-images.s3.amazonaws.com/E2053_Teal_2.jpg
E2059_Royal_1.jpg,E2059,https://ecomm-milano-images.s3.amazonaws.com/E2059_Royal_1.jpg
E2060_Midnight_1.jpg,E2060,https://ecomm-milano-images.s3.amazonaws.com/E2060_Midnight_1.jpg
E2060_Midnight_2.jpg,E2060,https://ecomm-milano-images.s3.amazonaws.com/E2060_Midnight_2.jpg
E2060_Midnight_3.jpg,E2060,https://ecomm-milano-images.s3.amazonaws.com/E2060_Midnight_3.jpg
E2061_Black_1.jpg,E2061,https://ecomm-milano-images.s3.amazonaws.com/E2061_Black_1.jpg
E2061_Black_2.jpg,E2061,https://ecomm-milano-images.s3.amazonaws.com/E2061_Black_2.jpg
E2067_Black-Burgundy_1.jpg,E2067,https://ecomm-milano-images.s3.amazonaws.com/E2067_Black-Burgundy_1.jpg
E2068_Midnight_1.jpg,E2068,https://ecomm-milano-images.s3.amazonaws.com/E2068_Midnight_1.jpg
E2069_Red_1.jpg,E2069,https://ecomm-milano-images.s3.amazonaws.com/E2069_Red_1.jpg
E2070_Apricot_1.jpg,E2070,https://ecomm-milano-images.s3.amazonaws.com/E2070_Apricot_1.jpg
E2070_Apricot_2.jpg,E2070,https://ecomm-milano-images.s3.amazonaws.com/E2070_Apricot_2.jpg
E2070_Apricot_3.jpg,E2070,https://ecomm-milano-images.s3.amazonaws.com/E2070_Apricot_3.jpg
E2070_Apricot_4.jpg,E2070,https://ecomm-milano-images.s3.amazonaws.com/E2070_Apricot_4.jpg
E2072_Black_1.jpg,E2072,https://ecomm-milano-images.s3.amazonaws.com/E2072_Black_1.jpg
E2074_Midnight_1.jpg,E2074,https://ecomm-milano-images.s3.amazonaws.com/E2074_Midnight_1.jpg
E2074_Midnight_2.jpg,E2074,https://ecomm-milano-images.s3.amazonaws.com/E2074_Midnight_2.jpg
E2074_Midnight_3.jpg,E2074,https://ecomm-milano-images.s3.amazonaws.com/E2074_Midnight_3.jpg
E2074_Midnight_4.jpg,E2074,https://ecomm-milano-images.s3.amazonaws.com/E2074_Midnight_4.jpg
E2075_Midnight_1.jpg,E2075,https://ecomm-milano-images.s3.amazonaws.com/E2075_Midnight_1.jpg
E2076_Midnight_1.jpg,E2076,https://ecomm-milano-images.s3.amazonaws.com/E2076_Midnight_1.jpg
E2080_Black_1.jpg,E2080,https://ecomm-milano-images.s3.amazonaws.com/E2080_Black_1.jpg
E2080_Black_2.jpg,E2080,https://ecomm-milano-images.s3.amazonaws.com/E2080_Black_2.jpg
E2080_Black_3.jpg,E2080,https://ecomm-milano-images.s3.amazonaws.com/E2080_Black_3.jpg
E2080_Black_4.jpg,E2080,https://ecomm-milano-images.s3.amazonaws.com/E2080_Black_4.jpg
E2080_Black_5.jpg,E2080,https://ecomm-milano-images.s3.amazonaws.com/E2080_Black_5.jpg
E2081_Navy_1.jpg,E2081,https://ecomm-milano-images.s3.amazonaws.com/E2081_Navy_1.jpg
E2084_Black_1.jpg,E2084,https://ecomm-milano-images.s3.amazonaws.com/E2084_Black_1.jpg
E2084_Black_2.jpg,E2084,https://ecomm-milano-images.s3.amazonaws.com/E2084_Black_2.jpg
E2084_Black_3.jpg,E2084,https://ecomm-milano-images.s3.amazonaws.com/E2084_Black_3.jpg
E2084_Black_4.jpg,E2084,https://ecomm-milano-images.s3.amazonaws.com/E2084_Black_4.jpg
E2085_Black_1.jpg,E2085,https://ecomm-milano-images.s3.amazonaws.com/E2085_Black_1.jpg
E2085_Charcoal_1.jpg,E2085,https://ecomm-milano-images.s3.amazonaws.com/E2085_Charcoal_1.jpg
E2085_Charcoal_2.jpg,E2085,https://ecomm-milano-images.s3.amazonaws.com/E2085_Charcoal_2.jpg
E2086_Wine_1.jpg,E2086,https://ecomm-milano-images.s3.amazonaws.com/E2086_Wine_1.jpg
E2086_Wine_2.jpg,E2086,https://ecomm-milano-images.s3.amazonaws.com/E2086_Wine_2.jpg
E2087_Rose-Quartz_1.jpg,E2087,https://ecomm-milano-images.s3.amazonaws.com/E2087_Rose-Quartz_1.jpg
E2088_Pink_1.jpg,E2088,https://ecomm-milano-images.s3.amazonaws.com/E2088_Pink_1.jpg
E2088_Pink_2.jpg,E2088,https://ecomm-milano-images.s3.amazonaws.com/E2088_Pink_2.jpg
E2088_Pink_3.jpg,E2088,https://ecomm-milano-images.s3.amazonaws.com/E2088_Pink_3.jpg
E2088_Wine_1.jpg,E2088,https://ecomm-milano-images.s3.amazonaws.com/E2088_Wine_1.jpg
E2088_Wine_2.jpg,E2088,https://ecomm-milano-images.s3.amazonaws.com/E2088_Wine_2.jpg
E2096_White-Black_1.jpg,E2096,https://ecomm-milano-images.s3.amazonaws.com/E2096_White-Black_1.jpg
E2096_White-Black_2.jpg,E2096,https://ecomm-milano-images.s3.amazonaws.com/E2096_White-Black_2.jpg
E2096_White-Black_3.jpg,E2096,https://ecomm-milano-images.s3.amazonaws.com/E2096_White-Black_3.jpg
E2097_Mint_1.jpg,E2097,https://ecomm-milano-images.s3.amazonaws.com/E2097_Mint_1.jpg
E2097_Mint_2.jpg,E2097,https://ecomm-milano-images.s3.amazonaws.com/E2097_Mint_2.jpg
E2100_Midnight_1.jpg,E2100,https://ecomm-milano-images.s3.amazonaws.com/E2100_Midnight_1.jpg
E2101_Wine_1.jpg,E2101,https://ecomm-milano-images.s3.amazonaws.com/E2101_Wine_1.jpg
E2102_Black_1.jpg,E2102,https://ecomm-milano-images.s3.amazonaws.com/E2102_Black_1.jpg
E2102_Black_2.jpg,E2102,https://ecomm-milano-images.s3.amazonaws.com/E2102_Black_2.jpg
E2104_Black_1.jpg,E2104,https://ecomm-milano-images.s3.amazonaws.com/E2104_Black_1.jpg
E2104_Black_2.jpg,E2104,https://ecomm-milano-images.s3.amazonaws.com/E2104_Black_2.jpg
E2107_Navy_1.jpg,E2107,https://ecomm-milano-images.s3.amazonaws.com/E2107_Navy_1.jpg
E2109_Red_1.jpg,E2109,https://ecomm-milano-images.s3.amazonaws.com/E2109_Red_1.jpg
E2110_Black_1.jpg,E2110,https://ecomm-milano-images.s3.amazonaws.com/E2110_Black_1.jpg
E2110_Black_2.jpg,E2110,https://ecomm-milano-images.s3.amazonaws.com/E2110_Black_2.jpg
E2110_Black_3.jpg,E2110,https://ecomm-milano-images.s3.amazonaws.com/E2110_Black_3.jpg
E2110_Black_4.jpg,E2110,https://ecomm-milano-images.s3.amazonaws.com/E2110_Black_4.jpg
E2110_Black_5.jpg,E2110,https://ecomm-milano-images.s3.amazonaws.com/E2110_Black_5.jpg
E2114_Royal-Blue_1.jpg,E2114,https://ecomm-milano-images.s3.amazonaws.com/E2114_Royal-Blue_1.jpg
E2118_Fuschia_1.jpg,E2118,https://ecomm-milano-images.s3.amazonaws.com/E2118_Fuschia_1.jpg
E2118_Fuschia_2.jpg,E2118,https://ecomm-milano-images.s3.amazonaws.com/E2118_Fuschia_2.jpg
E2118_Fuschia_3.jpg,E2118,https://ecomm-milano-images.s3.amazonaws.com/E2118_Fuschia_3.jpg
E2118_Fuschia_4.jpg,E2118,https://ecomm-milano-images.s3.amazonaws.com/E2118_Fuschia_4.jpg
E2121_Midnight_1.jpg,E2121,https://ecomm-milano-images.s3.amazonaws.com/E2121_Midnight_1.jpg
E2125_Navy_1.jpg,E2125,https://ecomm-milano-images.s3.amazonaws.com/E2125_Navy_1.jpg
E2136_Navy_1.jpg,E2136,https://ecomm-milano-images.s3.amazonaws.com/E2136_Navy_1.jpg
E2136_Navy_2.jpg,E2136,https://ecomm-milano-images.s3.amazonaws.com/E2136_Navy_2.jpg
E2144_Mint_1.jpg,E2144,https://ecomm-milano-images.s3.amazonaws.com/E2144_Mint_1.jpg
E2150_Black_1.jpg,E2150,https://ecomm-milano-images.s3.amazonaws.com/E2150_Black_1.jpg
E2150_Black_2.jpg,E2150,https://ecomm-milano-images.s3.amazonaws.com/E2150_Black_2.jpg
E2152_Red_1.jpg,E2152,https://ecomm-milano-images.s3.amazonaws.com/E2152_Red_1.jpg
E2158_Gold_1.jpg,E2158,https://ecomm-milano-images.s3.amazonaws.com/E2158_Gold_1.jpg
E2158_Ivory_1.jpg,E2158,https://ecomm-milano-images.s3.amazonaws.com/E2158_Ivory_1.jpg
E2160_White-Print_1.jpg,E2160,https://ecomm-milano-images.s3.amazonaws.com/E2160_White-Print_1.jpg
E2161_Red_1.jpg,E2161,https://ecomm-milano-images.s3.amazonaws.com/E2161_Red_1.jpg
E2162_Rainbow_1.jpg,E2162,https://ecomm-milano-images.s3.amazonaws.com/E2162_Rainbow_1.jpg
E2165_Fuchsia_1.jpg,E2165,https://ecomm-milano-images.s3.amazonaws.com/E2165_Fuchsia_1.jpg
E2171_Sky-Blue_1.jpg,E2171,https://ecomm-milano-images.s3.amazonaws.com/E2171_Sky-Blue_1.jpg
E2182_Navy_1.jpg,E2182,https://ecomm-milano-images.s3.amazonaws.com/E2182_Navy_1.jpg
E2204_Black_1.jpg,E2204,https://ecomm-milano-images.s3.amazonaws.com/E2204_Black_1.jpg
E2204_Black_2.jpg,E2204,https://ecomm-milano-images.s3.amazonaws.com/E2204_Black_2.jpg
E2210_Silver_1.jpg,E2210,https://ecomm-milano-images.s3.amazonaws.com/E2210_Silver_1.jpg
E2210_Silver_2.jpg,E2210,https://ecomm-milano-images.s3.amazonaws.com/E2210_Silver_2.jpg
E2213_Navy_1.jpg,E2213,https://ecomm-milano-images.s3.amazonaws.com/E2213_Navy_1.jpg
E2213_Navy_2.jpg,E2213,https://ecomm-milano-images.s3.amazonaws.com/E2213_Navy_2.jpg
E2213_Navy_3.jpg,E2213,https://ecomm-milano-images.s3.amazonaws.com/E2213_Navy_3.jpg
E2213_Navy_4.jpg,E2213,https://ecomm-milano-images.s3.amazonaws.com/E2213_Navy_4.jpg
E2213_Navy_5.jpg,E2213,https://ecomm-milano-images.s3.amazonaws.com/E2213_Navy_5.jpg
E2213_Navy_6.jpg,E2213,https://ecomm-milano-images.s3.amazonaws.com/E2213_Navy_6.jpg
E2225_Black-Green_3.jpg,E2225,https://ecomm-milano-images.s3.amazonaws.com/E2225_Black-Green_3.jpg
E2225_Black-Green_4.jpg,E2225,https://ecomm-milano-images.s3.amazonaws.com/E2225_Black-Green_4.jpg
E2225_Black-Green_5.jpg,E2225,https://ecomm-milano-images.s3.amazonaws.com/E2225_Black-Green_5.jpg
E2225_Black-Green_6.jpg,E2225,https://ecomm-milano-images.s3.amazonaws.com/E2225_Black-Green_6.jpg
E2227_Fuschia_1.jpg,E2227,https://ecomm-milano-images.s3.amazonaws.com/E2227_Fuschia_1.jpg
E2227_Fuschia_2.jpg,E2227,https://ecomm-milano-images.s3.amazonaws.com/E2227_Fuschia_2.jpg
E2229_Ivory_1.jpg,E2229,https://ecomm-milano-images.s3.amazonaws.com/E2229_Ivory_1.jpg
E2229_Ivory_2.jpg,E2229,https://ecomm-milano-images.s3.amazonaws.com/E2229_Ivory_2.jpg
E2229_Ivory_4.jpg,E2229,https://ecomm-milano-images.s3.amazonaws.com/E2229_Ivory_4.jpg
E2231_Blue_1.jpg,E2231,https://ecomm-milano-images.s3.amazonaws.com/E2231_Blue_1.jpg
E2231_Blue_2.jpg,E2231,https://ecomm-milano-images.s3.amazonaws.com/E2231_Blue_2.jpg
E2231_Blue_3.jpg,E2231,https://ecomm-milano-images.s3.amazonaws.com/E2231_Blue_3.jpg
E2233_Gold_1.jpg,E2233,https://ecomm-milano-images.s3.amazonaws.com/E2233_Gold_1.jpg
E2241_Black_1.jpg,E2241,https://ecomm-milano-images.s3.amazonaws.com/E2241_Black_1.jpg
E2241_Black_2.jpg,E2241,https://ecomm-milano-images.s3.amazonaws.com/E2241_Black_2.jpg
E2241_Ivory_1.jpg,E2241,https://ecomm-milano-images.s3.amazonaws.com/E2241_Ivory_1.jpg
E2241_Ivory_2.jpg,E2241,https://ecomm-milano-images.s3.amazonaws.com/E2241_Ivory_2.jpg
E2243_Black-Red_1.jpg,E2243,https://ecomm-milano-images.s3.amazonaws.com/E2243_Black-Red_1.jpg
E2243_Black-Red_2.jpg,E2243,https://ecomm-milano-images.s3.amazonaws.com/E2243_Black-Red_2.jpg
E2243_Black-Red_3.jpg,E2243,https://ecomm-milano-images.s3.amazonaws.com/E2243_Black-Red_3.jpg
E2243_Black-Red_4.jpg,E2243,https://ecomm-milano-images.s3.amazonaws.com/E2243_Black-Red_4.jpg
E2244_Black_1.jpg,E2244,https://ecomm-milano-images.s3.amazonaws.com/E2244_Black_1.jpg
E2244_Black_2.jpg,E2244,https://ecomm-milano-images.s3.amazonaws.com/E2244_Black_2.jpg
E2245_Black-Green_1.jpg,E2245,https://ecomm-milano-images.s3.amazonaws.com/E2245_Black-Green_1.jpg
E2245_Black-Green_2.jpg,E2245,https://ecomm-milano-images.s3.amazonaws.com/E2245_Black-Green_2.jpg
E2251_Biscotti_1.jpg,E2251,https://ecomm-milano-images.s3.amazonaws.com/E2251_Biscotti_1.jpg
E2251_Biscotti_2.jpg,E2251,https://ecomm-milano-images.s3.amazonaws.com/E2251_Biscotti_2.jpg
E2251_Biscotti_3.jpg,E2251,https://ecomm-milano-images.s3.amazonaws.com/E2251_Biscotti_3.jpg
E2251_Biscotti_4.jpg,E2251,https://ecomm-milano-images.s3.amazonaws.com/E2251_Biscotti_4.jpg
E2252_Purple_1.jpg,E2252,https://ecomm-milano-images.s3.amazonaws.com/E2252_Purple_1.jpg
E2252_Purple_2.jpg,E2252,https://ecomm-milano-images.s3.amazonaws.com/E2252_Purple_2.jpg
E2252_Purple_3.jpg,E2252,https://ecomm-milano-images.s3.amazonaws.com/E2252_Purple_3.jpg
E2253_Red_1.jpg,E2253,https://ecomm-milano-images.s3.amazonaws.com/E2253_Red_1.jpg
E2253_Red_2.jpg,E2253,https://ecomm-milano-images.s3.amazonaws.com/E2253_Red_2.jpg
E2253_Red_3.jpg,E2253,https://ecomm-milano-images.s3.amazonaws.com/E2253_Red_3.jpg
E2253_Red_4.jpg,E2253,https://ecomm-milano-images.s3.amazonaws.com/E2253_Red_4.jpg
E2253_Red_5.jpg,E2253,https://ecomm-milano-images.s3.amazonaws.com/E2253_Red_5.jpg
E2254_Navy_1.jpg,E2254,https://ecomm-milano-images.s3.amazonaws.com/E2254_Navy_1.jpg
E2254_Navy_2.jpg,E2254,https://ecomm-milano-images.s3.amazonaws.com/E2254_Navy_2.jpg
E2255_Fuschia_1.jpg,E2255,https://ecomm-milano-images.s3.amazonaws.com/E2255_Fuschia_1.jpg
E2255_Fuschia_2.jpg,E2255,https://ecomm-milano-images.s3.amazonaws.com/E2255_Fuschia_2.jpg
E2255_Fuschia_3.jpg,E2255,https://ecomm-milano-images.s3.amazonaws.com/E2255_Fuschia_3.jpg
E2255_Fuschia_4.jpg,E2255,https://ecomm-milano-images.s3.amazonaws.com/E2255_Fuschia_4.jpg
E2255_Fuschia_5.jpg,E2255,https://ecomm-milano-images.s3.amazonaws.com/E2255_Fuschia_5.jpg
E2255_Fuschia_6.jpg,E2255,https://ecomm-milano-images.s3.amazonaws.com/E2255_Fuschia_6.jpg
E2255_Fuschia_7.jpg,E2255,https://ecomm-milano-images.s3.amazonaws.com/E2255_Fuschia_7.jpg
E2255_Fuschia_8.jpg,E2255,https://ecomm-milano-images.s3.amazonaws.com/E2255_Fuschia_8.jpg
E2256_Royal_1.jpg,E2256,https://ecomm-milano-images.s3.amazonaws.com/E2256_Royal_1.jpg
E2256_Royal_2.jpg,E2256,https://ecomm-milano-images.s3.amazonaws.com/E2256_Royal_2.jpg
E2257_Burgundy_1.jpg,E2257,https://ecomm-milano-images.s3.amazonaws.com/E2257_Burgundy_1.jpg
E2257_Burgundy_2.jpg,E2257,https://ecomm-milano-images.s3.amazonaws.com/E2257_Burgundy_2.jpg
E2257_Burgundy_3.jpg,E2257,https://ecomm-milano-images.s3.amazonaws.com/E2257_Burgundy_3.jpg
E2257_Burgundy_4.jpg,E2257,https://ecomm-milano-images.s3.amazonaws.com/E2257_Burgundy_4.jpg
E2257_Burgundy_5.jpg,E2257,https://ecomm-milano-images.s3.amazonaws.com/E2257_Burgundy_5.jpg
E2258_Charcoal_1.jpg,E2258,https://ecomm-milano-images.s3.amazonaws.com/E2258_Charcoal_1.jpg
E2258_Charcoal_2.jpg,E2258,https://ecomm-milano-images.s3.amazonaws.com/E2258_Charcoal_2.jpg
E2258_Charcoal_3.jpg,E2258,https://ecomm-milano-images.s3.amazonaws.com/E2258_Charcoal_3.jpg
E2259_Wine_1.jpg,E2259,https://ecomm-milano-images.s3.amazonaws.com/E2259_Wine_1.jpg
E2259_Wine_2.jpg,E2259,https://ecomm-milano-images.s3.amazonaws.com/E2259_Wine_2.jpg
E2259_Wine_3.jpg,E2259,https://ecomm-milano-images.s3.amazonaws.com/E2259_Wine_3.jpg
E2259_Wine_4.jpg,E2259,https://ecomm-milano-images.s3.amazonaws.com/E2259_Wine_4.jpg
E2262_Black_1.jpg,E2262,https://ecomm-milano-images.s3.amazonaws.com/E2262_Black_1.jpg
E2262_Black_2.jpg,E2262,https://ecomm-milano-images.s3.amazonaws.com/E2262_Black_2.jpg
E2262_Black_3.jpg,E2262,https://ecomm-milano-images.s3.amazonaws.com/E2262_Black_3.jpg
E2267_Royal-Blue_1.jpg,E2267,https://ecomm-milano-images.s3.amazonaws.com/E2267_Royal-Blue_1.jpg
E2267_Royal-Blue_2.jpg,E2267,https://ecomm-milano-images.s3.amazonaws.com/E2267_Royal-Blue_2.jpg
E2267_Royal-Blue_3.jpg,E2267,https://ecomm-milano-images.s3.amazonaws.com/E2267_Royal-Blue_3.jpg
E2267_Royal-Blue_4.jpg,E2267,https://ecomm-milano-images.s3.amazonaws.com/E2267_Royal-Blue_4.jpg
E2269_Nude_1.jpg,E2269,https://ecomm-milano-images.s3.amazonaws.com/E2269_Nude_1.jpg
E2269_Nude_2.jpg,E2269,https://ecomm-milano-images.s3.amazonaws.com/E2269_Nude_2.jpg
E2269_Nude_3.jpg,E2269,https://ecomm-milano-images.s3.amazonaws.com/E2269_Nude_3.jpg
E2275_Royal_1.jpg,E2275,https://ecomm-milano-images.s3.amazonaws.com/E2275_Royal_1.jpg
E2276_Gold_1.jpg,E2276,https://ecomm-milano-images.s3.amazonaws.com/E2276_Gold_1.jpg
E2276_Gold_2.jpg,E2276,https://ecomm-milano-images.s3.amazonaws.com/E2276_Gold_2.jpg
E2276_Gold_3.jpg,E2276,https://ecomm-milano-images.s3.amazonaws.com/E2276_Gold_3.jpg
E2279_Burgundy_1.jpg,E2279,https://ecomm-milano-images.s3.amazonaws.com/E2279_Burgundy_1.jpg
E2279_Burgundy_2.jpg,E2279,https://ecomm-milano-images.s3.amazonaws.com/E2279_Burgundy_2.jpg
E2280_Pink_1.jpg,E2280,https://ecomm-milano-images.s3.amazonaws.com/E2280_Pink_1.jpg
E2280_Pink_2.jpg,E2280,https://ecomm-milano-images.s3.amazonaws.com/E2280_Pink_2.jpg
E2280_Pink_3.jpg,E2280,https://ecomm-milano-images.s3.amazonaws.com/E2280_Pink_3.jpg
E2280_Pink_4.jpg,E2280,https://ecomm-milano-images.s3.amazonaws.com/E2280_Pink_4.jpg
E2281_Purple_1.jpg,E2281,https://ecomm-milano-images.s3.amazonaws.com/E2281_Purple_1.jpg
E2281_Purple_2.jpg,E2281,https://ecomm-milano-images.s3.amazonaws.com/E2281_Purple_2.jpg
E2281_Purple_3.jpg,E2281,https://ecomm-milano-images.s3.amazonaws.com/E2281_Purple_3.jpg
E2282_Yellow_1.jpg,E2282,https://ecomm-milano-images.s3.amazonaws.com/E2282_Yellow_1.jpg
E2282_Yellow_2.jpg,E2282,https://ecomm-milano-images.s3.amazonaws.com/E2282_Yellow_2.jpg
E2287_Coral_1.jpg,E2287,https://ecomm-milano-images.s3.amazonaws.com/E2287_Coral_1.jpg
E2287_Coral_2.jpg,E2287,https://ecomm-milano-images.s3.amazonaws.com/E2287_Coral_2.jpg
E2289_Lavneder_1.jpg,E2289,https://ecomm-milano-images.s3.amazonaws.com/E2289_Lavneder_1.jpg
E2291_Black-Gold_1.jpg,E2291,https://ecomm-milano-images.s3.amazonaws.com/E2291_Black-Gold_1.jpg
E2291_Black-Gold_2.jpg,E2291,https://ecomm-milano-images.s3.amazonaws.com/E2291_Black-Gold_2.jpg
E2292_Red_1.jpg,E2292,https://ecomm-milano-images.s3.amazonaws.com/E2292_Red_1.jpg
E2292_Red_2.jpg,E2292,https://ecomm-milano-images.s3.amazonaws.com/E2292_Red_2.jpg
E2296_Green-Purple_1.jpg,E2296,https://ecomm-milano-images.s3.amazonaws.com/E2296_Green-Purple_1.jpg
E2296_Green-Purple_2.jpg,E2296,https://ecomm-milano-images.s3.amazonaws.com/E2296_Green-Purple_2.jpg
E2317_Navy_1.jpg,E2317,https://ecomm-milano-images.s3.amazonaws.com/E2317_Navy_1.jpg
E2318_Blue_1.jpg,E2318,https://ecomm-milano-images.s3.amazonaws.com/E2318_Blue_1.jpg
E2318_Blue_2.jpg,E2318,https://ecomm-milano-images.s3.amazonaws.com/E2318_Blue_2.jpg
E2320_Multi_1.jpg,E2320,https://ecomm-milano-images.s3.amazonaws.com/E2320_Multi_1.jpg
E2320_Multi_2.jpg,E2320,https://ecomm-milano-images.s3.amazonaws.com/E2320_Multi_2.jpg
E2320_Multi_3.jpg,E2320,https://ecomm-milano-images.s3.amazonaws.com/E2320_Multi_3.jpg
E2322_Blush_1.jpg,E2322,https://ecomm-milano-images.s3.amazonaws.com/E2322_Blush_1.jpg
E2322_Teal_1.jpg,E2322,https://ecomm-milano-images.s3.amazonaws.com/E2322_Teal_1.jpg
E2322_Teal_2.jpg,E2322,https://ecomm-milano-images.s3.amazonaws.com/E2322_Teal_2.jpg
E2324_Pink_1.jpg,E2324,https://ecomm-milano-images.s3.amazonaws.com/E2324_Pink_1.jpg
E2324_Pink_2.jpg,E2324,https://ecomm-milano-images.s3.amazonaws.com/E2324_Pink_2.jpg
E2324_Pink_3.jpg,E2324,https://ecomm-milano-images.s3.amazonaws.com/E2324_Pink_3.jpg
E2326_Black-Red_1.jpg,E2326,https://ecomm-milano-images.s3.amazonaws.com/E2326_Black-Red_1.jpg
E2326_Black-Red_2.jpg,E2326,https://ecomm-milano-images.s3.amazonaws.com/E2326_Black-Red_2.jpg
E2327_Black-Red_1.jpg,E2327,https://ecomm-milano-images.s3.amazonaws.com/E2327_Black-Red_1.jpg
E2327_Black-Red_2.jpg,E2327,https://ecomm-milano-images.s3.amazonaws.com/E2327_Black-Red_2.jpg
E2328_Black_1.jpg,E2328,https://ecomm-milano-images.s3.amazonaws.com/E2328_Black_1.jpg
E2328_Black_2.jpg,E2328,https://ecomm-milano-images.s3.amazonaws.com/E2328_Black_2.jpg
E2329_Black_1.jpg,E2329,https://ecomm-milano-images.s3.amazonaws.com/E2329_Black_1.jpg
E2329_Black_2.jpg,E2329,https://ecomm-milano-images.s3.amazonaws.com/E2329_Black_2.jpg
E2331_Red_1.jpg,E2331,https://ecomm-milano-images.s3.amazonaws.com/E2331_Red_1.jpg
E2331_Red_2.jpg,E2331,https://ecomm-milano-images.s3.amazonaws.com/E2331_Red_2.jpg
E2333_Navy_1.jpg,E2333,https://ecomm-milano-images.s3.amazonaws.com/E2333_Navy_1.jpg
E2333_Navy_2.jpg,E2333,https://ecomm-milano-images.s3.amazonaws.com/E2333_Navy_2.jpg
E2334_Print_1.jpg,E2334,https://ecomm-milano-images.s3.amazonaws.com/E2334_Print_1.jpg
E2334_Print_2.jpg,E2334,https://ecomm-milano-images.s3.amazonaws.com/E2334_Print_2.jpg
E2335_Royal_1.jpg,E2335,https://ecomm-milano-images.s3.amazonaws.com/E2335_Royal_1.jpg
E2335_Royal_2.jpg,E2335,https://ecomm-milano-images.s3.amazonaws.com/E2335_Royal_2.jpg
E2335_Royal_3.jpg,E2335,https://ecomm-milano-images.s3.amazonaws.com/E2335_Royal_3.jpg
E2335_Royal_4.jpg,E2335,https://ecomm-milano-images.s3.amazonaws.com/E2335_Royal_4.jpg
E2336_Rose_1.jpg,E2336,https://ecomm-milano-images.s3.amazonaws.com/E2336_Rose_1.jpg
E2336_Rose_2.jpg,E2336,https://ecomm-milano-images.s3.amazonaws.com/E2336_Rose_2.jpg
E2340_Rose_1.jpg,E2340,https://ecomm-milano-images.s3.amazonaws.com/E2340_Rose_1.jpg
E2344_Black-Nude_1.jpg,E2344,https://ecomm-milano-images.s3.amazonaws.com/E2344_Black-Nude_1.jpg
E2346_Gold_1.jpg,E2346,https://ecomm-milano-images.s3.amazonaws.com/E2346_Gold_1.jpg
E2346_Gold_2.jpg,E2346,https://ecomm-milano-images.s3.amazonaws.com/E2346_Gold_2.jpg
E2356_Black-Print_1.jpg,E2356,https://ecomm-milano-images.s3.amazonaws.com/E2356_Black-Print_1.jpg
E2356_Black-Print_2.jpg,E2356,https://ecomm-milano-images.s3.amazonaws.com/E2356_Black-Print_2.jpg
E2360_Purple Print_2.jpg,E2360,https://ecomm-milano-images.s3.amazonaws.com/E2360_Purple Print_2.jpg
E2360_Purple-Print_1.jpg,E2360,https://ecomm-milano-images.s3.amazonaws.com/E2360_Purple-Print_1.jpg
E2360_Purple-Print_3.jpg,E2360,https://ecomm-milano-images.s3.amazonaws.com/E2360_Purple-Print_3.jpg
E2366_Black-Gold_1.jpg,E2366,https://ecomm-milano-images.s3.amazonaws.com/E2366_Black-Gold_1.jpg
E2385_Black-Gold_1.jpg,E2385,https://ecomm-milano-images.s3.amazonaws.com/E2385_Black-Gold_1.jpg
E2385_Black-Gold_2.jpg,E2385,https://ecomm-milano-images.s3.amazonaws.com/E2385_Black-Gold_2.jpg
E2385_Black-Gold_3.jpg,E2385,https://ecomm-milano-images.s3.amazonaws.com/E2385_Black-Gold_3.jpg
E2388_Black-Green_1.jpg,E2388,https://ecomm-milano-images.s3.amazonaws.com/E2388_Black-Green_1.jpg
E2388_Black-Green_2.jpg,E2388,https://ecomm-milano-images.s3.amazonaws.com/E2388_Black-Green_2.jpg
E2388_Black-Green_3.jpg,E2388,https://ecomm-milano-images.s3.amazonaws.com/E2388_Black-Green_3.jpg
E2388_Black-Green_4.jpg,E2388,https://ecomm-milano-images.s3.amazonaws.com/E2388_Black-Green_4.jpg
E2388_Black-Green_5.jpg,E2388,https://ecomm-milano-images.s3.amazonaws.com/E2388_Black-Green_5.jpg
E2389_Purple_1.jpg,E2389,https://ecomm-milano-images.s3.amazonaws.com/E2389_Purple_1.jpg
E2394_Ivory-Print_1.jpg,E2394,https://ecomm-milano-images.s3.amazonaws.com/E2394_Ivory-Print_1.jpg
E2395_Red_1.jpg,E2395,https://ecomm-milano-images.s3.amazonaws.com/E2395_Red_1.jpg
E2395_Red_2.jpg,E2395,https://ecomm-milano-images.s3.amazonaws.com/E2395_Red_2.jpg
E2403_Silver_1.jpg,E2403,https://ecomm-milano-images.s3.amazonaws.com/E2403_Silver_1.jpg
E2403_Silver_2.jpg,E2403,https://ecomm-milano-images.s3.amazonaws.com/E2403_Silver_2.jpg
E2403_Silver_3.jpg,E2403,https://ecomm-milano-images.s3.amazonaws.com/E2403_Silver_3.jpg
E2403_Silver_4.jpg,E2403,https://ecomm-milano-images.s3.amazonaws.com/E2403_Silver_4.jpg
E2405_Black_1.jpg,E2405,https://ecomm-milano-images.s3.amazonaws.com/E2405_Black_1.jpg
E2410_Nude_1.jpg,E2410,https://ecomm-milano-images.s3.amazonaws.com/E2410_Nude_1.jpg
E2410_Nude_2.jpg,E2410,https://ecomm-milano-images.s3.amazonaws.com/E2410_Nude_2.jpg
E2410_Nude_4.jpg,E2410,https://ecomm-milano-images.s3.amazonaws.com/E2410_Nude_4.jpg
E2426_Navy_1.jpg,E2426,https://ecomm-milano-images.s3.amazonaws.com/E2426_Navy_1.jpg
E2428_Navy_1.jpg,E2428,https://ecomm-milano-images.s3.amazonaws.com/E2428_Navy_1.jpg
E2430_Silver-blue_1.jpg,E2430,https://ecomm-milano-images.s3.amazonaws.com/E2430_Silver-blue_1.jpg
E2430_Silver-blue_2.jpg,E2430,https://ecomm-milano-images.s3.amazonaws.com/E2430_Silver-blue_2.jpg
E2431_Red_1.jpg,E2431,https://ecomm-milano-images.s3.amazonaws.com/E2431_Red_1.jpg
E2431_Red_2.jpg,E2431,https://ecomm-milano-images.s3.amazonaws.com/E2431_Red_2.jpg
E2431_Red_3.jpg,E2431,https://ecomm-milano-images.s3.amazonaws.com/E2431_Red_3.jpg
E2431_Red_4.jpg,E2431,https://ecomm-milano-images.s3.amazonaws.com/E2431_Red_4.jpg
E2433_Black-Print_1.jpg,E2433,https://ecomm-milano-images.s3.amazonaws.com/E2433_Black-Print_1.jpg
E2433_Black-Print_3.jpg,E2433,https://ecomm-milano-images.s3.amazonaws.com/E2433_Black-Print_3.jpg
E2434_Red-Print_1.jpg,E2434,https://ecomm-milano-images.s3.amazonaws.com/E2434_Red-Print_1.jpg
E2434_Red-Print_3.jpg,E2434,https://ecomm-milano-images.s3.amazonaws.com/E2434_Red-Print_3.jpg
E2434_Red-Print_5.jpg,E2434,https://ecomm-milano-images.s3.amazonaws.com/E2434_Red-Print_5.jpg
E2436_Black-print_1.jpg,E2436,https://ecomm-milano-images.s3.amazonaws.com/E2436_Black-print_1.jpg
E2436_Black-print_2.jpg,E2436,https://ecomm-milano-images.s3.amazonaws.com/E2436_Black-print_2.jpg
E2437_Navy-Print_1.jpg,E2437,https://ecomm-milano-images.s3.amazonaws.com/E2437_Navy-Print_1.jpg
E2448_Apricot_1.jpg,E2448,https://ecomm-milano-images.s3.amazonaws.com/E2448_Apricot_1.jpg
E2448_Apricot_2.jpg,E2448,https://ecomm-milano-images.s3.amazonaws.com/E2448_Apricot_2.jpg
E2449_Green_1.jpg,E2449,https://ecomm-milano-images.s3.amazonaws.com/E2449_Green_1.jpg
E2460_Black_1.jpg,E2460,https://ecomm-milano-images.s3.amazonaws.com/E2460_Black_1.jpg
E2460_Black_2.jpg,E2460,https://ecomm-milano-images.s3.amazonaws.com/E2460_Black_2.jpg
E2460_Black_3.jpg,E2460,https://ecomm-milano-images.s3.amazonaws.com/E2460_Black_3.jpg
E2460_Black_4.jpg,E2460,https://ecomm-milano-images.s3.amazonaws.com/E2460_Black_4.jpg
E2493_Lavender_1.jpg,E2493,https://ecomm-milano-images.s3.amazonaws.com/E2493_Lavender_1.jpg
E2498_Blue_1.jpg,E2498,https://ecomm-milano-images.s3.amazonaws.com/E2498_Blue_1.jpg
E2500_Blush_1.jpg,E2500,https://ecomm-milano-images.s3.amazonaws.com/E2500_Blush_1.jpg
E2509_Red_1.jpg,E2509,https://ecomm-milano-images.s3.amazonaws.com/E2509_Red_1.jpg
E2510_Ivory_1.jpg,E2510,https://ecomm-milano-images.s3.amazonaws.com/E2510_Ivory_1.jpg
E2510_Ivory_2.jpg,E2510,https://ecomm-milano-images.s3.amazonaws.com/E2510_Ivory_2.jpg
E2510_Ivory_3.jpg,E2510,https://ecomm-milano-images.s3.amazonaws.com/E2510_Ivory_3.jpg
E2510_Ivory_4.jpg,E2510,https://ecomm-milano-images.s3.amazonaws.com/E2510_Ivory_4.jpg
E2511_Blue_1.jpg,E2511,https://ecomm-milano-images.s3.amazonaws.com/E2511_Blue_1.jpg
E2513_Red_1.jpg,E2513,https://ecomm-milano-images.s3.amazonaws.com/E2513_Red_1.jpg
E2514_Emerald_1.jpg,E2514,https://ecomm-milano-images.s3.amazonaws.com/E2514_Emerald_1.jpg
E2517_Champagne_1.jpg,E2517,https://ecomm-milano-images.s3.amazonaws.com/E2517_Champagne_1.jpg
E2526_Green_1.jpg,E2526,https://ecomm-milano-images.s3.amazonaws.com/E2526_Green_1.jpg
E2527_Black_1.jpg,E2527,https://ecomm-milano-images.s3.amazonaws.com/E2527_Black_1.jpg
E2531_Royal_1.jpg,E2531,https://ecomm-milano-images.s3.amazonaws.com/E2531_Royal_1.jpg
E2532_Print_1.jpg,E2532,https://ecomm-milano-images.s3.amazonaws.com/E2532_Print_1.jpg
E2534_Navy_1.jpg,E2534,https://ecomm-milano-images.s3.amazonaws.com/E2534_Navy_1.jpg
E2534_Navy_2.jpg,E2534,https://ecomm-milano-images.s3.amazonaws.com/E2534_Navy_2.jpg
E2535_Burgundy_1.jpg,E2535,https://ecomm-milano-images.s3.amazonaws.com/E2535_Burgundy_1.jpg
E2537_Ivory_1.jpg,E2537,https://ecomm-milano-images.s3.amazonaws.com/E2537_Ivory_1.jpg
E2537_Ivory_2.jpg,E2537,https://ecomm-milano-images.s3.amazonaws.com/E2537_Ivory_2.jpg
E2540_Teal_1.jpg,E2540,https://ecomm-milano-images.s3.amazonaws.com/E2540_Teal_1.jpg
E2543_Black_1.jpg,E2543,https://ecomm-milano-images.s3.amazonaws.com/E2543_Black_1.jpg
E2544_Red_1.jpg,E2544,https://ecomm-milano-images.s3.amazonaws.com/E2544_Red_1.jpg
E2545_Green_1.jpg,E2545,https://ecomm-milano-images.s3.amazonaws.com/E2545_Green_1.jpg
E2547_Royal_1.jpg,E2547,https://ecomm-milano-images.s3.amazonaws.com/E2547_Royal_1.jpg
E2549_Black Green_1.jpg,E2549,https://ecomm-milano-images.s3.amazonaws.com/E2549_Black Green_1.jpg
E2550_Red_1.jpg,E2550,https://ecomm-milano-images.s3.amazonaws.com/E2550_Red_1.jpg
E2551_Red_1.jpg,E2551,https://ecomm-milano-images.s3.amazonaws.com/E2551_Red_1.jpg
E2553_Red_1.jpg,E2553,https://ecomm-milano-images.s3.amazonaws.com/E2553_Red_1.jpg
E2554_Gold_1.jpg,E2554,https://ecomm-milano-images.s3.amazonaws.com/E2554_Gold_1.jpg
E2568_Aqua_1.jpg,E2568,https://ecomm-milano-images.s3.amazonaws.com/E2568_Aqua_1.jpg
E2570_Burgundy_1.jpg,E2570,https://ecomm-milano-images.s3.amazonaws.com/E2570_Burgundy_1.jpg
E2572_Black_1.jpg,E2572,https://ecomm-milano-images.s3.amazonaws.com/E2572_Black_1.jpg
E2574_Black_1.jpg,E2574,https://ecomm-milano-images.s3.amazonaws.com/E2574_Black_1.jpg
E2589_Black_1.jpg,E2589,https://ecomm-milano-images.s3.amazonaws.com/E2589_Black_1.jpg
E2590_Rose_1.jpg,E2590,https://ecomm-milano-images.s3.amazonaws.com/E2590_Rose_1.jpg
E2593_Navy_1.jpg,E2593,https://ecomm-milano-images.s3.amazonaws.com/E2593_Navy_1.jpg
E2613_Mauve_1.jpg,E2613,https://ecomm-milano-images.s3.amazonaws.com/E2613_Mauve_1.jpg
E2614_Navy Blue_1.jpg,E2614,https://ecomm-milano-images.s3.amazonaws.com/E2614_Navy Blue_1.jpg
E2615_Claret_1.jpg,E2615,https://ecomm-milano-images.s3.amazonaws.com/E2615_Claret_1.jpg
E2701_Rose_1.jpg,E2701,https://ecomm-milano-images.s3.amazonaws.com/E2701_Rose_1.jpg
E2705_Gold_1.jpg,E2705,https://ecomm-milano-images.s3.amazonaws.com/E2705_Gold_1.jpg
E2708_Navy_1.jpg,E2708,https://ecomm-milano-images.s3.amazonaws.com/E2708_Navy_1.jpg
E2752_Green_1.jpg,E2752,https://ecomm-milano-images.s3.amazonaws.com/E2752_Green_1.jpg
E2753_Turquoise_1.jpg,E2753,https://ecomm-milano-images.s3.amazonaws.com/E2753_Turquoise_1.jpg
E2754_Navy_1.jpg,E2754,https://ecomm-milano-images.s3.amazonaws.com/E2754_Navy_1.jpg
E2764_Royal_1.jpg,E2764,https://ecomm-milano-images.s3.amazonaws.com/E2764_Royal_1.jpg
E2767_Wine_1.jpg,E2767,https://ecomm-milano-images.s3.amazonaws.com/E2767_Wine_1.jpg
E2768_Navy_1.jpg,E2768,https://ecomm-milano-images.s3.amazonaws.com/E2768_Navy_1.jpg
E2769_Royal_1.jpg,E2769,https://ecomm-milano-images.s3.amazonaws.com/E2769_Royal_1.jpg
E2770_Red_1.jpg,E2770,https://ecomm-milano-images.s3.amazonaws.com/E2770_Red_1.jpg
E2773_Light-Gold_1.jpg,E2773,https://ecomm-milano-images.s3.amazonaws.com/E2773_Light-Gold_1.jpg
E2774_Black_1.jpg,E2774,https://ecomm-milano-images.s3.amazonaws.com/E2774_Black_1.jpg
E2785_Gold_1.jpg,E2785,https://ecomm-milano-images.s3.amazonaws.com/E2785_Gold_1.jpg
E2786_Purple_1.jpg,E2786,https://ecomm-milano-images.s3.amazonaws.com/E2786_Purple_1.jpg
F1116_Silver_1.jpg,F1116,https://ecomm-milano-images.s3.amazonaws.com/F1116_Silver_1.jpg
F1116_Silver_2.jpg,F1116,https://ecomm-milano-images.s3.amazonaws.com/F1116_Silver_2.jpg
F1116_Silver_3.jpg,F1116,https://ecomm-milano-images.s3.amazonaws.com/F1116_Silver_3.jpg
F570_Skyblue_1.jpg,F570,https://ecomm-milano-images.s3.amazonaws.com/F570_Skyblue_1.jpg
F570_Skyblue_2.jpg,F570,https://ecomm-milano-images.s3.amazonaws.com/F570_Skyblue_2.jpg
F570_Teal_1.jpg,F570,https://ecomm-milano-images.s3.amazonaws.com/F570_Teal_1.jpg
