CODE,COLOR,PHOTO
4386,BLACK,NO
42113,APRICOT,NO
42113,PINK,NO
AA219,WHITE,YES
AA219,IVORY,
AA221,WHITE,
AA222,WHITE-IVORY,
AA222,WHITE,
AA222,IVORY,
AA226,WHITE,
AA229,WHITE-NUDE,
AA233,WHITE-IVORY,
AA9254,WHITE,
AA9254,IVORY,
AA9256,WHITE,
AA9256,IVORY,
AA9257,WHITE,
AA9257,IVORY,
AA9257,WHITE-IVORY,
AA9270,WHITE-BURGUNDY,
AA9270,WHITE-NAVY,
AA9270,WHITE,
AA9270,WHITE-IVORY,
AA9270,BURGUNDY,
AA9270,WHITE-RED,
AA9270,APPLE-RED,
AA9270,IVORY,
AA9270,LAVENDER,
AA9271,WHITE,
AA9271,IVORY,
AA9271,IVORY-CHAMPAGNE,
AA9298,WHITE-IVORY,
AA9298,WHITE,
AA9301,WHITE,
AA9301,WHITE-IVORY,
AA9304,WHITE,
AA9306,CHAMPAGNE-IVORY,
AA9306,IVORY,
AA9307,WHITE,
AA9307,IVORY,
AA9308,WHITE,
AA9308,IVORY,
AA9309,WHITE,
AA9309,IVORY,
AA9310,IVORY,
AA9310,WHITE,
AA9312,WHITE,
AA9312,BURGUNDY,
AA9312,IVORY,
AA9313,IVORY,
AA9313,WHITE,
AA9314,IVORY,
AA9314,WHITE,
AA9315,WHITE,
AA9315,IVORY,
AA9315,WHITE-IVORY,
AA9316,IVORY,
AA9316,WHITE,
AA9317,WHITE,
AA9317,IVORY,
AA9318,IVORY,
AA9318,,
AA9318,WHITE,
AA9319,WHITE,
AA9319,IVORY,
AA9320,WHITE,
AA9321,IVORY,
AA9322,WHITE,
AA9322,IVORY,
AA9326,,
AA9326,WHITE,
AA9327,WHITE,
AA9327,IVORY,
AA9329,IVORY,
AA9329,WHITE,
AA9330,IVORY,
AA9330,WHITE,
AA9331,IVORY,
AA9331,WHITE,
AA9332,WHITE,
AA9332,OFF-WHITE,
AA9335,WHITE,
AA9336,WHITE,
AA9346,IVORY,
AA9349,WHITE,
AA9349,IVORY,
B1194,SKY-BLUE,
B8320,ORANGE,
B8401,SKY-BLUE,
B8401,SKYBLUE,
B8468,BLACK,
B8472,SAGE,
B8486,BLACK,
B8486,BLACK-FUCHSIA,
B8486,BLACK-LILAC,
B8486,BLACK-LIME,
B8486,BLACKFUCHSIA,
B8486,BLOCK-LILAC,
B8506,PINK,
B8588,PINK,
B8588,SKYBLUE-BLACK,
B8588,SKY-BLUE,
B8588,FUCHSIA,
B8608,SKY-BLUE,
B8608,LILAC,
B8608,PINK,
B8621,BLACK-SKYBLUE,
B8621,BLACK-LILAC,
B8622,LILAC,
B8654,FUCHSIA,
B8660,MELON,
B8661,ORANGE,
B8667,YELLOW,
B8691,MELON,
B8716,FUCHSIA,
B8716,FUCSHIA,
B8749,GREEN,
B8751,BROWN,
B8808,IVORY-NAVY,
B8808,IVORY,
B8808,IVORY-BLACK,
B8808,WHITE,
B8808,NAVY-IVORY,
B8808,TRUFFLE,
B8808,BLACK,
B8865,WHITE,
B8865,PURPLE,
B8865,SANGRIA,
B8865,BROWN,
B8865,CLARET,
B8865,POOL,
B8865,IVORY,
B8865,SKY-BLUE,
B8865,TRUFFLE,
B8865,SILVER,
B8865,ROYAL,
B8865,SAGE,
B8894,BROWN-CHAMPAGNE,
B8894,CHAMPAGNE-NAVY,
B8894,BROWN,
B8894,NAVY,
B8896,NAVY,
B8896,LILAC-WHITE,
B8896,SILVER,
B8896,TRUFFLE,
B8896,PURPLE-WHITE,
B8896,TRUFFLE-WHITE,
B8898,CORAL,
B8921,LIGHT-GREEN,
B8921,VIOLET,
B8921,TRUFFLE,
B8921,LIGHTGREEN,
B8940,TRUFFLE,
B8967,GREEN,
B8998,LIGHT-GREEN,
B8998,WHITE,
B8998,SANGRIA,
B8998,RED,
B8998,CLARET,
B8998,CORAL,
B8998,APPLE-RED,
B8998,POOL,
B8998,CHAMPAGNE,
B8998,ROYAL,
B8998,WINE,
B8998,TRUFFLE,
B9000,BURGUNDY,
B9000,PURPLE,
B9000,TRUFFLE,
B9000,DUSTY-PINK,
B9000,BURNT-ORANGE,
B9000,LILAC,
BD2006/741,PURPLE,
BD2006/183,MIDNIGHT-BLUE,
BD2006/200,,
BD2006/200,BLACK,
BD2006/24,BLACK,
BD2006/344,OLIVE-GREEN,
BD2006/412,BLACK,
BD2006/413,,
BD2006/502,OFF-WHITE,
BD2006/502,,
BD2006/66,BLACK,
BD2006/741,,
BD2006/792,WINE,
BD2007/09,,
BD2007/10,BEIGE,
BD2007/10,GOLD,
BD2007/101,,
BD2007/182,,
BD2007/183,BLACK-GREY,
BD2007/417,,
E1013,SUNSHINE,
E1013,SANGRIA,
E1013,TRUFFLE,
E1013,LILAC,
E1013,FUCHSIA,
E1013,CLARET,
E1013,PINK,
E1018,ORANGE,
E1022,PURPLE,
E1022,SUNSHINE,
E1022,SUNRISE,
E1024,LILAC,
E1024,BANANA,
E1024,MINT,
E1024,PERSIMMON,
E1024,TRUFFLE,
E1025,NAVY,
E1028,WHITE,
E1032,BLACK,
E1032,PISTACHIO,
E1032,SUNSHINE,
E1044,DARKCELADON,
E1064,MINT,
E1064,CHARCOAL,
E1065,PURPLE,
E1068,BURGUNDY,
E1068,KIWI,
E1068,VICTORIA-LILAC,
E1071,TRUFFLE,
E1071,PEACH-FIZZ,
E1089,PEACH,
E1089,CORAL,
E1089,SUNSHINE,
E1118,LILAC,
E1118,CORAL,
E1118,PURPLE,
E1119,CHAMPAGNE,
E1119,VICTORIA-LILAC,
E1119,BURGUNDY,
E1127,TRUFFLE,
E1127,DARK-PINK,
E1168,LILAC,
E1168,TRUFFLE,
E1168,SAGE,
E1168,BURGUNDY,
E1168,TEAL,
E1168,VICTORIA-LILAC,
E1168,RED,
E1168,NAVY,
E1194,FUCHSIA,
E1194,TEAL,
E1194,SKY-BLUE,
E1194,WHITE,
E1194,SKYBLUE,
E1194,FUSCHIA,
E1250,CORAL,
E1259,SKY-BLUE,
E1259,PINK,
E1259,WHITE,
E1259,GOLD,
E1260,JADE,
E1260,TRUFFLE,
E1260,SKY-BLUE,
E1260,CLARET,
E1260,PINK,
E1260,PURPLE,
E1264,BLACK,
E1264,CLARET,
E1264,CORAL,
E1264,TEAL,
E1264,NAVY,
E1264,LILAC,
E1264,SILVER,
E1264,ORANGE,
E1264,SAGE,
E1264,VICTORIA-LILAC,
E1265,GREEN,
E1265,BLUE,
E1265,COFFEE,
E1270,FUCHSIA,
E1270,TEAL,
E1270,POOL,
E1270,CORAL,
E1270,LILAC,
E1270,PEACH,
E1275,DARK-LILAC,
E1278,GREY,
E1285,LILAC,
E1285,FUCHSIA,
E1285,SAGE,
E1285,CAFE,
E1285,PURPLE,
E1285,PINK,
E1294,TEAL,
E1295,TEAL,
E1295,TRUFFLE,
E1295,FUCHSIA,
E1295,SAGE,
E1295,WATERMELON,
E1295,POOL,
E1303,GREY,
E1312,SUNSHINE,
E1312,CLARET,
E1312,SANGRIA,
E1312,SILVER,
E1319,PURPLE,
E1319,WHITE-BLACK,
E1322,PURPLE,
E1326,NAVY,
E1327,BLACK,
E1333,TEAL,
E1334,FUCHSIA,
E1336,PURPLE,
E1336,LILAC,
E1340,PURPLE,
E1340,APPLE-RED,
E1340,POOL,
E1340,WHITE,
E1340,BLACK,
E1340,CORAL,
E1340,RED,
E1342,FUCHSIA,
E1344,YELLOW,
E1347,BLUE,
E1348,PLATINUM,
E1354,LILAC,
E1356,TRUFFLE,
E1356,CORAL,
E1356,SKY-BLUE,
E1371,APPLERED-WHITE,
E1371,SAGE,
E1371,TRUFFLE-WHITE,
E1378,RED,
E1379,TRUFFLE,
E1379,PEACOCK,
E1379,CORAL,
E1379,NAVY,
E1379,WATERMELON,
E1379,TEAL,
E1379,SAGE,
E1381,PURPLE,
E1385,RED,
E1386,PLUM,
E1386,LILAC,
E1387,PINK,
E1387,TURQUOISE,
E1387,GREEN,
E1391,PURPLE,
E1391,CLARET,
E1391,ROYAL,
E1396,PURPLE,
E1412,BROWN,
E1412,ROYAL,
E1412,BLACK,
E1420,PURPLE,
E1420,ROYAL,
E1420,CHAMPAGNE,
E1420,SEA-BLACK,
E1421,CORAL,
E1421,GREY,
E1421,SILVER,
E1421,ROYAL,
E1422,PURPLE,
E1424,TEAL,
E1428,PURPLE,
E1436,VICTORIA,
E1436,POOL,
E1438,BLACK,
E1439,TEAL,
E1439,EMERALD,
E1439,GREY,
E1442,BLACK,
E1448,PURPLE-BLACK,
E1449,SILVER,
E1452,PURPLE,
E1463,TEAL,
E1463,CORAL,
E1463,TRUFFLE,
E1465,PURPLE,
E1467,GOLD,
E1470,PEACH,
E1470,GOLD,
E1472,ROYAL,
E1497,PURPLE,
E1502,NAVY,
E1502,CLARET,
E1502,IVORY,
E1502,RED,
E1502,POOL,
E1503,SKY-BLUE,
E1503,SKYBLUE,
E1507,WATERMELON,
E1508,NUDE,
E1510,WHITE,
E1510,WHITE-BLUE,
E1520,SANGRIA,
E1520,BURNT-ORANGE,
E1531,CORAL,
E1531,POOL,
E1531,PURPLE,
E1531,BLACK,
E1537,BLACK,
E1538,SAGE,
E1540,BLUE-PINK,
E1540,BLUEPINK,
E1544,BLACK,
E1544,RED,
E1546,BLACK,
E1546,PURPLE,
E1546,CORAL,
E1546,PEACH,
E1546,PINK,
E1552,BLACK,
E1573,BLACK,
E1573,PURPLE,
E1573,PEACH,
E1573,CORAL,
E1573,BURGUNDY,
E1573,SKY-BLUE,
E1573,ROYAL,
E1573,TEAL,
E1579,WHITE,
E1581,RED,
E1581,BLACK,
E1581,PURPLE,
E1581,CLARET,
E1582,FUCHSIA,
E1582,GREEN,
E1582,TEAL,
E1582,PURPLE,
E1582,BURGUNDY,
E1593,POOL,
E1596,PURPLE,
E1597,POOL,
E1605,PURPLE,
E1636,BLACK,
E1637,BLACK,
E1637,BLACK-NUDE,
E1657,BLACK,
E1657,TEAL,
E1657,LAVENDER,
E1663,FUCHSIA,
E1663,NAVY,
E1663,PURPLE,
E1672,SKY-BLUE,
E1672,ROYAL,
E1676,BLUE-PINK,
E1676,BLUE-FUCHSIA,
E1683,WHITE,
E1685,FUCHSIA,
E1694,TEAL,
E1696,BLACK,
E1696,TEAL,
E1696,CORAL,
E1696,ROYAL,
E1696,RED,
E1696,BLUE-PINK,
E1715,SKY-BLUE,
E1716,PURPLE,
E1729,IVORY,
E1729,MINT,
E1729,FUCHSIA,
E1729,PRINT,
E1729,PINK,
E1729,BANANA,
E1730,CHARCOAL,
E1730,BURNT-ORANGE,
E1730,BLUE,
E1730,ROYAL,
E1745,TURQUOISE-GREEN,
E1745,TURQUOISE,
E1761,RED,
E1762,PURPLE,
E1767,BLACK,
E1767,BLACK-SILVER,
E1774,POWDER-BLUE,
E1778,NAVY,
E1795,NAVY,
E1795,BISCOTTI,
E1795,IVORY,
E1796,BLACK,
E1796,BISCOTTI,
E1796,IVORY,
E1796,NAVY,
E1796,LAVENDER,
E1799,FUCHSIA,
E1799,GREEN,
E1799,TEAL,
E1799,GREY,
E1799,LILAC,
E1809,ORANGE,
E1822,IVORY,
E1822,PEACH,
E1824,POOL,
E1827,BLACK,
E1831,RED,
E1833,PURPLE-GOLD,
E1838,TEAL,
E1838,BLACK,
E1844,MINT,
E1849,BLACK,
E1852,BURGUNDY,
E1852,PINK,
E1852,CHARCOAL,
E1852,RED,
E1852,FUCHSIA,
E1861,RED,
E1868,CHAMPAGNE,
E1875,BLACK,
E1877,NAVY,
E1879,PURPLE,
E1882,ROYAL,
E1885,NAVY,
E1890,BLACK,
E1891,PURPLE,
E1892,Nudenavy,
E1892,NAVY-NUDE,
E1892,NUDE-NAVY,
E1893,BLACK,
E1895,BLACK,
E1904,BLACK,
E1907,CHARCOAL,
E1908,SKY-BLUE,
E1908,GREY,
E1909,GREY,
E1911,NAVY,
E1918,GREEN,
E1918,BOTTLE-GREEN,
E1923,NAVY,
E1930,BLACK,
E1931,NAVY,
E1937,BLACK,
E1939,TEAL,
E1940,GUNMETAL,
E1942,ROYAL,
E1946,NAVY,
E1947,ROYAL,
E1948,BLACK,
E1950,BLACK,
E1954,PLUM,
E1965,SANGRIA,
E1967,TEAL,
E1968,BLACK,
E1974,MINT,
E1978,GUNMETAL,
E1979,MIDNIGHT,
E1981,BLACK,
E1981,ROYAL,
E1982,CHARCOAL,
E1983,MINT,
E1984,,
E1986,POOL-WHITE,
E1986,POOL,
E1988,ROYAL-BLUE,
E1988,ROYAL,
E2016,ROYAL,
E2016,RED,
E2018,GREEN,
E2018,PEACOCK,
E2018,PEACOCK-GREEN,
E2019,BLUE,
E2020,POOL,
E2021,WINE,
E2023,TURQUOISE,
E2023,TIFFANY,
E2025,WINE,
E2027,WINE,
E2028,BLACK,
E2028,JET-COBALT,
E2030,FUCHSIA,
E2031,BLACK,
E2032,TEAL,
E2034,BERRY,
E2035,BLACK-GUNMETAL,
E2035,JET,
E2036,GREEN,
E2036,EMERALD,
E2039,POWDER-BLUE,
E2040,MIDNIGHT,
E2041,IVORY,
E2042,WINE,
E2042,BURGUNDY,
E2043,ROSE-QUARTZ,
E2043,CORAL,
E2046,NAVY,
E2046,ROSE,
E2046,WHITE,
E2049,PLATINUM,
E2050,BLUE-BLACK,
E2053,NAVY,
E2053,TEAL,
E2053,PEACOCK,
E2057,BLUSH,
E2059,ROYAL,
E2060,MIDNIGHT,
E2061,BLACK,
E2067,BLACK-BURGUNDY,
E2068,MIDNIGHT,
E2068,FLORAL-PRINT,
E2069,RED,
E2070,APRICOT,
E2070,PEACH,
E2072,BLACK,
E2073,BLUE,
E2074,NAVY,
E2075,MIDNIGHT,
E2076,MIDNIGHT,
E2076,NAVY,
E2076,WINE,
E2078,BURGUNDY,
E2080,BLACK,
E2080,COBALT,
E2081,NAVY,
E2082,BLACK,
E2084,BLACK,
E2085,CHARCOAL,
E2086,BROWN,
E2086,BURGUNDY,
E2086,WINE,
E2087,DIRTY-ROSE,
E2087,ROSE-QUARTZ,
E2087,ROSE,
E2088,BLACK,
E2088,WINE,
E2088,BURGUNDY,
E2088,WHITE,
E2088,DUSTY-ROSE,
E2096,WHITE-BLACK,
E2097,MINT,
E2100,MIDNIGHT,
E2101,WINE,
E2102,BLACK,
E2104,BLACK,
E2106,SKY-BLUE,
E2106,BABY-BLUE,
E2106,SKYBLUE,
E2107,LAVENDER,
E2107,NAVY,
E2109,RED,
E2110,BLACK,
E2111,MINT,
E2114,ROYAL-BLUE,
E2114,ROYAL,
E2118,FUCHSIA,
E2121,MIDNIGHT,
E2125,NAVY,
E2126,BLACK,
E2128,CHAMPAGNE,
E2136,BLACK,
E2136,NAVY,
E2144,MINT,
E2150,BLACK,
E2152,RED,
E2158,GOLD,
E2158,IVORY,
E2158,SILVER,
E2160,SKY-BLUE,
E2160,FUCHSIA,
E2160,WHITE-PRINT,
E2160,ROYAL,
E2161,RED,
E2162,RAINBOW,
E2165,FUCHSIA,
E2171,SKY-BLUE,
E2171,LIGHT-BLUE,
E2171,LIGHTBLUE,
E2171,BLUE,
E2180,WINE,
E2182,NAVY,
E2196,RED,
E2204,BLACK,
E2210,SILVER,
E2213,NAVY,
E2225,BLACK-GREEN,
E2225,BLACK,
E2227,FUCHSIA,
E2229,IVORY,
E2231,BLUE,
E2233,WHITE,
E2233,GOLD,
E2241,IVORY,
E2241,BLACK,
E2243,RED-BLACK,
E2243,BLACK-RED,
E2244,BLACK,
E2245,BLACK-GREEN,
E2251,CHARCOAL,
E2251,RED,
E2252,PURPLE,
E2253,RED,
E2253,RED-,
E2253,PRINT,
E2254,NAVY,
E2255,FUCHSIA,
E2256,ROYAL,
E2256,BLACK,
E2257,WINE,
E2258,CHARCOAL,
E2259,WINE,
E2262,BLACK,
E2267,ROYAL-BLUE,
E2269,NUDE,
E2275,ROYAL,
E2276,GOLD,
E2279,BURGUNDY,
E2280,PINK,
E2281,PURPLE,
E2282,YELLOW,
E2287,CORAL,
E2289,LAVENDER,
E2289,PURPLE,
E2291,BLACK-GOLD,
E2292,RED,
E2296,GREEN-PURPLE,
E2301,GREY,
E2317,NAVY,
E2318,BLUE,
E2320,MULTI,
E2322,BLUSH,
E2322,TEAL,
E2322,PEAL,
E2324,PINK,
E2326,BLACK-RED,
E2327,BLACK-RED,
E2328,BLACK,
E2329,BLACK,
E2331,RED,
E2333,NAVY,
E2334,PRINT,
E2335,ROYAL,
E2336,ROSE,
E2340,ROSE,
E2344,BLACK-NUDE,
E2346,GOLD,
E2356,BLACK-PRINT,
E2360,PURPLE-PRINT,
E2366,BLACK-GOLD,
E2385,BLACK-GOLD,
E2388,BLACK-GREEN,
E2389,PURPLE,
E2394,IVORY-PRINT,
E2395,RED,
E24,,
E24,POOL,
E2400,NUDE-IVORY,
E2403,SILVER,
E2403,BLACK,
E2405,BLACK,
E2410,MUD,
E2410,NUDE-IVORY,
E2426,NAVY,
E2428,NAVY,
E2430,WHITE-BLUE,
E2430,WHITE,
E2430,WHITE-BLACK,
E2431,RED,
E2433,BLACK-PRINT,
E2434,RED-PRINT,
E2436,BLACK-PRINT,
E2436,BROWN,
E2437,NAVY-PRINT,
E2448,APRICOT,
E2449,GREEN,
E2449,IVORY,
E2460,BLACK,
E2493,LAVENDER,
E2493,PEACH,
E2493,AQUA,
E2494,PINK,
E2494,SANGRIA,
E2495,PINK,
E2495,SKY-BLUE,
E2495,SKYBLUE,
E2496,PEACH,
E2496,SKY-BLUE,
E2496,SKYBLUE,
E2497,MINT,
E2497,BLUSH,
E2498,BLUSH,
E2498,BLUE,
E2498,TEAL,
E2500,BLUSH,
E2501,BLUSH,
E2501,LAVENDER,
E2501,MINT,
E2503,SKY-BLUE,
E2503,SKYBLUE,
E2509,BURGUNDY,
E2509,RED,
E2510,IVORY,
E2511,BLUE,
E2511,NAVY,
E2513,RED,
E2514,EMERALD,
E2514,CLARET,
E2514,IVORY,
E2517,CHAMPAGNE,
E2520,AQUA,
E2524,MAUVE,
E2526,GREEN,
E2527,BLACK,
E2531,ROYAL-BLUE,
E2531,ROYAL,
E2532,PRINT,
E2534,BLUE,
E2535,BURGUNDY,
E2537,IVORY,
E2540,TEAL,
E2542,CHERRY,
E2543,BLACK,
E2544,RED,
E2545,GREEN,
E2547,ROYAL,
E2547,ROYAL-BLUE,
E2547,BLACK,
E2549,BLACK-GREEN,
E2550,RED,
E2551,RED,
E2553,RED,
E2554,GOLD,
E2557,NAVY,
E2560,NAVY,
E2568,AQUA,
E2570,BURGUNDY,
E2570,SKY-BLUE,
E2572,BLACK,
E2574,BLACK,
E2578,BLACK,
E2589,BLACK,
E2590,ROSE,
E2593,NAVY,
E2599,RED,
E2600,RED,
E2600,ROYAL,
E2601,EMERALD,
E2601,NAVY,
E2602,MINT,
E2602,BLACK,
E2605,MINT,
E2610,CHAMPAGNE,
E2613,MAUVE,
E2614,NAVY,
E2615,CLARET,
E2701,ROSE,
E2705,GOLD,
E2708,NAVY,
E2708,BLACK,
E2708,BLACK-PRINT,
E2717,CHAMPAGNE,
E2752,GREEN,
E2753,TURQUOISE,
E2753,SKY-BLUE,
E2754,NAVY,
E2755,PEACH,
E2764,ROYAL,
E2767,WINE,
E2768,NAVY,
E2768,ROYAL,
E2769,ROYAL,
E2770,RED,
E2771,TEAL,
E2771,IVORY-NUDE,
E2773,LIGHT-GOLD,
E2774,BLACK,
E2774,IVORY,
E2775,ROYAL,
E2778,BLUE,
E2778,BLUSH,
E2779,PINK,
E2781,ROYAL,
E2781,RED,
E2781,YELLOW,
E2785,GOLD,
E2786,PURPLE,
E2787,NAVY,
E5105,BLACK,
F1116,LILAC,
F1116,CORAL,
F1116,BANANA,
F1116,BANANA-FLOWER,
F1116,BURGUNDY,
F1116,LAVENDER,
F1116,IVORY,
F1116,SILVER,
F1116,GOLD,
F1116,FUCHSIA,
F1116,ROYAL,
F1116,WHITE,
F1116,TRUFFLE,
F1116,BLACK,
F1116,CHAMPAGNE,
F1116,NAVY,
F1116,PURPLE,
F1116,SKY-BLUE,
F1116,POOL,
F1116,APPLE-RED,
F1116,RED,
F1116,SAGE,
F1116,PINK,
F570,CORAL,
F570,BLACK,
F570,NAVY,
F570,LILAC,
F570,LAVENDER,
F570,ROYAL-BLUE,
F570,BANANA-YELLOW,
F570,PINK,
F570,VICTORIA-LILAC,
F570,PERRI,
F570,FUCHSIA,
F570,PERIWINKLE,
F570,PEACH,
F570,SKY-BLUE,
F570,SILVER,
F570,IVORY,
F570,PURPLE,
F570,CHAMPAGNE,
F570,ROYAL,
F570,,
F570,TRUFFLE,
F570,BANANA,
F570,DARK-GREEN,
F570,MINT,
F570,SAGE,
F570,BURGUNDY,
F570,RED,
F570,GREEN,
F570,APPLE-RED,
F570,WHITE,
F570,POOL,
F570,TEAL,
F570,TURQUOISE,
,,
E2078,,
BD2007/10,,
BD2007/183,,
E1449,,
BD2006/66,,
BD2006/344,,
BD2006/24,,
E2787,,
E2282,YELLOW-BLACK,
E2201,BLACK-GOLD,
E1986,TIFFANY-POOL,
E2000,ROYAL,
E2011,BLUE-WHITE,
E1980,ROSE-WINE,
E2000,COBALT,
E2030,,
E1918,BOTTLEGREEN,
